record_id,date,shift,production_line,product,production_quantity,defective_units,scrap_units,downtime_minutes,defect_category,downtime_reason,good_units,defect_rate,scrap_rate
1,2025-01-01,Morning,Line A,Product Beta,1449,19,4,24.69,Surface Defect,Changeover,1426,0.0131,0.0028
2,2025-01-01,Afternoon,Line A,Product Beta,1381,77,23,71.99,Coating Defect,Quality Issue,1281,0.0558,0.0167
3,2025-01-01,Night,Line A,Product Delta,1380,18,2,79.26,Assembly Error,Changeover,1360,0.013,0.0014
4,2025-01-01,Morning,Line B,Product Delta,1230,47,6,78.73,Surface Defect,Quality Issue,1177,0.0382,0.0049
5,2025-01-01,Afternoon,Line B,Product Delta,1244,14,1,48.3,Assembly Error,Maintenance,1229,0.0113,0.0008
6,2025-01-01,Night,Line B,Product Gamma,1154,46,11,61.35,Assembly Error,Changeover,1097,0.0399,0.0095
7,2025-01-01,Morning,Line C,Product Delta,1061,20,4,17.53,Coating Defect,Quality Issue,1037,0.0189,0.0038
8,2025-01-01,Afternoon,Line C,Product Beta,1080,21,3,9.43,Dimensional Error,,1056,0.0194,0.0028
9,2025-01-01,Night,Line C,Product Gamma,1103,67,8,73.35,Dimensional Error,Material Shortage,1028,0.0607,0.0073
10,2025-01-02,Morning,Line A,Product Delta,1427,88,9,77.11,Dimensional Error,Maintenance,1330,0.0617,0.0063
11,2025-01-02,Afternoon,Line A,Product Alpha,1415,21,4,16.8,Coating Defect,Maintenance,1390,0.0148,0.0028
12,2025-01-02,Night,Line A,Product Delta,1361,27,4,60.07,Assembly Error,Maintenance,1330,0.0198,0.0029
13,2025-01-02,Morning,Line B,Product Gamma,1349,41,5,17.47,Coating Defect,Quality Issue,1303,0.0304,0.0037
14,2025-01-02,Afternoon,Line B,Product Alpha,1237,61,11,11.42,Assembly Error,,1165,0.0493,0.0089
15,2025-01-02,Night,Line B,Product Beta,1261,66,8,36.99,Dimensional Error,Quality Issue,1187,0.0523,0.0063
16,2025-01-02,Morning,Line C,Product Beta,1207,23,3,47.75,Dimensional Error,Mechanical Failure,1181,0.0191,0.0025
17,2025-01-02,Afternoon,Line C,Product Gamma,1127,32,6,27.11,Coating Defect,Changeover,1089,0.0284,0.0053
18,2025-01-02,Night,Line C,Product Delta,1053,22,4,39.37,Surface Defect,Quality Issue,1027,0.0209,0.0038
19,2025-01-03,Morning,Line A,Product Beta,1574,62,18,9.9,Coating Defect,,1494,0.0394,0.0114
20,2025-01-03,Afternoon,Line A,Product Delta,1450,88,26,61.07,Dimensional Error,Changeover,1336,0.0607,0.0179
21,2025-01-03,Night,Line A,Product Delta,1396,15,2,42.46,Assembly Error,Mechanical Failure,1379,0.0107,0.0014
22,2025-01-03,Morning,Line B,Product Beta,1301,32,7,58.1,Dimensional Error,Maintenance,1262,0.0246,0.0054
23,2025-01-03,Afternoon,Line B,Product Delta,1251,12,3,62.86,Coating Defect,Changeover,1236,0.0096,0.0024
24,2025-01-03,Night,Line B,Product Alpha,1264,78,17,66.86,Coating Defect,Maintenance,1169,0.0617,0.0134
25,2025-01-03,Morning,Line C,Product Beta,1088,53,5,78.54,Dimensional Error,Changeover,1030,0.0487,0.0046
26,2025-01-03,Afternoon,Line C,Product Alpha,1113,11,2,52.22,Surface Defect,Mechanical Failure,1100,0.0099,0.0018
27,2025-01-03,Night,Line C,Product Delta,990,23,5,40.26,Coating Defect,Changeover,962,0.0232,0.0051
28,2025-01-04,Morning,Line A,Product Delta,1469,68,10,76.66,Coating Defect,Maintenance,1391,0.0463,0.0068
29,2025-01-04,Afternoon,Line A,Product Alpha,1495,60,8,19.04,Surface Defect,Material Shortage,1427,0.0401,0.0054
30,2025-01-04,Night,Line A,Product Beta,1352,69,15,70.05,Coating Defect,Changeover,1268,0.051,0.0111
31,2025-01-04,Morning,Line B,Product Gamma,1261,61,12,64.52,Dimensional Error,Quality Issue,1188,0.0484,0.0095
32,2025-01-04,Afternoon,Line B,Product Gamma,1333,69,19,20.15,Coating Defect,Maintenance,1245,0.0518,0.0143
33,2025-01-04,Night,Line B,Product Alpha,1087,35,3,70.11,Dimensional Error,Quality Issue,1049,0.0322,0.0028
34,2025-01-04,Morning,Line C,Product Gamma,1164,48,5,45.48,Assembly Error,Mechanical Failure,1111,0.0412,0.0043
35,2025-01-04,Afternoon,Line C,Product Alpha,1038,55,16,65.53,Surface Defect,Maintenance,967,0.053,0.0154
36,2025-01-04,Night,Line C,Product Gamma,1100,62,17,14.85,Assembly Error,,1021,0.0564,0.0155
37,2025-01-05,Morning,Line A,Product Delta,1515,60,17,65.14,Dimensional Error,Maintenance,1438,0.0396,0.0112
38,2025-01-05,Afternoon,Line A,Product Alpha,1403,50,11,26.05,Dimensional Error,Mechanical Failure,1342,0.0356,0.0078
39,2025-01-05,Night,Line A,Product Alpha,1416,65,8,25.27,Assembly Error,Quality Issue,1343,0.0459,0.0056
40,2025-01-05,Morning,Line B,Product Delta,1269,40,4,15.9,Dimensional Error,Changeover,1225,0.0315,0.0032
41,2025-01-05,Afternoon,Line B,Product Alpha,1267,36,9,30.17,Assembly Error,Maintenance,1222,0.0284,0.0071
42,2025-01-05,Night,Line B,Product Beta,1094,61,7,31.04,Assembly Error,Quality Issue,1026,0.0558,0.0064
43,2025-01-05,Morning,Line C,Product Delta,1126,12,3,40.76,Surface Defect,Maintenance,1111,0.0107,0.0027
44,2025-01-05,Afternoon,Line C,Product Delta,1026,50,7,27.42,Coating Defect,Mechanical Failure,969,0.0487,0.0068
45,2025-01-05,Night,Line C,Product Alpha,1092,20,3,63.28,Dimensional Error,Quality Issue,1069,0.0183,0.0027
46,2025-01-06,Morning,Line A,Product Alpha,1540,50,10,61.64,Surface Defect,Changeover,1480,0.0325,0.0065
47,2025-01-06,Afternoon,Line A,Product Delta,1479,93,12,36.81,Coating Defect,Material Shortage,1374,0.0629,0.0081
48,2025-01-06,Night,Line A,Product Delta,1440,87,20,56.6,Dimensional Error,Material Shortage,1333,0.0604,0.0139
49,2025-01-06,Morning,Line B,Product Gamma,1336,51,5,13.82,Assembly Error,,1280,0.0382,0.0037
50,2025-01-06,Afternoon,Line B,Product Alpha,1276,64,11,64.81,Surface Defect,Material Shortage,1201,0.0502,0.0086
51,2025-01-06,Night,Line B,Product Alpha,1177,27,3,11.02,Assembly Error,,1147,0.0229,0.0025
52,2025-01-06,Morning,Line C,Product Beta,1107,38,7,70.26,Coating Defect,Quality Issue,1062,0.0343,0.0063
53,2025-01-06,Afternoon,Line C,Product Alpha,1057,43,5,46.92,Dimensional Error,Material Shortage,1009,0.0407,0.0047
54,2025-01-06,Night,Line C,Product Gamma,1123,35,9,82.64,Assembly Error,Material Shortage,1079,0.0312,0.008
55,2025-01-07,Morning,Line A,Product Gamma,1474,84,18,24.86,Dimensional Error,Quality Issue,1372,0.057,0.0122
56,2025-01-07,Afternoon,Line A,Product Delta,1422,21,5,67.79,Coating Defect,Maintenance,1396,0.0148,0.0035
57,2025-01-07,Night,Line A,Product Delta,1305,69,12,34.9,Assembly Error,Maintenance,1224,0.0529,0.0092
58,2025-01-07,Morning,Line B,Product Alpha,1250,52,6,19.22,Coating Defect,Mechanical Failure,1192,0.0416,0.0048
59,2025-01-07,Afternoon,Line B,Product Alpha,1304,45,10,61.1,Surface Defect,Changeover,1249,0.0345,0.0077
60,2025-01-07,Night,Line B,Product Delta,1216,67,10,36.74,Dimensional Error,Maintenance,1139,0.0551,0.0082
61,2025-01-07,Morning,Line C,Product Beta,1081,64,9,31.88,Assembly Error,Maintenance,1008,0.0592,0.0083
62,2025-01-07,Afternoon,Line C,Product Alpha,1063,47,8,13.18,Assembly Error,,1008,0.0442,0.0075
63,2025-01-07,Night,Line C,Product Delta,1038,34,9,37.5,Surface Defect,Changeover,995,0.0328,0.0087
64,2025-01-08,Morning,Line A,Product Delta,1492,28,8,30.54,Dimensional Error,Changeover,1456,0.0188,0.0054
65,2025-01-08,Afternoon,Line A,Product Delta,1378,16,4,17.63,Coating Defect,Maintenance,1358,0.0116,0.0029
66,2025-01-08,Night,Line A,Product Delta,1347,29,3,32.71,Dimensional Error,Mechanical Failure,1315,0.0215,0.0022
67,2025-01-08,Morning,Line B,Product Alpha,1210,47,10,33.64,Assembly Error,Mechanical Failure,1153,0.0388,0.0083
68,2025-01-08,Afternoon,Line B,Product Beta,1336,63,17,66.1,Coating Defect,Mechanical Failure,1256,0.0472,0.0127
69,2025-01-08,Night,Line B,Product Alpha,1185,51,12,42.45,Coating Defect,Changeover,1122,0.043,0.0101
70,2025-01-08,Morning,Line C,Product Beta,1206,71,11,14.44,Assembly Error,,1124,0.0589,0.0091
71,2025-01-08,Afternoon,Line C,Product Delta,1169,49,10,33.18,Assembly Error,Maintenance,1110,0.0419,0.0086
72,2025-01-08,Night,Line C,Product Beta,1079,29,5,60.4,Dimensional Error,Mechanical Failure,1045,0.0269,0.0046
73,2025-01-09,Morning,Line A,Product Beta,1558,55,9,37.98,Coating Defect,Quality Issue,1494,0.0353,0.0058
74,2025-01-09,Afternoon,Line A,Product Beta,1426,52,8,54.87,Coating Defect,Mechanical Failure,1366,0.0365,0.0056
75,2025-01-09,Night,Line A,Product Gamma,1313,56,17,20.44,Assembly Error,Maintenance,1240,0.0427,0.0129
76,2025-01-09,Morning,Line B,Product Gamma,1271,53,9,64.34,Surface Defect,Changeover,1209,0.0417,0.0071
77,2025-01-09,Afternoon,Line B,Product Gamma,1324,11,2,16.48,Surface Defect,Maintenance,1311,0.0083,0.0015
78,2025-01-09,Night,Line B,Product Delta,1251,27,7,25.68,Surface Defect,Mechanical Failure,1217,0.0216,0.0056
79,2025-01-09,Morning,Line C,Product Delta,1173,39,7,18.97,Surface Defect,Material Shortage,1127,0.0332,0.006
80,2025-01-09,Afternoon,Line C,Product Delta,1143,66,20,31.82,Coating Defect,Maintenance,1057,0.0577,0.0175
81,2025-01-09,Night,Line C,Product Alpha,1104,68,12,48.58,Dimensional Error,Material Shortage,1024,0.0616,0.0109
82,2025-01-10,Morning,Line A,Product Alpha,1554,18,5,63.91,Coating Defect,Quality Issue,1531,0.0116,0.0032
83,2025-01-10,Afternoon,Line A,Product Gamma,1447,76,14,47.66,Surface Defect,Quality Issue,1357,0.0525,0.0097
84,2025-01-10,Night,Line A,Product Gamma,1423,37,10,64.56,Coating Defect,Changeover,1376,0.026,0.007
85,2025-01-10,Morning,Line B,Product Delta,1263,65,9,20.65,Surface Defect,Material Shortage,1189,0.0515,0.0071
86,2025-01-10,Afternoon,Line B,Product Alpha,1272,47,9,71.16,Dimensional Error,Mechanical Failure,1216,0.0369,0.0071
87,2025-01-10,Night,Line B,Product Beta,1167,46,9,63.35,Coating Defect,Changeover,1112,0.0394,0.0077
88,2025-01-10,Morning,Line C,Product Beta,1114,54,8,62.97,Dimensional Error,Changeover,1052,0.0485,0.0072
89,2025-01-10,Afternoon,Line C,Product Gamma,1086,62,18,55.21,Surface Defect,Mechanical Failure,1006,0.0571,0.0166
90,2025-01-10,Night,Line C,Product Beta,1077,24,3,22.23,Surface Defect,Changeover,1050,0.0223,0.0028
91,2025-01-11,Morning,Line A,Product Beta,1463,27,7,45.95,Coating Defect,Quality Issue,1429,0.0185,0.0048
92,2025-01-11,Afternoon,Line A,Product Gamma,1468,77,14,71.19,Assembly Error,Maintenance,1377,0.0525,0.0095
93,2025-01-11,Night,Line A,Product Beta,1332,51,8,46.77,Coating Defect,Mechanical Failure,1273,0.0383,0.006
94,2025-01-11,Morning,Line B,Product Delta,1265,62,9,42.2,Dimensional Error,Maintenance,1194,0.049,0.0071
95,2025-01-11,Afternoon,Line B,Product Delta,1271,33,4,50.0,Coating Defect,Quality Issue,1234,0.026,0.0031
96,2025-01-11,Night,Line B,Product Beta,1212,28,6,20.49,Assembly Error,Quality Issue,1178,0.0231,0.005
97,2025-01-11,Morning,Line C,Product Delta,1163,42,12,21.39,Surface Defect,Quality Issue,1109,0.0361,0.0103
98,2025-01-11,Afternoon,Line C,Product Beta,1061,42,8,61.95,Surface Defect,Mechanical Failure,1011,0.0396,0.0075
99,2025-01-11,Night,Line C,Product Delta,957,27,8,47.97,Coating Defect,Mechanical Failure,922,0.0282,0.0084
100,2025-01-12,Morning,Line A,Product Alpha,1546,16,4,60.46,Assembly Error,Quality Issue,1526,0.0103,0.0026
101,2025-01-12,Afternoon,Line A,Product Beta,1469,55,10,29.48,Assembly Error,Material Shortage,1404,0.0374,0.0068
102,2025-01-12,Night,Line A,Product Alpha,1312,75,8,62.96,Assembly Error,Material Shortage,1229,0.0572,0.0061
103,2025-01-12,Morning,Line B,Product Gamma,1306,13,3,9.48,Coating Defect,,1290,0.01,0.0023
104,2025-01-12,Afternoon,Line B,Product Gamma,1298,40,10,16.09,Surface Defect,Changeover,1248,0.0308,0.0077
105,2025-01-12,Night,Line B,Product Alpha,1111,16,4,19.07,Assembly Error,Quality Issue,1091,0.0144,0.0036
106,2025-01-12,Morning,Line C,Product Delta,1169,59,13,26.96,Surface Defect,Quality Issue,1097,0.0505,0.0111
107,2025-01-12,Afternoon,Line C,Product Delta,1083,15,2,73.39,Dimensional Error,Changeover,1066,0.0139,0.0018
108,2025-01-12,Night,Line C,Product Beta,950,60,17,81.55,Assembly Error,Material Shortage,873,0.0632,0.0179
109,2025-01-13,Morning,Line A,Product Gamma,1456,35,6,16.42,Surface Defect,Changeover,1415,0.024,0.0041
110,2025-01-13,Afternoon,Line A,Product Alpha,1468,66,10,51.58,Coating Defect,Quality Issue,1392,0.045,0.0068
111,2025-01-13,Night,Line A,Product Gamma,1397,22,6,12.08,Dimensional Error,,1369,0.0157,0.0043
112,2025-01-13,Morning,Line B,Product Alpha,1377,34,4,81.91,Dimensional Error,Mechanical Failure,1339,0.0247,0.0029
113,2025-01-13,Afternoon,Line B,Product Beta,1330,17,1,25.39,Coating Defect,Mechanical Failure,1312,0.0128,0.0008
114,2025-01-13,Night,Line B,Product Alpha,1265,31,8,50.84,Dimensional Error,Mechanical Failure,1226,0.0245,0.0063
115,2025-01-13,Morning,Line C,Product Beta,1057,63,7,76.2,Coating Defect,Mechanical Failure,987,0.0596,0.0066
116,2025-01-13,Afternoon,Line C,Product Gamma,1167,60,8,13.49,Coating Defect,,1099,0.0514,0.0069
117,2025-01-13,Night,Line C,Product Beta,1118,15,1,64.09,Coating Defect,Material Shortage,1102,0.0134,0.0009
118,2025-01-14,Morning,Line A,Product Gamma,1428,43,5,67.71,Surface Defect,Changeover,1380,0.0301,0.0035
119,2025-01-14,Afternoon,Line A,Product Alpha,1492,20,4,67.96,Assembly Error,Quality Issue,1468,0.0134,0.0027
120,2025-01-14,Night,Line A,Product Beta,1434,79,16,49.23,Dimensional Error,Changeover,1339,0.0551,0.0112
121,2025-01-14,Morning,Line B,Product Beta,1305,24,4,24.85,Coating Defect,Quality Issue,1277,0.0184,0.0031
122,2025-01-14,Afternoon,Line B,Product Gamma,1258,23,2,71.07,Surface Defect,Changeover,1233,0.0183,0.0016
123,2025-01-14,Night,Line B,Product Gamma,1220,33,6,49.0,Dimensional Error,Quality Issue,1181,0.027,0.0049
124,2025-01-14,Morning,Line C,Product Beta,1079,11,1,38.54,Coating Defect,Changeover,1067,0.0102,0.0009
125,2025-01-14,Afternoon,Line C,Product Gamma,1180,67,19,13.3,Assembly Error,,1094,0.0568,0.0161
126,2025-01-14,Night,Line C,Product Delta,1009,30,5,46.73,Assembly Error,Material Shortage,974,0.0297,0.005
127,2025-01-15,Morning,Line A,Product Gamma,1517,24,2,77.85,Coating Defect,Material Shortage,1491,0.0158,0.0013
128,2025-01-15,Afternoon,Line A,Product Beta,1464,48,8,60.91,Surface Defect,Maintenance,1408,0.0328,0.0055
129,2025-01-15,Night,Line A,Product Delta,1403,14,4,73.19,Dimensional Error,Material Shortage,1385,0.01,0.0029
130,2025-01-15,Morning,Line B,Product Beta,1308,19,3,49.89,Dimensional Error,Material Shortage,1286,0.0145,0.0023
131,2025-01-15,Afternoon,Line B,Product Gamma,1256,42,9,75.71,Dimensional Error,Quality Issue,1205,0.0334,0.0072
132,2025-01-15,Night,Line B,Product Gamma,1086,16,4,24.43,Coating Defect,Changeover,1066,0.0147,0.0037
133,2025-01-15,Morning,Line C,Product Alpha,1156,28,6,12.78,Dimensional Error,,1122,0.0242,0.0052
134,2025-01-15,Afternoon,Line C,Product Beta,1085,64,5,59.34,Dimensional Error,Quality Issue,1016,0.059,0.0046
135,2025-01-15,Night,Line C,Product Gamma,1051,62,17,9.56,Dimensional Error,,972,0.059,0.0162
136,2025-01-16,Morning,Line A,Product Delta,1566,16,2,12.4,Surface Defect,,1548,0.0102,0.0013
137,2025-01-16,Afternoon,Line A,Product Alpha,1401,67,13,27.04,Dimensional Error,Material Shortage,1321,0.0478,0.0093
138,2025-01-16,Night,Line A,Product Delta,1334,61,10,27.82,Coating Defect,Quality Issue,1263,0.0457,0.0075
139,2025-01-16,Morning,Line B,Product Delta,1311,43,8,14.73,Surface Defect,,1260,0.0328,0.0061
140,2025-01-16,Afternoon,Line B,Product Alpha,1339,82,14,44.92,Dimensional Error,Material Shortage,1243,0.0612,0.0105
141,2025-01-16,Night,Line B,Product Gamma,1181,29,8,54.36,Coating Defect,Quality Issue,1144,0.0246,0.0068
142,2025-01-16,Morning,Line C,Product Beta,1183,34,7,75.54,Assembly Error,Material Shortage,1142,0.0287,0.0059
143,2025-01-16,Afternoon,Line C,Product Alpha,1101,38,9,80.97,Assembly Error,Mechanical Failure,1054,0.0345,0.0082
144,2025-01-16,Night,Line C,Product Delta,1058,18,2,43.23,Assembly Error,Material Shortage,1038,0.017,0.0019
145,2025-01-17,Morning,Line A,Product Gamma,1505,80,21,18.01,Assembly Error,Maintenance,1404,0.0532,0.014
146,2025-01-17,Afternoon,Line A,Product Beta,1509,95,15,32.3,Surface Defect,Material Shortage,1399,0.063,0.0099
147,2025-01-17,Night,Line A,Product Gamma,1294,36,8,16.45,Coating Defect,Material Shortage,1250,0.0278,0.0062
148,2025-01-17,Morning,Line B,Product Alpha,1287,30,5,23.44,Coating Defect,Maintenance,1252,0.0233,0.0039
149,2025-01-17,Afternoon,Line B,Product Delta,1336,43,5,18.43,Coating Defect,Mechanical Failure,1288,0.0322,0.0037
150,2025-01-17,Night,Line B,Product Gamma,1088,48,11,73.83,Coating Defect,Maintenance,1029,0.0441,0.0101
151,2025-01-17,Morning,Line C,Product Beta,1138,54,14,59.14,Surface Defect,Mechanical Failure,1070,0.0475,0.0123
152,2025-01-17,Afternoon,Line C,Product Delta,1034,15,4,56.04,Coating Defect,Mechanical Failure,1015,0.0145,0.0039
153,2025-01-17,Night,Line C,Product Beta,1050,55,16,15.69,Assembly Error,Maintenance,979,0.0524,0.0152
154,2025-01-18,Morning,Line A,Product Delta,1583,43,11,12.89,Coating Defect,,1529,0.0272,0.0069
155,2025-01-18,Afternoon,Line A,Product Gamma,1372,51,13,8.22,Surface Defect,,1308,0.0372,0.0095
156,2025-01-18,Night,Line A,Product Gamma,1427,26,5,47.06,Dimensional Error,Maintenance,1396,0.0182,0.0035
157,2025-01-18,Morning,Line B,Product Beta,1281,62,15,82.48,Coating Defect,Material Shortage,1204,0.0484,0.0117
158,2025-01-18,Afternoon,Line B,Product Alpha,1320,41,10,31.34,Dimensional Error,Changeover,1269,0.0311,0.0076
159,2025-01-18,Night,Line B,Product Beta,1123,32,7,69.19,Dimensional Error,Changeover,1084,0.0285,0.0062
160,2025-01-18,Morning,Line C,Product Beta,1131,32,9,74.56,Assembly Error,Maintenance,1090,0.0283,0.008
161,2025-01-18,Afternoon,Line C,Product Delta,1058,34,4,54.58,Surface Defect,Quality Issue,1020,0.0321,0.0038
162,2025-01-18,Night,Line C,Product Beta,958,36,10,74.39,Assembly Error,Maintenance,912,0.0376,0.0104
163,2025-01-19,Morning,Line A,Product Delta,1514,76,13,42.4,Dimensional Error,Maintenance,1425,0.0502,0.0086
164,2025-01-19,Afternoon,Line A,Product Gamma,1369,81,23,60.99,Surface Defect,Maintenance,1265,0.0592,0.0168
165,2025-01-19,Night,Line A,Product Delta,1335,21,5,68.48,Dimensional Error,Mechanical Failure,1309,0.0157,0.0037
166,2025-01-19,Morning,Line B,Product Gamma,1297,30,5,33.79,Surface Defect,Material Shortage,1262,0.0231,0.0039
167,2025-01-19,Afternoon,Line B,Product Alpha,1194,62,18,14.22,Coating Defect,,1114,0.0519,0.0151
168,2025-01-19,Night,Line B,Product Beta,1188,43,12,53.36,Assembly Error,Changeover,1133,0.0362,0.0101
169,2025-01-19,Morning,Line C,Product Gamma,1119,30,3,8.29,Surface Defect,,1086,0.0268,0.0027
170,2025-01-19,Afternoon,Line C,Product Alpha,1190,57,11,62.07,Dimensional Error,Changeover,1122,0.0479,0.0092
171,2025-01-19,Night,Line C,Product Gamma,1070,9,2,38.55,Coating Defect,Changeover,1059,0.0084,0.0019
172,2025-01-20,Morning,Line A,Product Delta,1434,82,8,9.1,Coating Defect,,1344,0.0572,0.0056
173,2025-01-20,Afternoon,Line A,Product Alpha,1448,26,8,40.34,Surface Defect,Maintenance,1414,0.018,0.0055
174,2025-01-20,Night,Line A,Product Alpha,1394,58,9,40.95,Surface Defect,Material Shortage,1327,0.0416,0.0065
175,2025-01-20,Morning,Line B,Product Beta,1353,54,7,54.25,Assembly Error,Mechanical Failure,1292,0.0399,0.0052
176,2025-01-20,Afternoon,Line B,Product Beta,1255,61,8,21.75,Assembly Error,Changeover,1186,0.0486,0.0064
177,2025-01-20,Night,Line B,Product Delta,1134,36,9,45.63,Assembly Error,Material Shortage,1089,0.0317,0.0079
178,2025-01-20,Morning,Line C,Product Gamma,1078,50,13,53.61,Surface Defect,Maintenance,1015,0.0464,0.0121
179,2025-01-20,Afternoon,Line C,Product Beta,1107,66,18,40.91,Dimensional Error,Changeover,1023,0.0596,0.0163
180,2025-01-20,Night,Line C,Product Gamma,959,11,2,17.84,Dimensional Error,Material Shortage,946,0.0115,0.0021
181,2025-01-21,Morning,Line A,Product Beta,1534,30,7,70.6,Assembly Error,Material Shortage,1497,0.0196,0.0046
182,2025-01-21,Afternoon,Line A,Product Beta,1493,23,2,65.76,Coating Defect,Maintenance,1468,0.0154,0.0013
183,2025-01-21,Night,Line A,Product Delta,1334,19,2,17.74,Surface Defect,Quality Issue,1313,0.0142,0.0015
184,2025-01-21,Morning,Line B,Product Delta,1353,42,7,16.64,Coating Defect,Maintenance,1304,0.031,0.0052
185,2025-01-21,Afternoon,Line B,Product Gamma,1292,78,17,41.86,Surface Defect,Maintenance,1197,0.0604,0.0132
186,2025-01-21,Night,Line B,Product Delta,1225,23,6,58.25,Assembly Error,Changeover,1196,0.0188,0.0049
187,2025-01-21,Morning,Line C,Product Beta,1111,32,3,55.47,Dimensional Error,Changeover,1076,0.0288,0.0027
188,2025-01-21,Afternoon,Line C,Product Delta,1186,11,3,62.17,Dimensional Error,Mechanical Failure,1172,0.0093,0.0025
189,2025-01-21,Night,Line C,Product Delta,1115,19,4,25.55,Coating Defect,Material Shortage,1092,0.017,0.0036
190,2025-01-22,Morning,Line A,Product Beta,1489,39,4,78.42,Assembly Error,Quality Issue,1446,0.0262,0.0027
191,2025-01-22,Afternoon,Line A,Product Gamma,1395,76,18,14.79,Assembly Error,,1301,0.0545,0.0129
192,2025-01-22,Night,Line A,Product Delta,1386,53,9,81.88,Surface Defect,Mechanical Failure,1324,0.0382,0.0065
193,2025-01-22,Morning,Line B,Product Beta,1263,47,9,45.75,Surface Defect,Maintenance,1207,0.0372,0.0071
194,2025-01-22,Afternoon,Line B,Product Beta,1260,65,14,46.03,Coating Defect,Mechanical Failure,1181,0.0516,0.0111
195,2025-01-22,Night,Line B,Product Delta,1136,63,13,78.85,Coating Defect,Maintenance,1060,0.0555,0.0114
196,2025-01-22,Morning,Line C,Product Delta,1181,27,4,30.64,Dimensional Error,Quality Issue,1150,0.0229,0.0034
197,2025-01-22,Afternoon,Line C,Product Gamma,1139,68,13,19.58,Dimensional Error,Material Shortage,1058,0.0597,0.0114
198,2025-01-22,Night,Line C,Product Beta,1035,12,2,54.85,Coating Defect,Material Shortage,1021,0.0116,0.0019
199,2025-01-23,Morning,Line A,Product Beta,1457,17,3,43.87,Dimensional Error,Changeover,1437,0.0117,0.0021
200,2025-01-23,Afternoon,Line A,Product Gamma,1481,88,13,13.09,Coating Defect,,1380,0.0594,0.0088
201,2025-01-23,Night,Line A,Product Alpha,1307,42,11,42.81,Dimensional Error,Mechanical Failure,1254,0.0321,0.0084
202,2025-01-23,Morning,Line B,Product Gamma,1369,19,4,64.74,Dimensional Error,Changeover,1346,0.0139,0.0029
203,2025-01-23,Afternoon,Line B,Product Alpha,1274,38,5,73.79,Dimensional Error,Material Shortage,1231,0.0298,0.0039
204,2025-01-23,Night,Line B,Product Alpha,1141,43,7,18.25,Assembly Error,Maintenance,1091,0.0377,0.0061
205,2025-01-23,Morning,Line C,Product Beta,1122,35,7,58.47,Coating Defect,Changeover,1080,0.0312,0.0062
206,2025-01-23,Afternoon,Line C,Product Beta,1176,21,5,60.46,Surface Defect,Quality Issue,1150,0.0179,0.0043
207,2025-01-23,Night,Line C,Product Gamma,966,23,5,44.3,Coating Defect,Quality Issue,938,0.0238,0.0052
208,2025-01-24,Morning,Line A,Product Beta,1513,29,4,75.05,Coating Defect,Maintenance,1480,0.0192,0.0026
209,2025-01-24,Afternoon,Line A,Product Delta,1410,47,8,70.2,Assembly Error,Quality Issue,1355,0.0333,0.0057
210,2025-01-24,Night,Line A,Product Beta,1388,80,21,20.62,Surface Defect,Quality Issue,1287,0.0576,0.0151
211,2025-01-24,Morning,Line B,Product Beta,1281,76,14,36.33,Assembly Error,Maintenance,1191,0.0593,0.0109
212,2025-01-24,Afternoon,Line B,Product Delta,1267,25,2,32.07,Surface Defect,Quality Issue,1240,0.0197,0.0016
213,2025-01-24,Night,Line B,Product Gamma,1143,55,14,9.88,Coating Defect,,1074,0.0481,0.0122
214,2025-01-24,Morning,Line C,Product Delta,1139,30,7,37.0,Assembly Error,Quality Issue,1102,0.0263,0.0061
215,2025-01-24,Afternoon,Line C,Product Alpha,1075,25,2,25.57,Coating Defect,Changeover,1048,0.0233,0.0019
216,2025-01-24,Night,Line C,Product Gamma,1022,56,7,42.01,Surface Defect,Quality Issue,959,0.0548,0.0068
217,2025-01-25,Morning,Line A,Product Alpha,1571,73,20,82.32,Surface Defect,Quality Issue,1478,0.0465,0.0127
218,2025-01-25,Afternoon,Line A,Product Beta,1403,64,14,70.62,Assembly Error,Changeover,1325,0.0456,0.01
219,2025-01-25,Night,Line A,Product Alpha,1396,51,5,17.11,Coating Defect,Mechanical Failure,1340,0.0365,0.0036
220,2025-01-25,Morning,Line B,Product Beta,1315,27,7,35.45,Surface Defect,Mechanical Failure,1281,0.0205,0.0053
221,2025-01-25,Afternoon,Line B,Product Gamma,1334,16,2,62.09,Dimensional Error,Maintenance,1316,0.012,0.0015
222,2025-01-25,Night,Line B,Product Alpha,1110,54,7,60.91,Surface Defect,Mechanical Failure,1049,0.0486,0.0063
223,2025-01-25,Morning,Line C,Product Beta,1046,55,7,60.14,Surface Defect,Maintenance,984,0.0526,0.0067
224,2025-01-25,Afternoon,Line C,Product Beta,1069,43,4,8.15,Assembly Error,,1022,0.0402,0.0037
225,2025-01-25,Night,Line C,Product Beta,948,50,12,24.13,Assembly Error,Material Shortage,886,0.0527,0.0127
226,2025-01-26,Morning,Line A,Product Gamma,1490,85,8,43.12,Surface Defect,Material Shortage,1397,0.057,0.0054
227,2025-01-26,Afternoon,Line A,Product Beta,1361,85,14,47.3,Dimensional Error,Material Shortage,1262,0.0625,0.0103
228,2025-01-26,Night,Line A,Product Beta,1448,62,14,56.75,Coating Defect,Maintenance,1372,0.0428,0.0097
229,2025-01-26,Morning,Line B,Product Gamma,1344,14,4,20.06,Assembly Error,Mechanical Failure,1326,0.0104,0.003
230,2025-01-26,Afternoon,Line B,Product Alpha,1313,56,6,57.11,Dimensional Error,Changeover,1251,0.0427,0.0046
231,2025-01-26,Night,Line B,Product Alpha,1178,66,15,69.97,Dimensional Error,Mechanical Failure,1097,0.056,0.0127
232,2025-01-26,Morning,Line C,Product Delta,1048,53,16,65.56,Coating Defect,Maintenance,979,0.0506,0.0153
233,2025-01-26,Afternoon,Line C,Product Delta,1046,64,10,64.52,Dimensional Error,Maintenance,972,0.0612,0.0096
234,2025-01-26,Night,Line C,Product Delta,1049,65,16,10.9,Coating Defect,,968,0.062,0.0153
235,2025-01-27,Morning,Line A,Product Alpha,1526,30,9,18.76,Coating Defect,Maintenance,1487,0.0197,0.0059
236,2025-01-27,Afternoon,Line A,Product Alpha,1484,92,21,67.04,Dimensional Error,Maintenance,1371,0.062,0.0142
237,2025-01-27,Night,Line A,Product Delta,1281,44,9,45.65,Assembly Error,Mechanical Failure,1228,0.0343,0.007
238,2025-01-27,Morning,Line B,Product Gamma,1374,78,9,81.18,Assembly Error,Mechanical Failure,1287,0.0568,0.0066
239,2025-01-27,Afternoon,Line B,Product Delta,1196,26,5,26.75,Coating Defect,Maintenance,1165,0.0217,0.0042
240,2025-01-27,Night,Line B,Product Alpha,1125,33,9,81.81,Dimensional Error,Quality Issue,1083,0.0293,0.008
241,2025-01-27,Morning,Line C,Product Gamma,1157,35,10,63.67,Assembly Error,Maintenance,1112,0.0303,0.0086
242,2025-01-27,Afternoon,Line C,Product Beta,1051,19,4,26.24,Coating Defect,Quality Issue,1028,0.0181,0.0038
243,2025-01-27,Night,Line C,Product Beta,1047,38,11,19.03,Coating Defect,Material Shortage,998,0.0363,0.0105
244,2025-01-28,Morning,Line A,Product Gamma,1557,54,6,75.67,Dimensional Error,Material Shortage,1497,0.0347,0.0039
245,2025-01-28,Afternoon,Line A,Product Gamma,1432,49,10,14.38,Assembly Error,,1373,0.0342,0.007
246,2025-01-28,Night,Line A,Product Delta,1279,33,4,18.16,Surface Defect,Maintenance,1242,0.0258,0.0031
247,2025-01-28,Morning,Line B,Product Gamma,1216,72,17,59.76,Coating Defect,Changeover,1127,0.0592,0.014
248,2025-01-28,Afternoon,Line B,Product Beta,1167,24,5,58.04,Assembly Error,Changeover,1138,0.0206,0.0043
249,2025-01-28,Night,Line B,Product Alpha,1219,45,5,32.09,Assembly Error,Mechanical Failure,1169,0.0369,0.0041
250,2025-01-28,Morning,Line C,Product Gamma,1143,50,8,20.4,Surface Defect,Maintenance,1085,0.0437,0.007
251,2025-01-28,Afternoon,Line C,Product Beta,1077,32,4,59.66,Dimensional Error,Mechanical Failure,1041,0.0297,0.0037
252,2025-01-28,Night,Line C,Product Beta,1099,54,14,45.38,Dimensional Error,Maintenance,1031,0.0491,0.0127
253,2025-01-29,Morning,Line A,Product Alpha,1518,72,16,81.83,Assembly Error,Maintenance,1430,0.0474,0.0105
254,2025-01-29,Afternoon,Line A,Product Beta,1380,47,14,73.62,Coating Defect,Mechanical Failure,1319,0.0341,0.0101
255,2025-01-29,Night,Line A,Product Beta,1306,12,3,25.67,Surface Defect,Material Shortage,1291,0.0092,0.0023
256,2025-01-29,Morning,Line B,Product Alpha,1343,30,3,21.8,Surface Defect,Mechanical Failure,1310,0.0223,0.0022
257,2025-01-29,Afternoon,Line B,Product Beta,1186,17,3,27.94,Surface Defect,Material Shortage,1166,0.0143,0.0025
258,2025-01-29,Night,Line B,Product Alpha,1091,43,5,82.63,Coating Defect,Maintenance,1043,0.0394,0.0046
259,2025-01-29,Morning,Line C,Product Gamma,1141,25,6,16.18,Assembly Error,Material Shortage,1110,0.0219,0.0053
260,2025-01-29,Afternoon,Line C,Product Delta,1063,34,7,70.47,Dimensional Error,Quality Issue,1022,0.032,0.0066
261,2025-01-29,Night,Line C,Product Delta,1105,63,5,32.22,Assembly Error,Maintenance,1037,0.057,0.0045
262,2025-01-30,Morning,Line A,Product Alpha,1517,21,6,55.82,Surface Defect,Changeover,1490,0.0138,0.004
263,2025-01-30,Afternoon,Line A,Product Beta,1513,45,8,51.62,Dimensional Error,Maintenance,1460,0.0297,0.0053
264,2025-01-30,Night,Line A,Product Alpha,1304,14,3,34.67,Assembly Error,Quality Issue,1287,0.0107,0.0023
265,2025-01-30,Morning,Line B,Product Alpha,1284,20,5,70.46,Dimensional Error,Material Shortage,1259,0.0156,0.0039
266,2025-01-30,Afternoon,Line B,Product Delta,1284,36,4,60.44,Assembly Error,Maintenance,1244,0.028,0.0031
267,2025-01-30,Night,Line B,Product Delta,1261,55,7,61.97,Dimensional Error,Quality Issue,1199,0.0436,0.0056
268,2025-01-30,Morning,Line C,Product Delta,1175,54,7,13.26,Surface Defect,,1114,0.046,0.006
269,2025-01-30,Afternoon,Line C,Product Delta,1031,62,14,13.23,Dimensional Error,,955,0.0601,0.0136
270,2025-01-30,Night,Line C,Product Alpha,1104,43,12,68.53,Assembly Error,Changeover,1049,0.0389,0.0109
271,2025-01-31,Morning,Line A,Product Delta,1488,32,6,50.95,Coating Defect,Maintenance,1450,0.0215,0.004
272,2025-01-31,Afternoon,Line A,Product Alpha,1415,21,2,58.55,Assembly Error,Maintenance,1392,0.0148,0.0014
273,2025-01-31,Night,Line A,Product Gamma,1276,44,6,74.59,Coating Defect,Mechanical Failure,1226,0.0345,0.0047
274,2025-01-31,Morning,Line B,Product Delta,1295,11,1,59.33,Assembly Error,Maintenance,1283,0.0085,0.0008
275,2025-01-31,Afternoon,Line B,Product Beta,1186,16,4,9.88,Surface Defect,,1166,0.0135,0.0034
276,2025-01-31,Night,Line B,Product Beta,1210,36,7,80.14,Coating Defect,Quality Issue,1167,0.0298,0.0058
277,2025-01-31,Morning,Line C,Product Gamma,1098,62,12,61.95,Assembly Error,Maintenance,1024,0.0565,0.0109
278,2025-01-31,Afternoon,Line C,Product Delta,1063,16,4,47.18,Assembly Error,Changeover,1043,0.0151,0.0038
279,2025-01-31,Night,Line C,Product Alpha,1025,25,7,9.8,Dimensional Error,,993,0.0244,0.0068
280,2025-02-01,Morning,Line A,Product Delta,1412,31,9,61.21,Surface Defect,Changeover,1372,0.022,0.0064
281,2025-02-01,Afternoon,Line A,Product Beta,1393,48,4,72.83,Surface Defect,Material Shortage,1341,0.0345,0.0029
282,2025-02-01,Night,Line A,Product Delta,1372,51,6,55.14,Dimensional Error,Maintenance,1315,0.0372,0.0044
283,2025-02-01,Morning,Line B,Product Delta,1221,24,5,12.73,Coating Defect,,1192,0.0197,0.0041
284,2025-02-01,Afternoon,Line B,Product Delta,1188,28,7,56.81,Surface Defect,Mechanical Failure,1153,0.0236,0.0059
285,2025-02-01,Night,Line B,Product Delta,1252,34,10,60.97,Dimensional Error,Material Shortage,1208,0.0272,0.008
286,2025-02-01,Morning,Line C,Product Delta,1120,52,9,39.62,Assembly Error,Quality Issue,1059,0.0464,0.008
287,2025-02-01,Afternoon,Line C,Product Alpha,1064,66,7,11.06,Surface Defect,,991,0.062,0.0066
288,2025-02-01,Night,Line C,Product Alpha,1095,34,5,52.39,Coating Defect,Changeover,1056,0.0311,0.0046
289,2025-02-02,Morning,Line A,Product Delta,1441,66,15,64.78,Assembly Error,Maintenance,1360,0.0458,0.0104
290,2025-02-02,Afternoon,Line A,Product Gamma,1452,78,22,42.22,Assembly Error,Changeover,1352,0.0537,0.0152
291,2025-02-02,Night,Line A,Product Gamma,1296,67,16,21.53,Assembly Error,Changeover,1213,0.0517,0.0123
292,2025-02-02,Morning,Line B,Product Delta,1270,24,2,35.96,Coating Defect,Mechanical Failure,1244,0.0189,0.0016
293,2025-02-02,Afternoon,Line B,Product Alpha,1335,82,13,20.85,Coating Defect,Material Shortage,1240,0.0614,0.0097
294,2025-02-02,Night,Line B,Product Delta,1140,60,11,17.38,Surface Defect,Material Shortage,1069,0.0526,0.0096
295,2025-02-02,Morning,Line C,Product Alpha,1089,32,9,54.55,Assembly Error,Maintenance,1048,0.0294,0.0083
296,2025-02-02,Afternoon,Line C,Product Alpha,1011,56,14,65.05,Surface Defect,Maintenance,941,0.0554,0.0138
297,2025-02-02,Night,Line C,Product Delta,1111,69,17,57.92,Coating Defect,Material Shortage,1025,0.0621,0.0153
298,2025-02-03,Morning,Line A,Product Beta,1473,75,17,38.5,Coating Defect,Mechanical Failure,1381,0.0509,0.0115
299,2025-02-03,Afternoon,Line A,Product Beta,1492,74,12,82.87,Assembly Error,Mechanical Failure,1406,0.0496,0.008
300,2025-02-03,Night,Line A,Product Delta,1361,57,8,56.32,Coating Defect,Quality Issue,1296,0.0419,0.0059
301,2025-02-03,Morning,Line B,Product Alpha,1284,47,9,13.08,Coating Defect,,1228,0.0366,0.007
302,2025-02-03,Afternoon,Line B,Product Alpha,1208,37,6,46.26,Dimensional Error,Changeover,1165,0.0306,0.005
303,2025-02-03,Night,Line B,Product Alpha,1258,36,4,9.34,Coating Defect,,1218,0.0286,0.0032
304,2025-02-03,Morning,Line C,Product Delta,1211,66,18,61.2,Dimensional Error,Changeover,1127,0.0545,0.0149
305,2025-02-03,Afternoon,Line C,Product Delta,1106,32,6,69.75,Dimensional Error,Changeover,1068,0.0289,0.0054
306,2025-02-03,Night,Line C,Product Alpha,1014,14,4,35.6,Coating Defect,Maintenance,996,0.0138,0.0039
307,2025-02-04,Morning,Line A,Product Gamma,1523,53,16,59.42,Coating Defect,Mechanical Failure,1454,0.0348,0.0105
308,2025-02-04,Afternoon,Line A,Product Delta,1416,33,7,28.59,Surface Defect,Maintenance,1376,0.0233,0.0049
309,2025-02-04,Night,Line A,Product Gamma,1275,11,2,67.37,Coating Defect,Maintenance,1262,0.0086,0.0016
310,2025-02-04,Morning,Line B,Product Beta,1261,79,7,14.47,Surface Defect,,1175,0.0626,0.0056
311,2025-02-04,Afternoon,Line B,Product Alpha,1290,59,13,59.99,Surface Defect,Mechanical Failure,1218,0.0457,0.0101
312,2025-02-04,Night,Line B,Product Delta,1114,14,3,27.68,Surface Defect,Changeover,1097,0.0126,0.0027
313,2025-02-04,Morning,Line C,Product Alpha,1074,47,8,54.74,Dimensional Error,Mechanical Failure,1019,0.0438,0.0074
314,2025-02-04,Afternoon,Line C,Product Beta,1034,57,12,39.25,Dimensional Error,Mechanical Failure,965,0.0551,0.0116
315,2025-02-04,Night,Line C,Product Delta,1115,39,6,12.26,Dimensional Error,,1070,0.035,0.0054
316,2025-02-05,Morning,Line A,Product Gamma,1518,14,3,20.29,Assembly Error,Maintenance,1501,0.0092,0.002
317,2025-02-05,Afternoon,Line A,Product Alpha,1538,94,11,26.63,Coating Defect,Mechanical Failure,1433,0.0611,0.0072
318,2025-02-05,Night,Line A,Product Beta,1418,67,15,42.18,Dimensional Error,Quality Issue,1336,0.0472,0.0106
319,2025-02-05,Morning,Line B,Product Gamma,1353,82,24,19.82,Assembly Error,Changeover,1247,0.0606,0.0177
320,2025-02-05,Afternoon,Line B,Product Delta,1196,64,11,30.0,Dimensional Error,Material Shortage,1121,0.0535,0.0092
321,2025-02-05,Night,Line B,Product Gamma,1232,68,19,59.21,Dimensional Error,Material Shortage,1145,0.0552,0.0154
322,2025-02-05,Morning,Line C,Product Gamma,1222,67,16,75.57,Coating Defect,Mechanical Failure,1139,0.0548,0.0131
323,2025-02-05,Afternoon,Line C,Product Delta,1139,22,2,18.71,Dimensional Error,Material Shortage,1115,0.0193,0.0018
324,2025-02-05,Night,Line C,Product Alpha,1000,58,6,50.31,Assembly Error,Material Shortage,936,0.058,0.006
325,2025-02-06,Morning,Line A,Product Alpha,1535,32,9,82.24,Dimensional Error,Mechanical Failure,1494,0.0208,0.0059
326,2025-02-06,Afternoon,Line A,Product Alpha,1503,30,9,47.15,Coating Defect,Changeover,1464,0.02,0.006
327,2025-02-06,Night,Line A,Product Alpha,1307,45,13,44.38,Coating Defect,Quality Issue,1249,0.0344,0.0099
328,2025-02-06,Morning,Line B,Product Gamma,1350,62,6,53.14,Coating Defect,Material Shortage,1282,0.0459,0.0044
329,2025-02-06,Afternoon,Line B,Product Gamma,1334,51,7,68.94,Coating Defect,Material Shortage,1276,0.0382,0.0052
330,2025-02-06,Night,Line B,Product Delta,1173,71,6,72.04,Surface Defect,Material Shortage,1096,0.0605,0.0051
331,2025-02-06,Morning,Line C,Product Delta,1168,65,12,66.13,Dimensional Error,Changeover,1091,0.0557,0.0103
332,2025-02-06,Afternoon,Line C,Product Beta,1065,19,5,16.27,Dimensional Error,Quality Issue,1041,0.0178,0.0047
333,2025-02-06,Night,Line C,Product Gamma,1087,9,1,10.76,Coating Defect,,1077,0.0083,0.0009
334,2025-02-07,Morning,Line A,Product Delta,1452,61,17,69.65,Surface Defect,Mechanical Failure,1374,0.042,0.0117
335,2025-02-07,Afternoon,Line A,Product Gamma,1516,70,20,8.9,Surface Defect,,1426,0.0462,0.0132
336,2025-02-07,Night,Line A,Product Gamma,1285,62,6,69.91,Assembly Error,Changeover,1217,0.0482,0.0047
337,2025-02-07,Morning,Line B,Product Beta,1374,17,5,32.85,Assembly Error,Mechanical Failure,1352,0.0124,0.0036
338,2025-02-07,Afternoon,Line B,Product Alpha,1296,41,11,15.98,Assembly Error,Maintenance,1244,0.0316,0.0085
339,2025-02-07,Night,Line B,Product Delta,1188,24,4,53.35,Surface Defect,Maintenance,1160,0.0202,0.0034
340,2025-02-07,Morning,Line C,Product Alpha,1123,20,3,75.15,Coating Defect,Maintenance,1100,0.0178,0.0027
341,2025-02-07,Afternoon,Line C,Product Delta,1108,49,14,28.32,Coating Defect,Maintenance,1045,0.0442,0.0126
342,2025-02-07,Night,Line C,Product Beta,1021,58,6,19.39,Assembly Error,Mechanical Failure,957,0.0568,0.0059
343,2025-02-08,Morning,Line A,Product Beta,1547,76,17,15.96,Coating Defect,Material Shortage,1454,0.0491,0.011
344,2025-02-08,Afternoon,Line A,Product Alpha,1401,39,4,78.42,Dimensional Error,Changeover,1358,0.0278,0.0029
345,2025-02-08,Night,Line A,Product Gamma,1347,51,6,14.49,Surface Defect,,1290,0.0379,0.0045
346,2025-02-08,Morning,Line B,Product Alpha,1352,39,9,77.72,Coating Defect,Quality Issue,1304,0.0288,0.0067
347,2025-02-08,Afternoon,Line B,Product Gamma,1209,20,3,51.54,Coating Defect,Mechanical Failure,1186,0.0165,0.0025
348,2025-02-08,Night,Line B,Product Delta,1155,32,5,77.55,Coating Defect,Changeover,1118,0.0277,0.0043
349,2025-02-08,Morning,Line C,Product Alpha,1069,23,5,40.2,Assembly Error,Quality Issue,1041,0.0215,0.0047
350,2025-02-08,Afternoon,Line C,Product Gamma,1013,63,18,44.42,Assembly Error,Maintenance,932,0.0622,0.0178
351,2025-02-08,Night,Line C,Product Alpha,950,15,4,69.12,Coating Defect,Maintenance,931,0.0158,0.0042
352,2025-02-09,Morning,Line A,Product Beta,1440,85,18,43.32,Assembly Error,Quality Issue,1337,0.059,0.0125
353,2025-02-09,Afternoon,Line A,Product Delta,1514,38,5,30.24,Dimensional Error,Changeover,1471,0.0251,0.0033
354,2025-02-09,Night,Line A,Product Beta,1309,29,7,23.25,Surface Defect,Quality Issue,1273,0.0222,0.0053
355,2025-02-09,Morning,Line B,Product Beta,1306,43,5,56.31,Assembly Error,Changeover,1258,0.0329,0.0038
356,2025-02-09,Afternoon,Line B,Product Delta,1287,61,16,56.25,Coating Defect,Quality Issue,1210,0.0474,0.0124
357,2025-02-09,Night,Line B,Product Alpha,1219,10,1,17.33,Surface Defect,Maintenance,1208,0.0082,0.0008
358,2025-02-09,Morning,Line C,Product Gamma,1120,67,19,77.2,Coating Defect,Maintenance,1034,0.0598,0.017
359,2025-02-09,Afternoon,Line C,Product Beta,1113,34,7,44.76,Surface Defect,Mechanical Failure,1072,0.0305,0.0063
360,2025-02-09,Night,Line C,Product Gamma,981,13,2,33.93,Dimensional Error,Quality Issue,966,0.0133,0.002
361,2025-02-10,Morning,Line A,Product Beta,1439,64,10,55.22,Surface Defect,Changeover,1365,0.0445,0.0069
362,2025-02-10,Afternoon,Line A,Product Beta,1453,42,12,51.89,Surface Defect,Mechanical Failure,1399,0.0289,0.0083
363,2025-02-10,Night,Line A,Product Delta,1403,25,6,18.76,Assembly Error,Material Shortage,1372,0.0178,0.0043
364,2025-02-10,Morning,Line B,Product Alpha,1241,37,7,15.35,Coating Defect,Material Shortage,1197,0.0298,0.0056
365,2025-02-10,Afternoon,Line B,Product Alpha,1214,26,7,26.25,Coating Defect,Quality Issue,1181,0.0214,0.0058
366,2025-02-10,Night,Line B,Product Delta,1229,39,3,35.67,Assembly Error,Material Shortage,1187,0.0317,0.0024
367,2025-02-10,Morning,Line C,Product Delta,1127,19,5,15.72,Assembly Error,Changeover,1103,0.0169,0.0044
368,2025-02-10,Afternoon,Line C,Product Delta,1148,62,18,45.84,Surface Defect,Changeover,1068,0.054,0.0157
369,2025-02-10,Night,Line C,Product Gamma,1047,39,7,42.72,Dimensional Error,Maintenance,1001,0.0372,0.0067
370,2025-02-11,Morning,Line A,Product Delta,1574,63,19,46.33,Assembly Error,Mechanical Failure,1492,0.04,0.0121
371,2025-02-11,Afternoon,Line A,Product Delta,1512,46,4,60.58,Coating Defect,Quality Issue,1462,0.0304,0.0026
372,2025-02-11,Night,Line A,Product Beta,1281,51,14,35.63,Surface Defect,Mechanical Failure,1216,0.0398,0.0109
373,2025-02-11,Morning,Line B,Product Gamma,1309,52,8,11.35,Surface Defect,,1249,0.0397,0.0061
374,2025-02-11,Afternoon,Line B,Product Beta,1301,46,6,73.74,Assembly Error,Quality Issue,1249,0.0354,0.0046
375,2025-02-11,Night,Line B,Product Delta,1108,29,3,8.51,Dimensional Error,,1076,0.0262,0.0027
376,2025-02-11,Morning,Line C,Product Alpha,1051,16,1,56.35,Coating Defect,Changeover,1034,0.0152,0.001
377,2025-02-11,Afternoon,Line C,Product Alpha,1078,26,5,75.22,Surface Defect,Mechanical Failure,1047,0.0241,0.0046
378,2025-02-11,Night,Line C,Product Alpha,1083,30,7,56.74,Surface Defect,Changeover,1046,0.0277,0.0065
379,2025-02-12,Morning,Line A,Product Gamma,1556,64,19,56.36,Surface Defect,Maintenance,1473,0.0411,0.0122
380,2025-02-12,Afternoon,Line A,Product Alpha,1456,86,8,58.79,Surface Defect,Mechanical Failure,1362,0.0591,0.0055
381,2025-02-12,Night,Line A,Product Alpha,1309,81,11,48.38,Dimensional Error,Material Shortage,1217,0.0619,0.0084
382,2025-02-12,Morning,Line B,Product Beta,1223,65,11,57.98,Coating Defect,Changeover,1147,0.0531,0.009
383,2025-02-12,Afternoon,Line B,Product Gamma,1244,33,6,9.01,Surface Defect,,1205,0.0265,0.0048
384,2025-02-12,Night,Line B,Product Gamma,1155,55,11,74.84,Coating Defect,Changeover,1089,0.0476,0.0095
385,2025-02-12,Morning,Line C,Product Delta,1156,63,7,10.06,Dimensional Error,,1086,0.0545,0.0061
386,2025-02-12,Afternoon,Line C,Product Gamma,1177,58,8,56.67,Surface Defect,Quality Issue,1111,0.0493,0.0068
387,2025-02-12,Night,Line C,Product Gamma,1088,30,3,46.92,Coating Defect,Material Shortage,1055,0.0276,0.0028
388,2025-02-13,Morning,Line A,Product Delta,1450,72,10,37.15,Dimensional Error,Changeover,1368,0.0497,0.0069
389,2025-02-13,Afternoon,Line A,Product Delta,1499,53,12,8.7,Coating Defect,,1434,0.0354,0.008
390,2025-02-13,Night,Line A,Product Beta,1336,44,11,17.91,Assembly Error,Changeover,1281,0.0329,0.0082
391,2025-02-13,Morning,Line B,Product Gamma,1236,41,8,50.19,Assembly Error,Quality Issue,1187,0.0332,0.0065
392,2025-02-13,Afternoon,Line B,Product Gamma,1182,52,9,26.88,Surface Defect,Mechanical Failure,1121,0.044,0.0076
393,2025-02-13,Night,Line B,Product Beta,1105,55,8,36.43,Coating Defect,Quality Issue,1042,0.0498,0.0072
394,2025-02-13,Morning,Line C,Product Beta,1158,42,5,18.75,Dimensional Error,Material Shortage,1111,0.0363,0.0043
395,2025-02-13,Afternoon,Line C,Product Beta,1029,40,9,45.5,Surface Defect,Changeover,980,0.0389,0.0087
396,2025-02-13,Night,Line C,Product Alpha,1103,16,4,56.96,Dimensional Error,Mechanical Failure,1083,0.0145,0.0036
397,2025-02-14,Morning,Line A,Product Beta,1512,55,5,12.4,Assembly Error,,1452,0.0364,0.0033
398,2025-02-14,Afternoon,Line A,Product Beta,1528,63,18,14.93,Surface Defect,,1447,0.0412,0.0118
399,2025-02-14,Night,Line A,Product Beta,1452,86,19,35.34,Assembly Error,Quality Issue,1347,0.0592,0.0131
400,2025-02-14,Morning,Line B,Product Beta,1233,57,12,77.1,Assembly Error,Quality Issue,1164,0.0462,0.0097
401,2025-02-14,Afternoon,Line B,Product Alpha,1306,42,4,79.69,Dimensional Error,Material Shortage,1260,0.0322,0.0031
402,2025-02-14,Night,Line B,Product Gamma,1140,57,5,21.81,Surface Defect,Quality Issue,1078,0.05,0.0044
403,2025-02-14,Morning,Line C,Product Delta,1124,32,3,20.27,Coating Defect,Quality Issue,1089,0.0285,0.0027
404,2025-02-14,Afternoon,Line C,Product Alpha,1157,45,8,58.64,Dimensional Error,Mechanical Failure,1104,0.0389,0.0069
405,2025-02-14,Night,Line C,Product Delta,1021,25,3,18.44,Dimensional Error,Mechanical Failure,993,0.0245,0.0029
406,2025-02-15,Morning,Line A,Product Delta,1447,22,5,71.79,Coating Defect,Changeover,1420,0.0152,0.0035
407,2025-02-15,Afternoon,Line A,Product Alpha,1514,25,3,18.8,Dimensional Error,Changeover,1486,0.0165,0.002
408,2025-02-15,Night,Line A,Product Beta,1321,41,11,75.78,Surface Defect,Material Shortage,1269,0.031,0.0083
409,2025-02-15,Morning,Line B,Product Delta,1336,83,16,16.27,Dimensional Error,Material Shortage,1237,0.0621,0.012
410,2025-02-15,Afternoon,Line B,Product Beta,1233,56,9,55.78,Dimensional Error,Mechanical Failure,1168,0.0454,0.0073
411,2025-02-15,Night,Line B,Product Delta,1207,76,8,79.66,Assembly Error,Mechanical Failure,1123,0.063,0.0066
412,2025-02-15,Morning,Line C,Product Beta,1168,18,4,10.17,Dimensional Error,,1146,0.0154,0.0034
413,2025-02-15,Afternoon,Line C,Product Delta,1096,19,4,38.3,Coating Defect,Maintenance,1073,0.0173,0.0036
414,2025-02-15,Night,Line C,Product Gamma,1084,20,2,27.26,Surface Defect,Maintenance,1062,0.0185,0.0018
415,2025-02-16,Morning,Line A,Product Alpha,1463,19,6,45.56,Surface Defect,Changeover,1438,0.013,0.0041
416,2025-02-16,Afternoon,Line A,Product Delta,1376,79,7,35.37,Surface Defect,Maintenance,1290,0.0574,0.0051
417,2025-02-16,Night,Line A,Product Beta,1335,21,4,43.8,Coating Defect,Maintenance,1310,0.0157,0.003
418,2025-02-16,Morning,Line B,Product Beta,1261,17,3,61.89,Coating Defect,Mechanical Failure,1241,0.0135,0.0024
419,2025-02-16,Afternoon,Line B,Product Alpha,1297,42,10,51.08,Coating Defect,Quality Issue,1245,0.0324,0.0077
420,2025-02-16,Night,Line B,Product Alpha,1168,14,3,40.3,Assembly Error,Mechanical Failure,1151,0.012,0.0026
421,2025-02-16,Morning,Line C,Product Gamma,1049,16,5,28.33,Surface Defect,Mechanical Failure,1028,0.0153,0.0048
422,2025-02-16,Afternoon,Line C,Product Alpha,1168,66,6,28.25,Coating Defect,Quality Issue,1096,0.0565,0.0051
423,2025-02-16,Night,Line C,Product Alpha,963,29,5,42.67,Assembly Error,Changeover,929,0.0301,0.0052
424,2025-02-17,Morning,Line A,Product Gamma,1531,63,8,71.67,Coating Defect,Changeover,1460,0.0411,0.0052
425,2025-02-17,Afternoon,Line A,Product Delta,1515,26,4,36.46,Dimensional Error,Changeover,1485,0.0172,0.0026
426,2025-02-17,Night,Line A,Product Gamma,1368,33,4,23.53,Assembly Error,Material Shortage,1331,0.0241,0.0029
427,2025-02-17,Morning,Line B,Product Gamma,1234,56,15,66.81,Dimensional Error,Material Shortage,1163,0.0454,0.0122
428,2025-02-17,Afternoon,Line B,Product Alpha,1246,55,12,42.84,Coating Defect,Material Shortage,1179,0.0441,0.0096
429,2025-02-17,Night,Line B,Product Gamma,1096,37,5,76.92,Surface Defect,Quality Issue,1054,0.0338,0.0046
430,2025-02-17,Morning,Line C,Product Delta,1055,39,11,8.86,Dimensional Error,,1005,0.037,0.0104
431,2025-02-17,Afternoon,Line C,Product Gamma,1117,57,9,14.24,Assembly Error,,1051,0.051,0.0081
432,2025-02-17,Night,Line C,Product Beta,952,19,4,73.96,Surface Defect,Maintenance,929,0.02,0.0042
433,2025-02-18,Morning,Line A,Product Delta,1438,26,7,10.85,Dimensional Error,,1405,0.0181,0.0049
434,2025-02-18,Afternoon,Line A,Product Gamma,1481,14,4,14.77,Coating Defect,,1463,0.0095,0.0027
435,2025-02-18,Night,Line A,Product Alpha,1302,63,9,9.52,Assembly Error,,1230,0.0484,0.0069
436,2025-02-18,Morning,Line B,Product Gamma,1298,37,7,42.95,Dimensional Error,Changeover,1254,0.0285,0.0054
437,2025-02-18,Afternoon,Line B,Product Gamma,1187,20,6,74.86,Assembly Error,Maintenance,1161,0.0168,0.0051
438,2025-02-18,Night,Line B,Product Gamma,1201,24,5,71.04,Dimensional Error,Mechanical Failure,1172,0.02,0.0042
439,2025-02-18,Morning,Line C,Product Alpha,1102,29,4,57.98,Coating Defect,Mechanical Failure,1069,0.0263,0.0036
440,2025-02-18,Afternoon,Line C,Product Gamma,1022,41,7,10.81,Surface Defect,,974,0.0401,0.0068
441,2025-02-18,Night,Line C,Product Alpha,1027,14,3,78.59,Assembly Error,Maintenance,1010,0.0136,0.0029
442,2025-02-19,Morning,Line A,Product Alpha,1568,50,10,29.54,Surface Defect,Quality Issue,1508,0.0319,0.0064
443,2025-02-19,Afternoon,Line A,Product Gamma,1450,20,3,59.96,Surface Defect,Material Shortage,1427,0.0138,0.0021
444,2025-02-19,Night,Line A,Product Alpha,1333,40,9,77.5,Dimensional Error,Maintenance,1284,0.03,0.0068
445,2025-02-19,Morning,Line B,Product Beta,1256,67,17,30.88,Surface Defect,Changeover,1172,0.0533,0.0135
446,2025-02-19,Afternoon,Line B,Product Beta,1185,46,4,77.54,Dimensional Error,Changeover,1135,0.0388,0.0034
447,2025-02-19,Night,Line B,Product Beta,1132,18,3,76.14,Surface Defect,Mechanical Failure,1111,0.0159,0.0027
448,2025-02-19,Morning,Line C,Product Gamma,1057,60,8,15.56,Surface Defect,Material Shortage,989,0.0568,0.0076
449,2025-02-19,Afternoon,Line C,Product Alpha,1130,63,14,57.9,Dimensional Error,Quality Issue,1053,0.0558,0.0124
450,2025-02-19,Night,Line C,Product Delta,1025,30,7,22.3,Surface Defect,Changeover,988,0.0293,0.0068
451,2025-02-20,Morning,Line A,Product Gamma,1546,29,6,66.56,Coating Defect,Mechanical Failure,1511,0.0188,0.0039
452,2025-02-20,Afternoon,Line A,Product Gamma,1412,62,13,75.44,Assembly Error,Mechanical Failure,1337,0.0439,0.0092
453,2025-02-20,Night,Line A,Product Beta,1437,87,19,46.87,Assembly Error,Changeover,1331,0.0605,0.0132
454,2025-02-20,Morning,Line B,Product Alpha,1260,35,5,68.51,Surface Defect,Changeover,1220,0.0278,0.004
455,2025-02-20,Afternoon,Line B,Product Beta,1330,55,6,73.38,Coating Defect,Quality Issue,1269,0.0414,0.0045
456,2025-02-20,Night,Line B,Product Gamma,1122,61,17,24.73,Surface Defect,Mechanical Failure,1044,0.0544,0.0152
457,2025-02-20,Morning,Line C,Product Gamma,1184,62,7,69.54,Dimensional Error,Quality Issue,1115,0.0524,0.0059
458,2025-02-20,Afternoon,Line C,Product Delta,1102,69,10,51.51,Surface Defect,Maintenance,1023,0.0626,0.0091
459,2025-02-20,Night,Line C,Product Delta,989,59,5,11.09,Assembly Error,,925,0.0597,0.0051
460,2025-02-21,Morning,Line A,Product Alpha,1525,93,8,55.35,Coating Defect,Quality Issue,1424,0.061,0.0052
461,2025-02-21,Afternoon,Line A,Product Beta,1402,14,4,76.22,Dimensional Error,Changeover,1384,0.01,0.0029
462,2025-02-21,Night,Line A,Product Alpha,1277,61,17,75.16,Assembly Error,Quality Issue,1199,0.0478,0.0133
463,2025-02-21,Morning,Line B,Product Gamma,1238,71,11,33.62,Assembly Error,Maintenance,1156,0.0574,0.0089
464,2025-02-21,Afternoon,Line B,Product Gamma,1273,21,4,26.88,Dimensional Error,Maintenance,1248,0.0165,0.0031
465,2025-02-21,Night,Line B,Product Gamma,1190,43,5,56.57,Surface Defect,Changeover,1142,0.0361,0.0042
466,2025-02-21,Morning,Line C,Product Gamma,1137,25,3,61.1,Coating Defect,Material Shortage,1109,0.022,0.0026
467,2025-02-21,Afternoon,Line C,Product Gamma,1058,44,12,68.24,Dimensional Error,Quality Issue,1002,0.0416,0.0113
468,2025-02-21,Night,Line C,Product Alpha,1065,48,14,46.74,Surface Defect,Quality Issue,1003,0.0451,0.0131
469,2025-02-22,Morning,Line A,Product Gamma,1498,38,9,71.16,Coating Defect,Mechanical Failure,1451,0.0254,0.006
470,2025-02-22,Afternoon,Line A,Product Alpha,1411,14,2,35.92,Coating Defect,Maintenance,1395,0.0099,0.0014
471,2025-02-22,Night,Line A,Product Beta,1352,15,3,65.01,Dimensional Error,Material Shortage,1334,0.0111,0.0022
472,2025-02-22,Morning,Line B,Product Delta,1281,31,3,26.41,Coating Defect,Mechanical Failure,1247,0.0242,0.0023
473,2025-02-22,Afternoon,Line B,Product Delta,1333,46,12,28.07,Dimensional Error,Maintenance,1275,0.0345,0.009
474,2025-02-22,Night,Line B,Product Delta,1250,44,11,77.04,Surface Defect,Maintenance,1195,0.0352,0.0088
475,2025-02-22,Morning,Line C,Product Beta,1209,53,11,33.46,Surface Defect,Quality Issue,1145,0.0438,0.0091
476,2025-02-22,Afternoon,Line C,Product Gamma,1095,67,16,67.37,Assembly Error,Changeover,1012,0.0612,0.0146
477,2025-02-22,Night,Line C,Product Beta,1122,43,11,53.41,Assembly Error,Mechanical Failure,1068,0.0383,0.0098
478,2025-02-23,Morning,Line A,Product Alpha,1405,68,15,44.68,Dimensional Error,Changeover,1322,0.0484,0.0107
479,2025-02-23,Afternoon,Line A,Product Delta,1425,85,17,62.55,Surface Defect,Quality Issue,1323,0.0596,0.0119
480,2025-02-23,Night,Line A,Product Alpha,1411,53,16,31.13,Assembly Error,Mechanical Failure,1342,0.0376,0.0113
481,2025-02-23,Morning,Line B,Product Delta,1219,65,19,16.34,Dimensional Error,Mechanical Failure,1135,0.0533,0.0156
482,2025-02-23,Afternoon,Line B,Product Alpha,1248,40,11,44.71,Surface Defect,Mechanical Failure,1197,0.0321,0.0088
483,2025-02-23,Night,Line B,Product Beta,1233,57,13,18.92,Assembly Error,Changeover,1163,0.0462,0.0105
484,2025-02-23,Morning,Line C,Product Beta,1200,52,12,79.95,Dimensional Error,Maintenance,1136,0.0433,0.01
485,2025-02-23,Afternoon,Line C,Product Alpha,1164,20,4,61.3,Assembly Error,Material Shortage,1140,0.0172,0.0034
486,2025-02-23,Night,Line C,Product Delta,993,44,9,47.39,Coating Defect,Mechanical Failure,940,0.0443,0.0091
487,2025-02-24,Morning,Line A,Product Alpha,1564,73,9,48.07,Coating Defect,Material Shortage,1482,0.0467,0.0058
488,2025-02-24,Afternoon,Line A,Product Alpha,1452,84,15,44.93,Assembly Error,Maintenance,1353,0.0579,0.0103
489,2025-02-24,Night,Line A,Product Gamma,1432,76,8,18.32,Assembly Error,Quality Issue,1348,0.0531,0.0056
490,2025-02-24,Morning,Line B,Product Delta,1263,53,13,53.21,Surface Defect,Quality Issue,1197,0.042,0.0103
491,2025-02-24,Afternoon,Line B,Product Alpha,1178,54,6,20.81,Assembly Error,Material Shortage,1118,0.0458,0.0051
492,2025-02-24,Night,Line B,Product Gamma,1109,40,5,71.68,Dimensional Error,Material Shortage,1064,0.0361,0.0045
493,2025-02-24,Morning,Line C,Product Delta,1085,39,8,80.78,Coating Defect,Maintenance,1038,0.0359,0.0074
494,2025-02-24,Afternoon,Line C,Product Alpha,1048,57,9,40.55,Coating Defect,Quality Issue,982,0.0544,0.0086
495,2025-02-24,Night,Line C,Product Gamma,995,52,10,61.5,Assembly Error,Material Shortage,933,0.0523,0.0101
496,2025-02-25,Morning,Line A,Product Alpha,1498,13,1,63.01,Coating Defect,Mechanical Failure,1484,0.0087,0.0007
497,2025-02-25,Afternoon,Line A,Product Delta,1373,57,10,58.8,Coating Defect,Changeover,1306,0.0415,0.0073
498,2025-02-25,Night,Line A,Product Alpha,1278,33,6,73.64,Assembly Error,Material Shortage,1239,0.0258,0.0047
499,2025-02-25,Morning,Line B,Product Gamma,1317,75,12,38.08,Surface Defect,Material Shortage,1230,0.0569,0.0091
500,2025-02-25,Afternoon,Line B,Product Delta,1161,68,19,31.22,Dimensional Error,Maintenance,1074,0.0586,0.0164
501,2025-02-25,Night,Line B,Product Delta,1112,36,6,10.22,Dimensional Error,,1070,0.0324,0.0054
502,2025-02-25,Morning,Line C,Product Delta,1160,27,7,79.35,Dimensional Error,Maintenance,1126,0.0233,0.006
503,2025-02-25,Afternoon,Line C,Product Beta,1156,53,6,61.7,Surface Defect,Material Shortage,1097,0.0458,0.0052
504,2025-02-25,Night,Line C,Product Beta,1090,57,8,52.92,Dimensional Error,Quality Issue,1025,0.0523,0.0073
505,2025-02-26,Morning,Line A,Product Beta,1512,89,25,53.68,Dimensional Error,Maintenance,1398,0.0589,0.0165
506,2025-02-26,Afternoon,Line A,Product Delta,1431,62,6,15.24,Coating Defect,Quality Issue,1363,0.0433,0.0042
507,2025-02-26,Night,Line A,Product Beta,1381,80,8,43.95,Coating Defect,Maintenance,1293,0.0579,0.0058
508,2025-02-26,Morning,Line B,Product Alpha,1280,70,9,66.66,Surface Defect,Quality Issue,1201,0.0547,0.007
509,2025-02-26,Afternoon,Line B,Product Beta,1338,79,21,24.27,Dimensional Error,Mechanical Failure,1238,0.059,0.0157
510,2025-02-26,Night,Line B,Product Gamma,1264,15,1,53.36,Coating Defect,Quality Issue,1248,0.0119,0.0008
511,2025-02-26,Morning,Line C,Product Gamma,1181,43,11,15.17,Assembly Error,Changeover,1127,0.0364,0.0093
512,2025-02-26,Afternoon,Line C,Product Beta,1051,61,17,44.74,Assembly Error,Changeover,973,0.058,0.0162
513,2025-02-26,Night,Line C,Product Beta,963,55,15,48.29,Coating Defect,Material Shortage,893,0.0571,0.0156
514,2025-02-27,Morning,Line A,Product Delta,1511,82,20,21.67,Dimensional Error,Changeover,1409,0.0543,0.0132
515,2025-02-27,Afternoon,Line A,Product Gamma,1385,29,4,17.5,Coating Defect,Maintenance,1352,0.0209,0.0029
516,2025-02-27,Night,Line A,Product Delta,1446,77,23,74.28,Assembly Error,Changeover,1346,0.0533,0.0159
517,2025-02-27,Morning,Line B,Product Beta,1218,63,7,13.49,Surface Defect,,1148,0.0517,0.0057
518,2025-02-27,Afternoon,Line B,Product Alpha,1204,35,8,78.06,Assembly Error,Mechanical Failure,1161,0.0291,0.0066
519,2025-02-27,Night,Line B,Product Alpha,1136,62,14,45.29,Dimensional Error,Material Shortage,1060,0.0546,0.0123
520,2025-02-27,Morning,Line C,Product Beta,1060,19,3,74.68,Surface Defect,Maintenance,1038,0.0179,0.0028
521,2025-02-27,Afternoon,Line C,Product Delta,1062,67,15,13.17,Dimensional Error,,980,0.0631,0.0141
522,2025-02-27,Night,Line C,Product Gamma,1005,32,6,20.56,Assembly Error,Maintenance,967,0.0318,0.006
523,2025-02-28,Morning,Line A,Product Beta,1441,50,5,35.9,Surface Defect,Changeover,1386,0.0347,0.0035
524,2025-02-28,Afternoon,Line A,Product Delta,1489,59,13,12.65,Surface Defect,,1417,0.0396,0.0087
525,2025-02-28,Night,Line A,Product Delta,1312,53,16,25.22,Surface Defect,Mechanical Failure,1243,0.0404,0.0122
526,2025-02-28,Morning,Line B,Product Gamma,1340,78,9,68.19,Assembly Error,Mechanical Failure,1253,0.0582,0.0067
527,2025-02-28,Afternoon,Line B,Product Beta,1320,35,8,73.37,Surface Defect,Material Shortage,1277,0.0265,0.0061
528,2025-02-28,Night,Line B,Product Beta,1087,66,13,69.1,Coating Defect,Quality Issue,1008,0.0607,0.012
529,2025-02-28,Morning,Line C,Product Gamma,1090,53,5,43.31,Surface Defect,Quality Issue,1032,0.0486,0.0046
530,2025-02-28,Afternoon,Line C,Product Alpha,1142,39,9,15.92,Surface Defect,Maintenance,1094,0.0342,0.0079
531,2025-02-28,Night,Line C,Product Gamma,1120,42,11,32.91,Surface Defect,Mechanical Failure,1067,0.0375,0.0098
532,2025-03-01,Morning,Line A,Product Alpha,1568,93,13,56.66,Assembly Error,Quality Issue,1462,0.0593,0.0083
533,2025-03-01,Afternoon,Line A,Product Gamma,1470,62,13,12.56,Coating Defect,,1395,0.0422,0.0088
534,2025-03-01,Night,Line A,Product Gamma,1390,23,5,36.21,Surface Defect,Maintenance,1362,0.0165,0.0036
535,2025-03-01,Morning,Line B,Product Gamma,1332,60,10,68.31,Dimensional Error,Maintenance,1262,0.045,0.0075
536,2025-03-01,Afternoon,Line B,Product Beta,1297,82,18,41.37,Assembly Error,Changeover,1197,0.0632,0.0139
537,2025-03-01,Night,Line B,Product Alpha,1243,27,6,71.46,Dimensional Error,Material Shortage,1210,0.0217,0.0048
538,2025-03-01,Morning,Line C,Product Gamma,1120,42,5,79.94,Surface Defect,Quality Issue,1073,0.0375,0.0045
539,2025-03-01,Afternoon,Line C,Product Alpha,1062,53,12,45.4,Dimensional Error,Material Shortage,997,0.0499,0.0113
540,2025-03-01,Night,Line C,Product Delta,1029,35,4,38.38,Assembly Error,Material Shortage,990,0.034,0.0039
541,2025-03-02,Morning,Line A,Product Alpha,1434,33,3,15.28,Surface Defect,Material Shortage,1398,0.023,0.0021
542,2025-03-02,Afternoon,Line A,Product Gamma,1372,79,9,8.72,Surface Defect,,1284,0.0576,0.0066
543,2025-03-02,Night,Line A,Product Delta,1358,39,10,21.63,Surface Defect,Maintenance,1309,0.0287,0.0074
544,2025-03-02,Morning,Line B,Product Beta,1324,41,3,53.49,Coating Defect,Mechanical Failure,1280,0.031,0.0023
545,2025-03-02,Afternoon,Line B,Product Gamma,1288,31,9,23.49,Assembly Error,Maintenance,1248,0.0241,0.007
546,2025-03-02,Night,Line B,Product Beta,1252,32,6,35.42,Surface Defect,Mechanical Failure,1214,0.0256,0.0048
547,2025-03-02,Morning,Line C,Product Gamma,1070,46,10,61.37,Coating Defect,Quality Issue,1014,0.043,0.0093
548,2025-03-02,Afternoon,Line C,Product Beta,1187,26,3,22.12,Surface Defect,Maintenance,1158,0.0219,0.0025
549,2025-03-02,Night,Line C,Product Delta,1078,62,8,32.16,Surface Defect,Mechanical Failure,1008,0.0575,0.0074
550,2025-03-03,Morning,Line A,Product Gamma,1479,45,7,67.95,Coating Defect,Material Shortage,1427,0.0304,0.0047
551,2025-03-03,Afternoon,Line A,Product Delta,1511,68,8,76.11,Coating Defect,Material Shortage,1435,0.045,0.0053
552,2025-03-03,Night,Line A,Product Delta,1329,52,13,76.11,Coating Defect,Material Shortage,1264,0.0391,0.0098
553,2025-03-03,Morning,Line B,Product Delta,1240,74,17,52.91,Surface Defect,Maintenance,1149,0.0597,0.0137
554,2025-03-03,Afternoon,Line B,Product Beta,1318,30,6,78.96,Assembly Error,Quality Issue,1282,0.0228,0.0046
555,2025-03-03,Night,Line B,Product Beta,1137,25,2,57.71,Assembly Error,Maintenance,1110,0.022,0.0018
556,2025-03-03,Morning,Line C,Product Alpha,1045,19,3,31.37,Dimensional Error,Material Shortage,1023,0.0182,0.0029
557,2025-03-03,Afternoon,Line C,Product Delta,1075,50,5,22.66,Coating Defect,Changeover,1020,0.0465,0.0047
558,2025-03-03,Night,Line C,Product Beta,1092,48,13,44.2,Surface Defect,Maintenance,1031,0.044,0.0119
559,2025-03-04,Morning,Line A,Product Beta,1411,89,9,16.11,Coating Defect,Material Shortage,1313,0.0631,0.0064
560,2025-03-04,Afternoon,Line A,Product Gamma,1370,44,12,63.35,Assembly Error,Mechanical Failure,1314,0.0321,0.0088
561,2025-03-04,Night,Line A,Product Delta,1277,36,6,64.02,Dimensional Error,Material Shortage,1235,0.0282,0.0047
562,2025-03-04,Morning,Line B,Product Beta,1348,70,13,23.66,Assembly Error,Changeover,1265,0.0519,0.0096
563,2025-03-04,Afternoon,Line B,Product Gamma,1339,83,12,55.24,Coating Defect,Maintenance,1244,0.062,0.009
564,2025-03-04,Night,Line B,Product Gamma,1104,15,4,75.99,Dimensional Error,Changeover,1085,0.0136,0.0036
565,2025-03-04,Morning,Line C,Product Gamma,1164,69,11,72.37,Coating Defect,Changeover,1084,0.0593,0.0095
566,2025-03-04,Afternoon,Line C,Product Gamma,1012,28,5,10.47,Surface Defect,,979,0.0277,0.0049
567,2025-03-04,Night,Line C,Product Delta,1046,60,15,14.4,Coating Defect,,971,0.0574,0.0143
568,2025-03-05,Morning,Line A,Product Gamma,1434,61,14,20.26,Coating Defect,Material Shortage,1359,0.0425,0.0098
569,2025-03-05,Afternoon,Line A,Product Beta,1511,81,7,46.5,Surface Defect,Changeover,1423,0.0536,0.0046
570,2025-03-05,Night,Line A,Product Beta,1283,26,4,54.58,Assembly Error,Changeover,1253,0.0203,0.0031
571,2025-03-05,Morning,Line B,Product Alpha,1216,72,15,51.43,Surface Defect,Quality Issue,1129,0.0592,0.0123
572,2025-03-05,Afternoon,Line B,Product Alpha,1274,16,3,19.58,Dimensional Error,Material Shortage,1255,0.0126,0.0024
573,2025-03-05,Night,Line B,Product Delta,1153,70,15,41.5,Coating Defect,Changeover,1068,0.0607,0.013
574,2025-03-05,Morning,Line C,Product Delta,1214,62,6,34.31,Assembly Error,Maintenance,1146,0.0511,0.0049
575,2025-03-05,Afternoon,Line C,Product Gamma,1149,31,8,19.75,Assembly Error,Quality Issue,1110,0.027,0.007
576,2025-03-05,Night,Line C,Product Delta,989,24,4,80.06,Surface Defect,Material Shortage,961,0.0243,0.004
577,2025-03-06,Morning,Line A,Product Alpha,1422,32,8,75.62,Coating Defect,Changeover,1382,0.0225,0.0056
578,2025-03-06,Afternoon,Line A,Product Alpha,1506,55,10,72.84,Assembly Error,Changeover,1441,0.0365,0.0066
579,2025-03-06,Night,Line A,Product Alpha,1317,44,8,49.92,Dimensional Error,Mechanical Failure,1265,0.0334,0.0061
580,2025-03-06,Morning,Line B,Product Delta,1228,55,5,37.74,Surface Defect,Mechanical Failure,1168,0.0448,0.0041
581,2025-03-06,Afternoon,Line B,Product Beta,1169,51,7,58.35,Assembly Error,Changeover,1111,0.0436,0.006
582,2025-03-06,Night,Line B,Product Delta,1134,27,7,8.2,Dimensional Error,,1100,0.0238,0.0062
583,2025-03-06,Morning,Line C,Product Beta,1080,32,10,74.42,Dimensional Error,Material Shortage,1038,0.0296,0.0093
584,2025-03-06,Afternoon,Line C,Product Gamma,1078,63,15,64.53,Surface Defect,Changeover,1000,0.0584,0.0139
585,2025-03-06,Night,Line C,Product Beta,1018,13,3,63.82,Coating Defect,Changeover,1002,0.0128,0.0029
586,2025-03-07,Morning,Line A,Product Alpha,1491,30,8,54.8,Surface Defect,Mechanical Failure,1453,0.0201,0.0054
587,2025-03-07,Afternoon,Line A,Product Delta,1423,67,19,69.96,Surface Defect,Quality Issue,1337,0.0471,0.0134
588,2025-03-07,Night,Line A,Product Delta,1436,75,13,35.48,Dimensional Error,Quality Issue,1348,0.0522,0.0091
589,2025-03-07,Morning,Line B,Product Beta,1256,24,5,32.98,Dimensional Error,Mechanical Failure,1227,0.0191,0.004
590,2025-03-07,Afternoon,Line B,Product Gamma,1329,42,4,16.19,Surface Defect,Material Shortage,1283,0.0316,0.003
591,2025-03-07,Night,Line B,Product Alpha,1188,60,14,14.98,Dimensional Error,,1114,0.0505,0.0118
592,2025-03-07,Morning,Line C,Product Gamma,1050,45,13,68.93,Coating Defect,Maintenance,992,0.0429,0.0124
593,2025-03-07,Afternoon,Line C,Product Beta,1113,66,12,41.91,Dimensional Error,Mechanical Failure,1035,0.0593,0.0108
594,2025-03-07,Night,Line C,Product Gamma,1084,53,5,63.02,Dimensional Error,Quality Issue,1026,0.0489,0.0046
595,2025-03-08,Morning,Line A,Product Gamma,1530,55,11,77.29,Dimensional Error,Material Shortage,1464,0.0359,0.0072
596,2025-03-08,Afternoon,Line A,Product Alpha,1513,35,10,23.78,Dimensional Error,Mechanical Failure,1468,0.0231,0.0066
597,2025-03-08,Night,Line A,Product Beta,1414,40,10,74.41,Coating Defect,Changeover,1364,0.0283,0.0071
598,2025-03-08,Morning,Line B,Product Gamma,1280,54,12,75.76,Assembly Error,Material Shortage,1214,0.0422,0.0094
599,2025-03-08,Afternoon,Line B,Product Gamma,1268,32,4,70.89,Assembly Error,Mechanical Failure,1232,0.0252,0.0032
600,2025-03-08,Night,Line B,Product Delta,1165,36,6,42.19,Coating Defect,Changeover,1123,0.0309,0.0052
601,2025-03-08,Morning,Line C,Product Delta,1059,23,2,60.64,Surface Defect,Quality Issue,1034,0.0217,0.0019
602,2025-03-08,Afternoon,Line C,Product Gamma,1089,13,2,15.77,Coating Defect,Changeover,1074,0.0119,0.0018
603,2025-03-08,Night,Line C,Product Gamma,1036,9,1,81.12,Coating Defect,Changeover,1026,0.0087,0.001
604,2025-03-09,Morning,Line A,Product Delta,1478,79,23,30.44,Surface Defect,Mechanical Failure,1376,0.0535,0.0156
605,2025-03-09,Afternoon,Line A,Product Beta,1435,33,3,23.72,Surface Defect,Changeover,1399,0.023,0.0021
606,2025-03-09,Night,Line A,Product Delta,1418,46,5,35.11,Surface Defect,Quality Issue,1367,0.0324,0.0035
607,2025-03-09,Morning,Line B,Product Delta,1276,75,21,44.05,Dimensional Error,Maintenance,1180,0.0588,0.0165
608,2025-03-09,Afternoon,Line B,Product Alpha,1326,32,5,47.05,Assembly Error,Material Shortage,1289,0.0241,0.0038
609,2025-03-09,Night,Line B,Product Alpha,1191,68,16,67.25,Dimensional Error,Mechanical Failure,1107,0.0571,0.0134
610,2025-03-09,Morning,Line C,Product Gamma,1093,36,6,32.94,Dimensional Error,Quality Issue,1051,0.0329,0.0055
611,2025-03-09,Afternoon,Line C,Product Gamma,1032,44,6,11.98,Dimensional Error,,982,0.0426,0.0058
612,2025-03-09,Night,Line C,Product Gamma,1004,47,5,15.31,Coating Defect,Changeover,952,0.0468,0.005
613,2025-03-10,Morning,Line A,Product Alpha,1463,18,2,45.83,Assembly Error,Changeover,1443,0.0123,0.0014
614,2025-03-10,Afternoon,Line A,Product Beta,1509,33,7,22.51,Coating Defect,Maintenance,1469,0.0219,0.0046
615,2025-03-10,Night,Line A,Product Gamma,1414,79,11,35.4,Dimensional Error,Quality Issue,1324,0.0559,0.0078
616,2025-03-10,Morning,Line B,Product Delta,1227,66,9,54.21,Surface Defect,Changeover,1152,0.0538,0.0073
617,2025-03-10,Afternoon,Line B,Product Beta,1197,72,17,82.01,Assembly Error,Material Shortage,1108,0.0602,0.0142
618,2025-03-10,Night,Line B,Product Beta,1093,42,10,38.11,Coating Defect,Quality Issue,1041,0.0384,0.0091
619,2025-03-10,Morning,Line C,Product Delta,1086,62,18,47.91,Surface Defect,Quality Issue,1006,0.0571,0.0166
620,2025-03-10,Afternoon,Line C,Product Gamma,1175,26,7,64.83,Surface Defect,Changeover,1142,0.0221,0.006
621,2025-03-10,Night,Line C,Product Gamma,962,57,14,54.25,Assembly Error,Changeover,891,0.0593,0.0146
622,2025-03-11,Morning,Line A,Product Gamma,1521,75,22,13.9,Dimensional Error,,1424,0.0493,0.0145
623,2025-03-11,Afternoon,Line A,Product Beta,1517,19,3,74.23,Coating Defect,Quality Issue,1495,0.0125,0.002
624,2025-03-11,Night,Line A,Product Delta,1394,22,4,29.37,Assembly Error,Changeover,1368,0.0158,0.0029
625,2025-03-11,Morning,Line B,Product Alpha,1225,59,6,66.45,Coating Defect,Maintenance,1160,0.0482,0.0049
626,2025-03-11,Afternoon,Line B,Product Gamma,1340,67,16,31.89,Dimensional Error,Mechanical Failure,1257,0.05,0.0119
627,2025-03-11,Night,Line B,Product Gamma,1186,52,9,39.47,Surface Defect,Maintenance,1125,0.0438,0.0076
628,2025-03-11,Morning,Line C,Product Alpha,1061,55,8,48.66,Assembly Error,Changeover,998,0.0518,0.0075
629,2025-03-11,Afternoon,Line C,Product Gamma,1116,29,5,31.28,Coating Defect,Material Shortage,1082,0.026,0.0045
630,2025-03-11,Night,Line C,Product Alpha,1012,28,4,37.01,Surface Defect,Mechanical Failure,980,0.0277,0.004
631,2025-03-12,Morning,Line A,Product Alpha,1458,71,12,55.13,Assembly Error,Mechanical Failure,1375,0.0487,0.0082
632,2025-03-12,Afternoon,Line A,Product Alpha,1495,76,17,64.78,Coating Defect,Maintenance,1402,0.0508,0.0114
633,2025-03-12,Night,Line A,Product Beta,1335,25,6,59.87,Dimensional Error,Quality Issue,1304,0.0187,0.0045
634,2025-03-12,Morning,Line B,Product Gamma,1327,82,10,28.87,Dimensional Error,Quality Issue,1235,0.0618,0.0075
635,2025-03-12,Afternoon,Line B,Product Gamma,1217,76,12,70.9,Dimensional Error,Maintenance,1129,0.0624,0.0099
636,2025-03-12,Night,Line B,Product Delta,1099,66,17,66.65,Coating Defect,Mechanical Failure,1016,0.0601,0.0155
637,2025-03-12,Morning,Line C,Product Delta,1134,29,3,80.03,Coating Defect,Quality Issue,1102,0.0256,0.0026
638,2025-03-12,Afternoon,Line C,Product Alpha,1068,11,2,39.83,Assembly Error,Quality Issue,1055,0.0103,0.0019
639,2025-03-12,Night,Line C,Product Delta,1121,46,7,81.76,Assembly Error,Changeover,1068,0.041,0.0062
640,2025-03-13,Morning,Line A,Product Delta,1547,49,8,44.85,Surface Defect,Quality Issue,1490,0.0317,0.0052
641,2025-03-13,Afternoon,Line A,Product Beta,1464,23,5,55.97,Dimensional Error,Mechanical Failure,1436,0.0157,0.0034
642,2025-03-13,Night,Line A,Product Alpha,1419,82,11,57.85,Surface Defect,Quality Issue,1326,0.0578,0.0078
643,2025-03-13,Morning,Line B,Product Beta,1366,61,12,37.39,Surface Defect,Changeover,1293,0.0447,0.0088
644,2025-03-13,Afternoon,Line B,Product Gamma,1203,23,2,15.48,Dimensional Error,Maintenance,1178,0.0191,0.0017
645,2025-03-13,Night,Line B,Product Alpha,1092,41,10,47.92,Assembly Error,Quality Issue,1041,0.0375,0.0092
646,2025-03-13,Morning,Line C,Product Delta,1083,51,14,40.74,Dimensional Error,Mechanical Failure,1018,0.0471,0.0129
647,2025-03-13,Afternoon,Line C,Product Alpha,1174,12,1,63.46,Surface Defect,Changeover,1161,0.0102,0.0009
648,2025-03-13,Night,Line C,Product Alpha,990,26,8,53.77,Assembly Error,Material Shortage,956,0.0263,0.0081
649,2025-03-14,Morning,Line A,Product Gamma,1499,82,7,74.4,Coating Defect,Quality Issue,1410,0.0547,0.0047
650,2025-03-14,Afternoon,Line A,Product Delta,1401,45,12,37.95,Assembly Error,Changeover,1344,0.0321,0.0086
651,2025-03-14,Night,Line A,Product Gamma,1326,72,12,18.49,Coating Defect,Maintenance,1242,0.0543,0.009
652,2025-03-14,Morning,Line B,Product Gamma,1270,39,10,69.02,Coating Defect,Changeover,1221,0.0307,0.0079
653,2025-03-14,Afternoon,Line B,Product Alpha,1289,28,5,47.82,Coating Defect,Material Shortage,1256,0.0217,0.0039
654,2025-03-14,Night,Line B,Product Delta,1238,75,17,11.03,Coating Defect,,1146,0.0606,0.0137
655,2025-03-14,Morning,Line C,Product Gamma,1191,63,7,42.46,Assembly Error,Maintenance,1121,0.0529,0.0059
656,2025-03-14,Afternoon,Line C,Product Gamma,1013,31,9,64.71,Surface Defect,Maintenance,973,0.0306,0.0089
657,2025-03-14,Night,Line C,Product Delta,1083,33,9,73.39,Coating Defect,Material Shortage,1041,0.0305,0.0083
658,2025-03-15,Morning,Line A,Product Alpha,1425,34,8,64.82,Assembly Error,Material Shortage,1383,0.0239,0.0056
659,2025-03-15,Afternoon,Line A,Product Beta,1402,70,8,53.18,Coating Defect,Mechanical Failure,1324,0.0499,0.0057
660,2025-03-15,Night,Line A,Product Delta,1285,22,4,59.17,Dimensional Error,Changeover,1259,0.0171,0.0031
661,2025-03-15,Morning,Line B,Product Delta,1307,46,8,57.39,Assembly Error,Changeover,1253,0.0352,0.0061
662,2025-03-15,Afternoon,Line B,Product Gamma,1162,55,15,76.34,Assembly Error,Changeover,1092,0.0473,0.0129
663,2025-03-15,Night,Line B,Product Delta,1116,50,12,24.2,Assembly Error,Mechanical Failure,1054,0.0448,0.0108
664,2025-03-15,Morning,Line C,Product Alpha,1222,50,4,9.91,Coating Defect,,1168,0.0409,0.0033
665,2025-03-15,Afternoon,Line C,Product Beta,1035,55,12,51.57,Assembly Error,Changeover,968,0.0531,0.0116
666,2025-03-15,Night,Line C,Product Beta,1032,59,6,15.36,Dimensional Error,Quality Issue,967,0.0572,0.0058
667,2025-03-16,Morning,Line A,Product Alpha,1452,66,11,73.74,Dimensional Error,Quality Issue,1375,0.0455,0.0076
668,2025-03-16,Afternoon,Line A,Product Delta,1417,50,8,49.91,Surface Defect,Maintenance,1359,0.0353,0.0056
669,2025-03-16,Night,Line A,Product Gamma,1303,53,14,57.19,Coating Defect,Changeover,1236,0.0407,0.0107
670,2025-03-16,Morning,Line B,Product Gamma,1370,34,6,33.52,Dimensional Error,Maintenance,1330,0.0248,0.0044
671,2025-03-16,Afternoon,Line B,Product Beta,1197,69,7,19.33,Dimensional Error,Quality Issue,1121,0.0576,0.0058
672,2025-03-16,Night,Line B,Product Alpha,1252,18,3,11.37,Assembly Error,,1231,0.0144,0.0024
673,2025-03-16,Morning,Line C,Product Delta,1078,62,18,58.33,Assembly Error,Mechanical Failure,998,0.0575,0.0167
674,2025-03-16,Afternoon,Line C,Product Alpha,1113,67,20,33.96,Dimensional Error,Mechanical Failure,1026,0.0602,0.018
675,2025-03-16,Night,Line C,Product Alpha,1103,21,4,11.36,Coating Defect,,1078,0.019,0.0036
676,2025-03-17,Morning,Line A,Product Gamma,1430,26,8,36.35,Surface Defect,Quality Issue,1396,0.0182,0.0056
677,2025-03-17,Afternoon,Line A,Product Alpha,1515,49,13,33.27,Assembly Error,Changeover,1453,0.0323,0.0086
678,2025-03-17,Night,Line A,Product Delta,1344,44,8,58.97,Coating Defect,Material Shortage,1292,0.0327,0.006
679,2025-03-17,Morning,Line B,Product Beta,1310,74,22,65.23,Assembly Error,Mechanical Failure,1214,0.0565,0.0168
680,2025-03-17,Afternoon,Line B,Product Delta,1188,31,7,39.14,Coating Defect,Quality Issue,1150,0.0261,0.0059
681,2025-03-17,Night,Line B,Product Gamma,1248,40,7,57.54,Dimensional Error,Maintenance,1201,0.0321,0.0056
682,2025-03-17,Morning,Line C,Product Alpha,1192,19,3,60.36,Coating Defect,Mechanical Failure,1170,0.0159,0.0025
683,2025-03-17,Afternoon,Line C,Product Delta,1029,9,2,39.75,Assembly Error,Material Shortage,1018,0.0087,0.0019
684,2025-03-17,Night,Line C,Product Alpha,992,53,13,36.14,Coating Defect,Material Shortage,926,0.0534,0.0131
685,2025-03-18,Morning,Line A,Product Alpha,1494,14,2,27.67,Surface Defect,Material Shortage,1478,0.0094,0.0013
686,2025-03-18,Afternoon,Line A,Product Beta,1434,41,7,70.4,Assembly Error,Mechanical Failure,1386,0.0286,0.0049
687,2025-03-18,Night,Line A,Product Beta,1388,40,4,30.12,Coating Defect,Quality Issue,1344,0.0288,0.0029
688,2025-03-18,Morning,Line B,Product Alpha,1204,55,9,70.75,Surface Defect,Quality Issue,1140,0.0457,0.0075
689,2025-03-18,Afternoon,Line B,Product Beta,1185,75,19,33.55,Assembly Error,Changeover,1091,0.0633,0.016
690,2025-03-18,Night,Line B,Product Beta,1134,25,5,9.27,Surface Defect,,1104,0.022,0.0044
691,2025-03-18,Morning,Line C,Product Delta,1094,57,17,53.0,Dimensional Error,Changeover,1020,0.0521,0.0155
692,2025-03-18,Afternoon,Line C,Product Beta,1083,38,5,48.08,Coating Defect,Maintenance,1040,0.0351,0.0046
693,2025-03-18,Night,Line C,Product Gamma,1017,64,11,78.5,Assembly Error,Mechanical Failure,942,0.0629,0.0108
694,2025-03-19,Morning,Line A,Product Delta,1514,21,2,53.99,Surface Defect,Material Shortage,1491,0.0139,0.0013
695,2025-03-19,Afternoon,Line A,Product Delta,1429,20,6,36.59,Assembly Error,Mechanical Failure,1403,0.014,0.0042
696,2025-03-19,Night,Line A,Product Delta,1310,28,7,14.52,Coating Defect,,1275,0.0214,0.0053
697,2025-03-19,Morning,Line B,Product Beta,1344,61,10,47.18,Surface Defect,Mechanical Failure,1273,0.0454,0.0074
698,2025-03-19,Afternoon,Line B,Product Gamma,1290,58,15,64.12,Surface Defect,Material Shortage,1217,0.045,0.0116
699,2025-03-19,Night,Line B,Product Gamma,1163,24,7,61.93,Coating Defect,Mechanical Failure,1132,0.0206,0.006
700,2025-03-19,Morning,Line C,Product Beta,1146,62,5,24.54,Assembly Error,Mechanical Failure,1079,0.0541,0.0044
701,2025-03-19,Afternoon,Line C,Product Gamma,1160,46,5,59.75,Assembly Error,Mechanical Failure,1109,0.0397,0.0043
702,2025-03-19,Night,Line C,Product Gamma,1112,47,13,52.73,Assembly Error,Changeover,1052,0.0423,0.0117
703,2025-03-20,Morning,Line A,Product Alpha,1498,53,14,49.54,Coating Defect,Mechanical Failure,1431,0.0354,0.0093
704,2025-03-20,Afternoon,Line A,Product Alpha,1377,46,13,24.14,Assembly Error,Material Shortage,1318,0.0334,0.0094
705,2025-03-20,Night,Line A,Product Delta,1298,35,5,78.82,Assembly Error,Mechanical Failure,1258,0.027,0.0039
706,2025-03-20,Morning,Line B,Product Alpha,1226,45,7,29.21,Dimensional Error,Mechanical Failure,1174,0.0367,0.0057
707,2025-03-20,Afternoon,Line B,Product Gamma,1207,27,7,80.05,Assembly Error,Mechanical Failure,1173,0.0224,0.0058
708,2025-03-20,Night,Line B,Product Alpha,1221,64,6,56.44,Surface Defect,Material Shortage,1151,0.0524,0.0049
709,2025-03-20,Morning,Line C,Product Delta,1091,11,2,31.23,Dimensional Error,Material Shortage,1078,0.0101,0.0018
710,2025-03-20,Afternoon,Line C,Product Gamma,1141,63,17,61.39,Surface Defect,Quality Issue,1061,0.0552,0.0149
711,2025-03-20,Night,Line C,Product Alpha,1111,29,8,55.17,Coating Defect,Material Shortage,1074,0.0261,0.0072
712,2025-03-21,Morning,Line A,Product Gamma,1494,88,16,57.22,Coating Defect,Mechanical Failure,1390,0.0589,0.0107
713,2025-03-21,Afternoon,Line A,Product Delta,1454,26,5,11.49,Coating Defect,,1423,0.0179,0.0034
714,2025-03-21,Night,Line A,Product Gamma,1427,90,11,35.8,Surface Defect,Quality Issue,1326,0.0631,0.0077
715,2025-03-21,Morning,Line B,Product Alpha,1315,66,6,43.33,Assembly Error,Quality Issue,1243,0.0502,0.0046
716,2025-03-21,Afternoon,Line B,Product Alpha,1281,13,3,69.85,Surface Defect,Quality Issue,1265,0.0101,0.0023
717,2025-03-21,Night,Line B,Product Beta,1204,39,10,24.97,Surface Defect,Mechanical Failure,1155,0.0324,0.0083
718,2025-03-21,Morning,Line C,Product Delta,1184,45,6,69.26,Dimensional Error,Changeover,1133,0.038,0.0051
719,2025-03-21,Afternoon,Line C,Product Alpha,1166,68,20,12.83,Surface Defect,,1078,0.0583,0.0172
720,2025-03-21,Night,Line C,Product Beta,1030,50,13,44.03,Dimensional Error,Material Shortage,967,0.0485,0.0126
721,2025-03-22,Morning,Line A,Product Gamma,1478,16,1,19.4,Surface Defect,Changeover,1461,0.0108,0.0007
722,2025-03-22,Afternoon,Line A,Product Beta,1526,25,2,35.0,Assembly Error,Material Shortage,1499,0.0164,0.0013
723,2025-03-22,Night,Line A,Product Delta,1355,76,22,8.32,Coating Defect,,1257,0.0561,0.0162
724,2025-03-22,Morning,Line B,Product Gamma,1294,79,7,16.83,Dimensional Error,Quality Issue,1208,0.0611,0.0054
725,2025-03-22,Afternoon,Line B,Product Beta,1245,57,17,52.56,Assembly Error,Maintenance,1171,0.0458,0.0137
726,2025-03-22,Night,Line B,Product Beta,1092,26,6,15.9,Assembly Error,Maintenance,1060,0.0238,0.0055
727,2025-03-22,Morning,Line C,Product Beta,1117,38,7,20.23,Surface Defect,Mechanical Failure,1072,0.034,0.0063
728,2025-03-22,Afternoon,Line C,Product Alpha,1164,38,3,55.3,Assembly Error,Changeover,1123,0.0326,0.0026
729,2025-03-22,Night,Line C,Product Alpha,1053,31,7,82.81,Assembly Error,Mechanical Failure,1015,0.0294,0.0066
730,2025-03-23,Morning,Line A,Product Beta,1526,73,8,80.86,Coating Defect,Material Shortage,1445,0.0478,0.0052
731,2025-03-23,Afternoon,Line A,Product Alpha,1445,43,11,82.26,Surface Defect,Material Shortage,1391,0.0298,0.0076
732,2025-03-23,Night,Line A,Product Delta,1422,59,14,21.63,Assembly Error,Mechanical Failure,1349,0.0415,0.0098
733,2025-03-23,Morning,Line B,Product Gamma,1305,69,18,13.55,Assembly Error,,1218,0.0529,0.0138
734,2025-03-23,Afternoon,Line B,Product Alpha,1161,73,15,46.69,Coating Defect,Material Shortage,1073,0.0629,0.0129
735,2025-03-23,Night,Line B,Product Beta,1117,45,7,58.44,Coating Defect,Material Shortage,1065,0.0403,0.0063
736,2025-03-23,Morning,Line C,Product Beta,1186,15,4,72.71,Dimensional Error,Quality Issue,1167,0.0126,0.0034
737,2025-03-23,Afternoon,Line C,Product Delta,1057,43,13,29.57,Dimensional Error,Mechanical Failure,1001,0.0407,0.0123
738,2025-03-23,Night,Line C,Product Delta,1002,14,2,23.14,Surface Defect,Maintenance,986,0.014,0.002
739,2025-03-24,Morning,Line A,Product Delta,1567,44,4,80.26,Surface Defect,Quality Issue,1519,0.0281,0.0026
740,2025-03-24,Afternoon,Line A,Product Beta,1412,22,4,18.26,Assembly Error,Quality Issue,1386,0.0156,0.0028
741,2025-03-24,Night,Line A,Product Gamma,1275,45,6,10.92,Surface Defect,,1224,0.0353,0.0047
742,2025-03-24,Morning,Line B,Product Delta,1264,38,3,35.84,Dimensional Error,Quality Issue,1223,0.0301,0.0024
743,2025-03-24,Afternoon,Line B,Product Beta,1218,14,2,57.96,Dimensional Error,Material Shortage,1202,0.0115,0.0016
744,2025-03-24,Night,Line B,Product Alpha,1163,12,3,18.53,Assembly Error,Maintenance,1148,0.0103,0.0026
745,2025-03-24,Morning,Line C,Product Gamma,1075,64,13,15.94,Assembly Error,Maintenance,998,0.0595,0.0121
746,2025-03-24,Afternoon,Line C,Product Delta,1017,17,2,75.57,Coating Defect,Maintenance,998,0.0167,0.002
747,2025-03-24,Night,Line C,Product Alpha,984,34,8,55.61,Surface Defect,Maintenance,942,0.0346,0.0081
748,2025-03-25,Morning,Line A,Product Delta,1415,36,10,44.53,Dimensional Error,Material Shortage,1369,0.0254,0.0071
749,2025-03-25,Afternoon,Line A,Product Gamma,1470,32,8,45.1,Surface Defect,Changeover,1430,0.0218,0.0054
750,2025-03-25,Night,Line A,Product Alpha,1307,56,14,62.15,Assembly Error,Mechanical Failure,1237,0.0428,0.0107
751,2025-03-25,Morning,Line B,Product Alpha,1341,70,14,38.14,Coating Defect,Changeover,1257,0.0522,0.0104
752,2025-03-25,Afternoon,Line B,Product Gamma,1215,21,6,69.23,Coating Defect,Maintenance,1188,0.0173,0.0049
753,2025-03-25,Night,Line B,Product Beta,1115,15,4,10.74,Assembly Error,,1096,0.0135,0.0036
754,2025-03-25,Morning,Line C,Product Beta,1092,53,10,14.62,Dimensional Error,,1029,0.0485,0.0092
755,2025-03-25,Afternoon,Line C,Product Gamma,1149,9,1,46.37,Coating Defect,Mechanical Failure,1139,0.0078,0.0009
756,2025-03-25,Night,Line C,Product Gamma,1121,63,18,36.21,Dimensional Error,Maintenance,1040,0.0562,0.0161
757,2025-03-26,Morning,Line A,Product Alpha,1506,46,12,61.34,Assembly Error,Mechanical Failure,1448,0.0305,0.008
758,2025-03-26,Afternoon,Line A,Product Beta,1485,55,15,42.48,Assembly Error,Quality Issue,1415,0.037,0.0101
759,2025-03-26,Night,Line A,Product Beta,1324,64,14,73.61,Assembly Error,Mechanical Failure,1246,0.0483,0.0106
760,2025-03-26,Morning,Line B,Product Gamma,1320,82,7,19.87,Coating Defect,Quality Issue,1231,0.0621,0.0053
761,2025-03-26,Afternoon,Line B,Product Alpha,1172,58,7,77.05,Coating Defect,Material Shortage,1107,0.0495,0.006
762,2025-03-26,Night,Line B,Product Delta,1159,10,3,33.79,Coating Defect,Quality Issue,1146,0.0086,0.0026
763,2025-03-26,Morning,Line C,Product Delta,1214,16,2,50.72,Assembly Error,Quality Issue,1196,0.0132,0.0016
764,2025-03-26,Afternoon,Line C,Product Gamma,1120,44,8,61.51,Surface Defect,Maintenance,1068,0.0393,0.0071
765,2025-03-26,Night,Line C,Product Beta,1028,49,5,71.23,Surface Defect,Mechanical Failure,974,0.0477,0.0049
766,2025-03-27,Morning,Line A,Product Gamma,1452,78,23,32.09,Dimensional Error,Quality Issue,1351,0.0537,0.0158
767,2025-03-27,Afternoon,Line A,Product Alpha,1508,49,7,64.3,Surface Defect,Maintenance,1452,0.0325,0.0046
768,2025-03-27,Night,Line A,Product Gamma,1321,57,16,45.82,Dimensional Error,Mechanical Failure,1248,0.0431,0.0121
769,2025-03-27,Morning,Line B,Product Gamma,1251,36,11,63.94,Dimensional Error,Quality Issue,1204,0.0288,0.0088
770,2025-03-27,Afternoon,Line B,Product Alpha,1237,15,3,11.69,Surface Defect,,1219,0.0121,0.0024
771,2025-03-27,Night,Line B,Product Delta,1198,56,5,24.15,Coating Defect,Mechanical Failure,1137,0.0467,0.0042
772,2025-03-27,Morning,Line C,Product Gamma,1065,19,2,43.74,Coating Defect,Changeover,1044,0.0178,0.0019
773,2025-03-27,Afternoon,Line C,Product Beta,1176,49,6,56.85,Surface Defect,Quality Issue,1121,0.0417,0.0051
774,2025-03-27,Night,Line C,Product Alpha,1065,55,11,30.53,Surface Defect,Mechanical Failure,999,0.0516,0.0103
775,2025-03-28,Morning,Line A,Product Beta,1554,89,18,22.71,Assembly Error,Material Shortage,1447,0.0573,0.0116
776,2025-03-28,Afternoon,Line A,Product Gamma,1483,72,20,26.61,Coating Defect,Changeover,1391,0.0486,0.0135
777,2025-03-28,Night,Line A,Product Gamma,1375,52,11,29.6,Assembly Error,Mechanical Failure,1312,0.0378,0.008
778,2025-03-28,Morning,Line B,Product Alpha,1314,79,18,82.11,Dimensional Error,Quality Issue,1217,0.0601,0.0137
779,2025-03-28,Afternoon,Line B,Product Alpha,1183,39,6,81.32,Coating Defect,Mechanical Failure,1138,0.033,0.0051
780,2025-03-28,Night,Line B,Product Gamma,1198,48,10,38.05,Coating Defect,Changeover,1140,0.0401,0.0083
781,2025-03-28,Morning,Line C,Product Alpha,1183,58,8,58.95,Dimensional Error,Quality Issue,1117,0.049,0.0068
782,2025-03-28,Afternoon,Line C,Product Delta,1107,49,11,38.88,Dimensional Error,Maintenance,1047,0.0443,0.0099
783,2025-03-28,Night,Line C,Product Beta,980,29,5,12.18,Coating Defect,,946,0.0296,0.0051
784,2025-03-29,Morning,Line A,Product Alpha,1514,55,12,30.21,Surface Defect,Changeover,1447,0.0363,0.0079
785,2025-03-29,Afternoon,Line A,Product Gamma,1451,42,9,64.67,Dimensional Error,Mechanical Failure,1400,0.0289,0.0062
786,2025-03-29,Night,Line A,Product Alpha,1333,21,6,19.15,Surface Defect,Mechanical Failure,1306,0.0158,0.0045
787,2025-03-29,Morning,Line B,Product Alpha,1365,46,4,67.81,Dimensional Error,Changeover,1315,0.0337,0.0029
788,2025-03-29,Afternoon,Line B,Product Alpha,1315,81,7,15.88,Assembly Error,Material Shortage,1227,0.0616,0.0053
789,2025-03-29,Night,Line B,Product Delta,1240,53,10,80.83,Dimensional Error,Changeover,1177,0.0427,0.0081
790,2025-03-29,Morning,Line C,Product Gamma,1107,17,4,74.81,Assembly Error,Changeover,1086,0.0154,0.0036
791,2025-03-29,Afternoon,Line C,Product Beta,1176,67,15,13.53,Assembly Error,,1094,0.057,0.0128
792,2025-03-29,Night,Line C,Product Delta,999,61,5,38.0,Dimensional Error,Mechanical Failure,933,0.0611,0.005
793,2025-03-30,Morning,Line A,Product Gamma,1491,90,17,77.06,Dimensional Error,Changeover,1384,0.0604,0.0114
794,2025-03-30,Afternoon,Line A,Product Delta,1488,22,3,70.32,Assembly Error,Material Shortage,1463,0.0148,0.002
795,2025-03-30,Night,Line A,Product Beta,1399,24,2,48.58,Dimensional Error,Maintenance,1373,0.0172,0.0014
796,2025-03-30,Morning,Line B,Product Delta,1206,73,22,80.54,Assembly Error,Quality Issue,1111,0.0605,0.0182
797,2025-03-30,Afternoon,Line B,Product Gamma,1179,16,4,70.11,Surface Defect,Maintenance,1159,0.0136,0.0034
798,2025-03-30,Night,Line B,Product Gamma,1161,69,18,16.81,Dimensional Error,Mechanical Failure,1074,0.0594,0.0155
799,2025-03-30,Morning,Line C,Product Alpha,1222,61,15,24.61,Dimensional Error,Mechanical Failure,1146,0.0499,0.0123
800,2025-03-30,Afternoon,Line C,Product Alpha,1161,18,2,17.67,Dimensional Error,Quality Issue,1141,0.0155,0.0017
801,2025-03-30,Night,Line C,Product Beta,1086,28,4,52.45,Coating Defect,Changeover,1054,0.0258,0.0037
802,2025-03-31,Morning,Line A,Product Delta,1558,96,15,14.44,Assembly Error,,1447,0.0616,0.0096
803,2025-03-31,Afternoon,Line A,Product Gamma,1424,63,15,47.61,Dimensional Error,Quality Issue,1346,0.0442,0.0105
804,2025-03-31,Night,Line A,Product Alpha,1376,80,21,55.96,Surface Defect,Mechanical Failure,1275,0.0581,0.0153
805,2025-03-31,Morning,Line B,Product Gamma,1215,16,3,76.64,Surface Defect,Changeover,1196,0.0132,0.0025
806,2025-03-31,Afternoon,Line B,Product Alpha,1333,42,7,49.21,Assembly Error,Material Shortage,1284,0.0315,0.0053
807,2025-03-31,Night,Line B,Product Delta,1094,59,5,29.67,Surface Defect,Mechanical Failure,1030,0.0539,0.0046
808,2025-03-31,Morning,Line C,Product Gamma,1162,58,15,25.67,Coating Defect,Maintenance,1089,0.0499,0.0129
809,2025-03-31,Afternoon,Line C,Product Gamma,1163,43,6,65.85,Assembly Error,Material Shortage,1114,0.037,0.0052
810,2025-03-31,Night,Line C,Product Beta,1081,32,3,45.14,Assembly Error,Mechanical Failure,1046,0.0296,0.0028
811,2025-04-01,Morning,Line A,Product Beta,1406,53,15,13.96,Surface Defect,,1338,0.0377,0.0107
812,2025-04-01,Afternoon,Line A,Product Gamma,1384,51,13,82.55,Surface Defect,Mechanical Failure,1320,0.0368,0.0094
813,2025-04-01,Night,Line A,Product Alpha,1444,12,4,48.93,Coating Defect,Material Shortage,1428,0.0083,0.0028
814,2025-04-01,Morning,Line B,Product Alpha,1261,43,12,23.75,Surface Defect,Quality Issue,1206,0.0341,0.0095
815,2025-04-01,Afternoon,Line B,Product Delta,1295,59,14,20.99,Surface Defect,Material Shortage,1222,0.0456,0.0108
816,2025-04-01,Night,Line B,Product Gamma,1251,37,8,76.83,Coating Defect,Quality Issue,1206,0.0296,0.0064
817,2025-04-01,Morning,Line C,Product Gamma,1160,37,10,46.65,Surface Defect,Mechanical Failure,1113,0.0319,0.0086
818,2025-04-01,Afternoon,Line C,Product Delta,1155,20,5,27.1,Coating Defect,Changeover,1130,0.0173,0.0043
819,2025-04-01,Night,Line C,Product Alpha,979,11,1,54.3,Coating Defect,Mechanical Failure,967,0.0112,0.001
820,2025-04-02,Morning,Line A,Product Alpha,1506,13,4,65.88,Dimensional Error,Mechanical Failure,1489,0.0086,0.0027
821,2025-04-02,Afternoon,Line A,Product Delta,1426,72,21,42.06,Assembly Error,Quality Issue,1333,0.0505,0.0147
822,2025-04-02,Night,Line A,Product Beta,1427,87,17,72.05,Coating Defect,Changeover,1323,0.061,0.0119
823,2025-04-02,Morning,Line B,Product Beta,1242,37,5,30.77,Assembly Error,Changeover,1200,0.0298,0.004
824,2025-04-02,Afternoon,Line B,Product Alpha,1286,71,12,35.48,Assembly Error,Quality Issue,1203,0.0552,0.0093
825,2025-04-02,Night,Line B,Product Beta,1205,57,15,66.67,Coating Defect,Maintenance,1133,0.0473,0.0124
826,2025-04-02,Morning,Line C,Product Beta,1141,48,6,44.32,Surface Defect,Quality Issue,1087,0.0421,0.0053
827,2025-04-02,Afternoon,Line C,Product Delta,1038,59,9,60.79,Assembly Error,Maintenance,970,0.0568,0.0087
828,2025-04-02,Night,Line C,Product Delta,1057,48,6,24.07,Coating Defect,Quality Issue,1003,0.0454,0.0057
829,2025-04-03,Morning,Line A,Product Alpha,1553,77,19,16.57,Dimensional Error,Maintenance,1457,0.0496,0.0122
830,2025-04-03,Afternoon,Line A,Product Beta,1477,17,2,37.44,Surface Defect,Mechanical Failure,1458,0.0115,0.0014
831,2025-04-03,Night,Line A,Product Alpha,1362,74,21,8.12,Surface Defect,,1267,0.0543,0.0154
832,2025-04-03,Morning,Line B,Product Beta,1231,63,9,35.13,Surface Defect,Changeover,1159,0.0512,0.0073
833,2025-04-03,Afternoon,Line B,Product Delta,1227,13,3,63.97,Surface Defect,Material Shortage,1211,0.0106,0.0024
834,2025-04-03,Night,Line B,Product Alpha,1159,54,14,41.44,Assembly Error,Mechanical Failure,1091,0.0466,0.0121
835,2025-04-03,Morning,Line C,Product Gamma,1078,32,3,40.57,Assembly Error,Quality Issue,1043,0.0297,0.0028
836,2025-04-03,Afternoon,Line C,Product Gamma,1081,26,6,57.9,Surface Defect,Quality Issue,1049,0.0241,0.0056
837,2025-04-03,Night,Line C,Product Alpha,1029,64,19,58.03,Dimensional Error,Maintenance,946,0.0622,0.0185
838,2025-04-04,Morning,Line A,Product Alpha,1483,71,16,57.56,Surface Defect,Changeover,1396,0.0479,0.0108
839,2025-04-04,Afternoon,Line A,Product Gamma,1521,91,11,50.07,Dimensional Error,Maintenance,1419,0.0598,0.0072
840,2025-04-04,Night,Line A,Product Gamma,1345,72,11,47.89,Surface Defect,Mechanical Failure,1262,0.0535,0.0082
841,2025-04-04,Morning,Line B,Product Gamma,1280,58,9,56.93,Assembly Error,Changeover,1213,0.0453,0.007
842,2025-04-04,Afternoon,Line B,Product Delta,1172,30,4,77.87,Coating Defect,Quality Issue,1138,0.0256,0.0034
843,2025-04-04,Night,Line B,Product Gamma,1139,10,2,31.89,Surface Defect,Material Shortage,1127,0.0088,0.0018
844,2025-04-04,Morning,Line C,Product Gamma,1059,12,3,59.08,Dimensional Error,Material Shortage,1044,0.0113,0.0028
845,2025-04-04,Afternoon,Line C,Product Alpha,1053,16,2,27.97,Dimensional Error,Mechanical Failure,1035,0.0152,0.0019
846,2025-04-04,Night,Line C,Product Gamma,1033,21,2,68.63,Surface Defect,Maintenance,1010,0.0203,0.0019
847,2025-04-05,Morning,Line A,Product Delta,1526,87,17,72.4,Dimensional Error,Mechanical Failure,1422,0.057,0.0111
848,2025-04-05,Afternoon,Line A,Product Beta,1417,40,9,45.08,Surface Defect,Changeover,1368,0.0282,0.0064
849,2025-04-05,Night,Line A,Product Gamma,1292,27,2,66.84,Surface Defect,Material Shortage,1263,0.0209,0.0015
850,2025-04-05,Morning,Line B,Product Alpha,1362,43,5,31.99,Surface Defect,Changeover,1314,0.0316,0.0037
851,2025-04-05,Afternoon,Line B,Product Delta,1325,32,4,26.51,Surface Defect,Mechanical Failure,1289,0.0242,0.003
852,2025-04-05,Night,Line B,Product Alpha,1120,45,8,10.0,Coating Defect,,1067,0.0402,0.0071
853,2025-04-05,Morning,Line C,Product Beta,1129,65,12,20.12,Surface Defect,Material Shortage,1052,0.0576,0.0106
854,2025-04-05,Afternoon,Line C,Product Delta,1062,29,5,75.53,Surface Defect,Mechanical Failure,1028,0.0273,0.0047
855,2025-04-05,Night,Line C,Product Alpha,1020,58,17,80.54,Coating Defect,Material Shortage,945,0.0569,0.0167
856,2025-04-06,Morning,Line A,Product Alpha,1547,16,5,30.13,Assembly Error,Quality Issue,1526,0.0103,0.0032
857,2025-04-06,Afternoon,Line A,Product Beta,1499,94,11,46.5,Dimensional Error,Maintenance,1394,0.0627,0.0073
858,2025-04-06,Night,Line A,Product Beta,1370,83,12,80.68,Coating Defect,Quality Issue,1275,0.0606,0.0088
859,2025-04-06,Morning,Line B,Product Alpha,1307,50,9,34.62,Assembly Error,Changeover,1248,0.0383,0.0069
860,2025-04-06,Afternoon,Line B,Product Delta,1239,62,15,46.65,Dimensional Error,Material Shortage,1162,0.05,0.0121
861,2025-04-06,Night,Line B,Product Gamma,1206,54,8,13.9,Assembly Error,,1144,0.0448,0.0066
862,2025-04-06,Morning,Line C,Product Delta,1121,44,9,54.85,Coating Defect,Changeover,1068,0.0393,0.008
863,2025-04-06,Afternoon,Line C,Product Beta,1105,14,4,59.62,Coating Defect,Changeover,1087,0.0127,0.0036
864,2025-04-06,Night,Line C,Product Gamma,1017,37,9,72.45,Assembly Error,Material Shortage,971,0.0364,0.0088
865,2025-04-07,Morning,Line A,Product Delta,1577,51,8,32.18,Dimensional Error,Quality Issue,1518,0.0323,0.0051
866,2025-04-07,Afternoon,Line A,Product Delta,1436,18,5,51.36,Dimensional Error,Maintenance,1413,0.0125,0.0035
867,2025-04-07,Night,Line A,Product Alpha,1276,45,7,81.02,Dimensional Error,Changeover,1224,0.0353,0.0055
868,2025-04-07,Morning,Line B,Product Gamma,1352,57,14,47.03,Assembly Error,Quality Issue,1281,0.0422,0.0104
869,2025-04-07,Afternoon,Line B,Product Delta,1328,68,20,58.47,Dimensional Error,Material Shortage,1240,0.0512,0.0151
870,2025-04-07,Night,Line B,Product Gamma,1237,63,12,30.92,Assembly Error,Quality Issue,1162,0.0509,0.0097
871,2025-04-07,Morning,Line C,Product Gamma,1200,53,11,68.26,Surface Defect,Quality Issue,1136,0.0442,0.0092
872,2025-04-07,Afternoon,Line C,Product Delta,1088,52,12,25.42,Dimensional Error,Changeover,1024,0.0478,0.011
873,2025-04-07,Night,Line C,Product Delta,974,49,12,59.79,Coating Defect,Quality Issue,913,0.0503,0.0123
874,2025-04-08,Morning,Line A,Product Gamma,1485,12,2,70.75,Coating Defect,Quality Issue,1471,0.0081,0.0013
875,2025-04-08,Afternoon,Line A,Product Beta,1512,54,10,58.58,Dimensional Error,Mechanical Failure,1448,0.0357,0.0066
876,2025-04-08,Night,Line A,Product Alpha,1439,71,7,11.46,Dimensional Error,,1361,0.0493,0.0049
877,2025-04-08,Morning,Line B,Product Beta,1252,60,13,22.15,Surface Defect,Maintenance,1179,0.0479,0.0104
878,2025-04-08,Afternoon,Line B,Product Alpha,1252,62,5,50.32,Dimensional Error,Maintenance,1185,0.0495,0.004
879,2025-04-08,Night,Line B,Product Beta,1174,71,18,69.06,Coating Defect,Changeover,1085,0.0605,0.0153
880,2025-04-08,Morning,Line C,Product Alpha,1134,54,11,44.67,Assembly Error,Maintenance,1069,0.0476,0.0097
881,2025-04-08,Afternoon,Line C,Product Gamma,1187,56,6,23.82,Dimensional Error,Maintenance,1125,0.0472,0.0051
882,2025-04-08,Night,Line C,Product Gamma,979,48,10,81.94,Coating Defect,Changeover,921,0.049,0.0102
883,2025-04-09,Morning,Line A,Product Delta,1478,13,2,76.65,Assembly Error,Changeover,1463,0.0088,0.0014
884,2025-04-09,Afternoon,Line A,Product Gamma,1368,21,5,35.36,Surface Defect,Maintenance,1342,0.0154,0.0037
885,2025-04-09,Night,Line A,Product Alpha,1439,44,6,24.63,Dimensional Error,Mechanical Failure,1389,0.0306,0.0042
886,2025-04-09,Morning,Line B,Product Alpha,1356,17,2,45.56,Dimensional Error,Mechanical Failure,1337,0.0125,0.0015
887,2025-04-09,Afternoon,Line B,Product Beta,1318,53,10,32.49,Coating Defect,Changeover,1255,0.0402,0.0076
888,2025-04-09,Night,Line B,Product Beta,1114,19,3,13.07,Assembly Error,,1092,0.0171,0.0027
889,2025-04-09,Morning,Line C,Product Alpha,1061,16,3,66.99,Assembly Error,Changeover,1042,0.0151,0.0028
890,2025-04-09,Afternoon,Line C,Product Alpha,1136,34,10,72.82,Coating Defect,Changeover,1092,0.0299,0.0088
891,2025-04-09,Night,Line C,Product Alpha,1083,22,3,29.79,Surface Defect,Maintenance,1058,0.0203,0.0028
892,2025-04-10,Morning,Line A,Product Gamma,1467,48,11,71.1,Surface Defect,Mechanical Failure,1408,0.0327,0.0075
893,2025-04-10,Afternoon,Line A,Product Beta,1509,38,5,45.31,Dimensional Error,Material Shortage,1466,0.0252,0.0033
894,2025-04-10,Night,Line A,Product Beta,1418,49,7,78.59,Dimensional Error,Maintenance,1362,0.0346,0.0049
895,2025-04-10,Morning,Line B,Product Beta,1268,68,18,17.58,Surface Defect,Maintenance,1182,0.0536,0.0142
896,2025-04-10,Afternoon,Line B,Product Gamma,1184,27,8,31.52,Surface Defect,Mechanical Failure,1149,0.0228,0.0068
897,2025-04-10,Night,Line B,Product Beta,1144,37,4,57.66,Surface Defect,Material Shortage,1103,0.0323,0.0035
898,2025-04-10,Morning,Line C,Product Alpha,1082,64,11,57.03,Assembly Error,Quality Issue,1007,0.0591,0.0102
899,2025-04-10,Afternoon,Line C,Product Gamma,1028,37,9,40.11,Assembly Error,Quality Issue,982,0.036,0.0088
900,2025-04-10,Night,Line C,Product Delta,1098,17,5,73.42,Assembly Error,Changeover,1076,0.0155,0.0046
901,2025-04-11,Morning,Line A,Product Beta,1418,78,22,60.99,Surface Defect,Changeover,1318,0.055,0.0155
902,2025-04-11,Afternoon,Line A,Product Gamma,1445,89,11,45.4,Assembly Error,Changeover,1345,0.0616,0.0076
903,2025-04-11,Night,Line A,Product Delta,1378,23,3,25.4,Surface Defect,Mechanical Failure,1352,0.0167,0.0022
904,2025-04-11,Morning,Line B,Product Alpha,1302,38,10,18.85,Dimensional Error,Changeover,1254,0.0292,0.0077
905,2025-04-11,Afternoon,Line B,Product Alpha,1282,25,7,75.98,Assembly Error,Mechanical Failure,1250,0.0195,0.0055
906,2025-04-11,Night,Line B,Product Gamma,1257,43,7,30.02,Assembly Error,Mechanical Failure,1207,0.0342,0.0056
907,2025-04-11,Morning,Line C,Product Alpha,1105,46,6,67.04,Assembly Error,Maintenance,1053,0.0416,0.0054
908,2025-04-11,Afternoon,Line C,Product Alpha,1050,53,13,73.99,Surface Defect,Material Shortage,984,0.0505,0.0124
909,2025-04-11,Night,Line C,Product Alpha,957,43,7,29.1,Assembly Error,Quality Issue,907,0.0449,0.0073
910,2025-04-12,Morning,Line A,Product Beta,1493,53,9,57.9,Surface Defect,Material Shortage,1431,0.0355,0.006
911,2025-04-12,Afternoon,Line A,Product Alpha,1513,89,15,28.03,Dimensional Error,Maintenance,1409,0.0588,0.0099
912,2025-04-12,Night,Line A,Product Delta,1378,58,6,72.32,Surface Defect,Material Shortage,1314,0.0421,0.0044
913,2025-04-12,Morning,Line B,Product Alpha,1206,40,11,37.99,Surface Defect,Quality Issue,1155,0.0332,0.0091
914,2025-04-12,Afternoon,Line B,Product Delta,1315,56,9,68.99,Surface Defect,Quality Issue,1250,0.0426,0.0068
915,2025-04-12,Night,Line B,Product Delta,1115,21,4,42.2,Coating Defect,Changeover,1090,0.0188,0.0036
916,2025-04-12,Morning,Line C,Product Delta,1084,62,13,52.62,Coating Defect,Maintenance,1009,0.0572,0.012
917,2025-04-12,Afternoon,Line C,Product Beta,1029,27,8,9.34,Dimensional Error,,994,0.0262,0.0078
918,2025-04-12,Night,Line C,Product Gamma,1042,52,11,57.58,Surface Defect,Maintenance,979,0.0499,0.0106
919,2025-04-13,Morning,Line A,Product Beta,1496,17,2,76.3,Coating Defect,Maintenance,1477,0.0114,0.0013
920,2025-04-13,Afternoon,Line A,Product Gamma,1482,90,17,8.38,Assembly Error,,1375,0.0607,0.0115
921,2025-04-13,Night,Line A,Product Delta,1283,15,2,68.91,Coating Defect,Mechanical Failure,1266,0.0117,0.0016
922,2025-04-13,Morning,Line B,Product Delta,1230,50,8,61.67,Coating Defect,Changeover,1172,0.0407,0.0065
923,2025-04-13,Afternoon,Line B,Product Alpha,1191,32,7,57.92,Coating Defect,Mechanical Failure,1152,0.0269,0.0059
924,2025-04-13,Night,Line B,Product Gamma,1118,15,4,24.09,Surface Defect,Mechanical Failure,1099,0.0134,0.0036
925,2025-04-13,Morning,Line C,Product Delta,1078,17,4,30.6,Assembly Error,Maintenance,1057,0.0158,0.0037
926,2025-04-13,Afternoon,Line C,Product Alpha,1076,29,4,36.74,Dimensional Error,Material Shortage,1043,0.027,0.0037
927,2025-04-13,Night,Line C,Product Alpha,977,9,1,42.24,Coating Defect,Changeover,967,0.0092,0.001
928,2025-04-14,Morning,Line A,Product Beta,1551,35,7,43.34,Dimensional Error,Maintenance,1509,0.0226,0.0045
929,2025-04-14,Afternoon,Line A,Product Delta,1377,64,14,15.34,Dimensional Error,Material Shortage,1299,0.0465,0.0102
930,2025-04-14,Night,Line A,Product Gamma,1404,22,6,46.07,Dimensional Error,Changeover,1376,0.0157,0.0043
931,2025-04-14,Morning,Line B,Product Delta,1288,16,5,81.34,Coating Defect,Quality Issue,1267,0.0124,0.0039
932,2025-04-14,Afternoon,Line B,Product Gamma,1328,23,3,60.87,Dimensional Error,Material Shortage,1302,0.0173,0.0023
933,2025-04-14,Night,Line B,Product Gamma,1128,48,8,29.64,Assembly Error,Mechanical Failure,1072,0.0426,0.0071
934,2025-04-14,Morning,Line C,Product Gamma,1053,57,7,29.73,Dimensional Error,Quality Issue,989,0.0541,0.0066
935,2025-04-14,Afternoon,Line C,Product Delta,1060,40,7,50.67,Surface Defect,Quality Issue,1013,0.0377,0.0066
936,2025-04-14,Night,Line C,Product Alpha,1116,12,3,79.35,Coating Defect,Maintenance,1101,0.0108,0.0027
937,2025-04-15,Morning,Line A,Product Gamma,1475,46,13,69.91,Coating Defect,Maintenance,1416,0.0312,0.0088
938,2025-04-15,Afternoon,Line A,Product Alpha,1427,47,5,16.83,Assembly Error,Mechanical Failure,1375,0.0329,0.0035
939,2025-04-15,Night,Line A,Product Beta,1315,61,14,64.85,Surface Defect,Quality Issue,1240,0.0464,0.0106
940,2025-04-15,Morning,Line B,Product Delta,1343,33,4,16.94,Surface Defect,Mechanical Failure,1306,0.0246,0.003
941,2025-04-15,Afternoon,Line B,Product Alpha,1285,21,2,33.14,Assembly Error,Mechanical Failure,1262,0.0163,0.0016
942,2025-04-15,Night,Line B,Product Gamma,1093,46,5,49.29,Surface Defect,Mechanical Failure,1042,0.0421,0.0046
943,2025-04-15,Morning,Line C,Product Beta,1202,25,6,50.34,Assembly Error,Maintenance,1171,0.0208,0.005
944,2025-04-15,Afternoon,Line C,Product Delta,1069,58,14,72.41,Surface Defect,Material Shortage,997,0.0543,0.0131
945,2025-04-15,Night,Line C,Product Gamma,1054,21,3,42.19,Coating Defect,Mechanical Failure,1030,0.0199,0.0028
946,2025-04-16,Morning,Line A,Product Gamma,1445,48,10,76.33,Surface Defect,Mechanical Failure,1387,0.0332,0.0069
947,2025-04-16,Afternoon,Line A,Product Beta,1364,47,8,60.15,Coating Defect,Mechanical Failure,1309,0.0345,0.0059
948,2025-04-16,Night,Line A,Product Beta,1323,73,21,17.54,Dimensional Error,Maintenance,1229,0.0552,0.0159
949,2025-04-16,Morning,Line B,Product Beta,1310,64,9,64.2,Surface Defect,Mechanical Failure,1237,0.0489,0.0069
950,2025-04-16,Afternoon,Line B,Product Delta,1251,57,12,24.87,Surface Defect,Material Shortage,1182,0.0456,0.0096
951,2025-04-16,Night,Line B,Product Beta,1250,43,5,68.7,Assembly Error,Material Shortage,1202,0.0344,0.004
952,2025-04-16,Morning,Line C,Product Delta,1200,60,16,68.65,Surface Defect,Changeover,1124,0.05,0.0133
953,2025-04-16,Afternoon,Line C,Product Alpha,1141,15,4,44.41,Dimensional Error,Mechanical Failure,1122,0.0131,0.0035
954,2025-04-16,Night,Line C,Product Delta,1063,66,18,44.59,Surface Defect,Quality Issue,979,0.0621,0.0169
955,2025-04-17,Morning,Line A,Product Delta,1405,70,18,28.33,Surface Defect,Mechanical Failure,1317,0.0498,0.0128
956,2025-04-17,Afternoon,Line A,Product Beta,1361,56,12,82.97,Dimensional Error,Mechanical Failure,1293,0.0411,0.0088
957,2025-04-17,Night,Line A,Product Beta,1290,40,8,71.42,Assembly Error,Material Shortage,1242,0.031,0.0062
958,2025-04-17,Morning,Line B,Product Delta,1200,27,4,45.27,Coating Defect,Mechanical Failure,1169,0.0225,0.0033
959,2025-04-17,Afternoon,Line B,Product Alpha,1167,39,9,12.93,Assembly Error,,1119,0.0334,0.0077
960,2025-04-17,Night,Line B,Product Delta,1220,49,10,63.45,Surface Defect,Quality Issue,1161,0.0402,0.0082
961,2025-04-17,Morning,Line C,Product Beta,1061,40,10,42.37,Coating Defect,Changeover,1011,0.0377,0.0094
962,2025-04-17,Afternoon,Line C,Product Gamma,1078,54,5,75.03,Coating Defect,Quality Issue,1019,0.0501,0.0046
963,2025-04-17,Night,Line C,Product Delta,999,55,5,55.27,Dimensional Error,Maintenance,939,0.0551,0.005
964,2025-04-18,Morning,Line A,Product Delta,1458,68,20,19.64,Dimensional Error,Material Shortage,1370,0.0466,0.0137
965,2025-04-18,Afternoon,Line A,Product Beta,1435,63,8,47.0,Dimensional Error,Material Shortage,1364,0.0439,0.0056
966,2025-04-18,Night,Line A,Product Alpha,1338,23,3,23.6,Surface Defect,Mechanical Failure,1312,0.0172,0.0022
967,2025-04-18,Morning,Line B,Product Delta,1375,45,8,46.18,Surface Defect,Material Shortage,1322,0.0327,0.0058
968,2025-04-18,Afternoon,Line B,Product Gamma,1161,33,7,76.11,Coating Defect,Material Shortage,1121,0.0284,0.006
969,2025-04-18,Night,Line B,Product Alpha,1245,54,10,66.0,Surface Defect,Maintenance,1181,0.0434,0.008
970,2025-04-18,Morning,Line C,Product Delta,1153,51,15,50.71,Dimensional Error,Changeover,1087,0.0442,0.013
971,2025-04-18,Afternoon,Line C,Product Delta,1107,58,17,77.01,Assembly Error,Changeover,1032,0.0524,0.0154
972,2025-04-18,Night,Line C,Product Beta,1099,29,7,50.94,Surface Defect,Maintenance,1063,0.0264,0.0064
973,2025-04-19,Morning,Line A,Product Gamma,1562,44,8,74.76,Dimensional Error,Changeover,1510,0.0282,0.0051
974,2025-04-19,Afternoon,Line A,Product Alpha,1466,17,2,8.21,Surface Defect,,1447,0.0116,0.0014
975,2025-04-19,Night,Line A,Product Beta,1274,32,8,69.65,Coating Defect,Mechanical Failure,1234,0.0251,0.0063
976,2025-04-19,Morning,Line B,Product Gamma,1301,69,6,31.28,Dimensional Error,Mechanical Failure,1226,0.053,0.0046
977,2025-04-19,Afternoon,Line B,Product Delta,1281,54,16,57.15,Assembly Error,Quality Issue,1211,0.0422,0.0125
978,2025-04-19,Night,Line B,Product Delta,1150,21,5,55.29,Assembly Error,Mechanical Failure,1124,0.0183,0.0043
979,2025-04-19,Morning,Line C,Product Alpha,1102,47,12,22.78,Dimensional Error,Material Shortage,1043,0.0426,0.0109
980,2025-04-19,Afternoon,Line C,Product Gamma,1017,47,10,46.62,Coating Defect,Quality Issue,960,0.0462,0.0098
981,2025-04-19,Night,Line C,Product Beta,951,16,3,65.86,Assembly Error,Maintenance,932,0.0168,0.0032
982,2025-04-20,Morning,Line A,Product Alpha,1519,23,5,60.91,Assembly Error,Mechanical Failure,1491,0.0151,0.0033
983,2025-04-20,Afternoon,Line A,Product Beta,1374,23,6,34.93,Assembly Error,Material Shortage,1345,0.0167,0.0044
984,2025-04-20,Night,Line A,Product Gamma,1415,59,16,63.53,Dimensional Error,Quality Issue,1340,0.0417,0.0113
985,2025-04-20,Morning,Line B,Product Alpha,1244,41,12,12.65,Coating Defect,,1191,0.033,0.0096
986,2025-04-20,Afternoon,Line B,Product Gamma,1173,70,19,13.02,Surface Defect,,1084,0.0597,0.0162
987,2025-04-20,Night,Line B,Product Gamma,1111,11,3,82.0,Surface Defect,Maintenance,1097,0.0099,0.0027
988,2025-04-20,Morning,Line C,Product Delta,1069,15,3,47.97,Dimensional Error,Changeover,1051,0.014,0.0028
989,2025-04-20,Afternoon,Line C,Product Alpha,1043,60,5,37.42,Coating Defect,Quality Issue,978,0.0575,0.0048
990,2025-04-20,Night,Line C,Product Beta,994,56,6,12.55,Coating Defect,,932,0.0563,0.006
991,2025-04-21,Morning,Line A,Product Gamma,1424,61,9,49.59,Assembly Error,Maintenance,1354,0.0428,0.0063
992,2025-04-21,Afternoon,Line A,Product Beta,1360,80,14,59.17,Surface Defect,Changeover,1266,0.0588,0.0103
993,2025-04-21,Night,Line A,Product Delta,1400,40,11,72.77,Surface Defect,Mechanical Failure,1349,0.0286,0.0079
994,2025-04-21,Morning,Line B,Product Gamma,1366,59,9,36.46,Surface Defect,Material Shortage,1298,0.0432,0.0066
995,2025-04-21,Afternoon,Line B,Product Beta,1198,44,11,20.33,Coating Defect,Quality Issue,1143,0.0367,0.0092
996,2025-04-21,Night,Line B,Product Gamma,1213,74,10,63.71,Surface Defect,Changeover,1129,0.061,0.0082
997,2025-04-21,Morning,Line C,Product Beta,1118,27,6,27.96,Coating Defect,Mechanical Failure,1085,0.0242,0.0054
998,2025-04-21,Afternoon,Line C,Product Delta,1075,64,18,37.69,Assembly Error,Quality Issue,993,0.0595,0.0167
999,2025-04-21,Night,Line C,Product Delta,1053,30,4,44.55,Coating Defect,Quality Issue,1019,0.0285,0.0038
1000,2025-04-22,Morning,Line A,Product Delta,1488,20,4,12.55,Dimensional Error,,1464,0.0134,0.0027
1001,2025-04-22,Afternoon,Line A,Product Alpha,1508,50,6,16.79,Assembly Error,Changeover,1452,0.0332,0.004
1002,2025-04-22,Night,Line A,Product Delta,1361,56,14,19.77,Assembly Error,Material Shortage,1291,0.0411,0.0103
1003,2025-04-22,Morning,Line B,Product Delta,1351,16,2,60.83,Assembly Error,Material Shortage,1333,0.0118,0.0015
1004,2025-04-22,Afternoon,Line B,Product Beta,1200,55,15,32.25,Dimensional Error,Maintenance,1130,0.0458,0.0125
1005,2025-04-22,Night,Line B,Product Delta,1160,52,13,72.83,Assembly Error,Mechanical Failure,1095,0.0448,0.0112
1006,2025-04-22,Morning,Line C,Product Delta,1049,36,4,71.7,Surface Defect,Mechanical Failure,1009,0.0343,0.0038
1007,2025-04-22,Afternoon,Line C,Product Gamma,1046,48,5,54.75,Assembly Error,Maintenance,993,0.0459,0.0048
1008,2025-04-22,Night,Line C,Product Gamma,1008,58,16,77.16,Coating Defect,Material Shortage,934,0.0575,0.0159
1009,2025-04-23,Morning,Line A,Product Gamma,1480,14,3,61.7,Dimensional Error,Changeover,1463,0.0095,0.002
1010,2025-04-23,Afternoon,Line A,Product Beta,1484,85,15,35.02,Coating Defect,Mechanical Failure,1384,0.0573,0.0101
1011,2025-04-23,Night,Line A,Product Alpha,1347,60,18,44.28,Surface Defect,Quality Issue,1269,0.0445,0.0134
1012,2025-04-23,Morning,Line B,Product Alpha,1373,23,4,38.07,Assembly Error,Material Shortage,1346,0.0168,0.0029
1013,2025-04-23,Afternoon,Line B,Product Gamma,1312,60,12,66.81,Dimensional Error,Maintenance,1240,0.0457,0.0091
1014,2025-04-23,Night,Line B,Product Gamma,1193,41,5,76.0,Dimensional Error,Quality Issue,1147,0.0344,0.0042
1015,2025-04-23,Morning,Line C,Product Alpha,1118,55,10,75.94,Dimensional Error,Mechanical Failure,1053,0.0492,0.0089
1016,2025-04-23,Afternoon,Line C,Product Beta,1039,40,10,11.92,Surface Defect,,989,0.0385,0.0096
1017,2025-04-23,Night,Line C,Product Alpha,1031,50,11,76.8,Coating Defect,Material Shortage,970,0.0485,0.0107
1018,2025-04-24,Morning,Line A,Product Beta,1496,85,25,77.89,Surface Defect,Changeover,1386,0.0568,0.0167
1019,2025-04-24,Afternoon,Line A,Product Beta,1426,46,7,36.05,Surface Defect,Maintenance,1373,0.0323,0.0049
1020,2025-04-24,Night,Line A,Product Delta,1365,30,8,25.08,Surface Defect,Material Shortage,1327,0.022,0.0059
1021,2025-04-24,Morning,Line B,Product Alpha,1263,50,5,66.51,Surface Defect,Maintenance,1208,0.0396,0.004
1022,2025-04-24,Afternoon,Line B,Product Alpha,1335,82,19,56.05,Assembly Error,Maintenance,1234,0.0614,0.0142
1023,2025-04-24,Night,Line B,Product Gamma,1149,42,3,56.04,Dimensional Error,Material Shortage,1104,0.0366,0.0026
1024,2025-04-24,Morning,Line C,Product Gamma,1055,58,8,73.35,Coating Defect,Changeover,989,0.055,0.0076
1025,2025-04-24,Afternoon,Line C,Product Beta,1162,27,4,53.31,Surface Defect,Maintenance,1131,0.0232,0.0034
1026,2025-04-24,Night,Line C,Product Alpha,976,39,7,76.24,Surface Defect,Maintenance,930,0.04,0.0072
1027,2025-04-25,Morning,Line A,Product Beta,1493,88,25,53.06,Assembly Error,Mechanical Failure,1380,0.0589,0.0167
1028,2025-04-25,Afternoon,Line A,Product Delta,1493,14,2,68.79,Dimensional Error,Maintenance,1477,0.0094,0.0013
1029,2025-04-25,Night,Line A,Product Alpha,1289,73,10,75.72,Surface Defect,Maintenance,1206,0.0566,0.0078
1030,2025-04-25,Morning,Line B,Product Gamma,1261,25,6,25.75,Assembly Error,Maintenance,1230,0.0198,0.0048
1031,2025-04-25,Afternoon,Line B,Product Gamma,1192,52,7,20.77,Coating Defect,Mechanical Failure,1133,0.0436,0.0059
1032,2025-04-25,Night,Line B,Product Delta,1145,67,8,81.49,Assembly Error,Maintenance,1070,0.0585,0.007
1033,2025-04-25,Morning,Line C,Product Alpha,1065,33,6,38.38,Assembly Error,Quality Issue,1026,0.031,0.0056
1034,2025-04-25,Afternoon,Line C,Product Beta,1150,71,13,51.94,Surface Defect,Material Shortage,1066,0.0617,0.0113
1035,2025-04-25,Night,Line C,Product Gamma,983,51,13,36.75,Coating Defect,Maintenance,919,0.0519,0.0132
1036,2025-04-26,Morning,Line A,Product Alpha,1542,64,15,28.51,Assembly Error,Quality Issue,1463,0.0415,0.0097
1037,2025-04-26,Afternoon,Line A,Product Alpha,1540,73,9,53.7,Assembly Error,Changeover,1458,0.0474,0.0058
1038,2025-04-26,Night,Line A,Product Alpha,1370,13,2,69.21,Surface Defect,Mechanical Failure,1355,0.0095,0.0015
1039,2025-04-26,Morning,Line B,Product Alpha,1272,47,12,61.49,Surface Defect,Mechanical Failure,1213,0.0369,0.0094
1040,2025-04-26,Afternoon,Line B,Product Alpha,1339,49,7,66.17,Assembly Error,Changeover,1283,0.0366,0.0052
1041,2025-04-26,Night,Line B,Product Delta,1086,21,4,49.35,Dimensional Error,Mechanical Failure,1061,0.0193,0.0037
1042,2025-04-26,Morning,Line C,Product Delta,1182,61,10,64.91,Coating Defect,Changeover,1111,0.0516,0.0085
1043,2025-04-26,Afternoon,Line C,Product Beta,1130,63,12,54.97,Dimensional Error,Maintenance,1055,0.0558,0.0106
1044,2025-04-26,Night,Line C,Product Gamma,1093,68,11,8.95,Coating Defect,,1014,0.0622,0.0101
1045,2025-04-27,Morning,Line A,Product Delta,1459,61,14,69.37,Assembly Error,Material Shortage,1384,0.0418,0.0096
1046,2025-04-27,Afternoon,Line A,Product Delta,1361,28,2,61.68,Dimensional Error,Changeover,1331,0.0206,0.0015
1047,2025-04-27,Night,Line A,Product Alpha,1363,33,6,18.6,Surface Defect,Material Shortage,1324,0.0242,0.0044
1048,2025-04-27,Morning,Line B,Product Beta,1199,16,4,29.84,Assembly Error,Maintenance,1179,0.0133,0.0033
1049,2025-04-27,Afternoon,Line B,Product Gamma,1243,16,2,15.86,Coating Defect,Material Shortage,1225,0.0129,0.0016
1050,2025-04-27,Night,Line B,Product Gamma,1232,32,5,41.01,Coating Defect,Material Shortage,1195,0.026,0.0041
1051,2025-04-27,Morning,Line C,Product Alpha,1184,58,11,12.26,Coating Defect,,1115,0.049,0.0093
1052,2025-04-27,Afternoon,Line C,Product Beta,1182,50,14,78.31,Dimensional Error,Quality Issue,1118,0.0423,0.0118
1053,2025-04-27,Night,Line C,Product Gamma,957,53,14,34.99,Dimensional Error,Material Shortage,890,0.0554,0.0146
1054,2025-04-28,Morning,Line A,Product Gamma,1459,73,20,24.82,Coating Defect,Quality Issue,1366,0.05,0.0137
1055,2025-04-28,Afternoon,Line A,Product Beta,1422,62,16,21.57,Dimensional Error,Quality Issue,1344,0.0436,0.0113
1056,2025-04-28,Night,Line A,Product Alpha,1373,48,5,59.26,Dimensional Error,Quality Issue,1320,0.035,0.0036
1057,2025-04-28,Morning,Line B,Product Beta,1261,21,2,33.46,Dimensional Error,Changeover,1238,0.0167,0.0016
1058,2025-04-28,Afternoon,Line B,Product Beta,1290,29,5,69.4,Coating Defect,Maintenance,1256,0.0225,0.0039
1059,2025-04-28,Night,Line B,Product Delta,1256,19,3,44.78,Dimensional Error,Changeover,1234,0.0151,0.0024
1060,2025-04-28,Morning,Line C,Product Alpha,1140,24,5,76.67,Surface Defect,Quality Issue,1111,0.0211,0.0044
1061,2025-04-28,Afternoon,Line C,Product Gamma,1152,22,5,22.77,Coating Defect,Maintenance,1125,0.0191,0.0043
1062,2025-04-28,Night,Line C,Product Gamma,1031,42,12,67.49,Dimensional Error,Quality Issue,977,0.0407,0.0116
1063,2025-04-29,Morning,Line A,Product Beta,1445,82,10,44.69,Coating Defect,Quality Issue,1353,0.0567,0.0069
1064,2025-04-29,Afternoon,Line A,Product Alpha,1435,81,14,10.9,Coating Defect,,1340,0.0564,0.0098
1065,2025-04-29,Night,Line A,Product Alpha,1360,62,15,50.12,Coating Defect,Quality Issue,1283,0.0456,0.011
1066,2025-04-29,Morning,Line B,Product Beta,1328,47,6,82.17,Dimensional Error,Material Shortage,1275,0.0354,0.0045
1067,2025-04-29,Afternoon,Line B,Product Alpha,1272,22,4,32.13,Surface Defect,Changeover,1246,0.0173,0.0031
1068,2025-04-29,Night,Line B,Product Delta,1194,57,7,79.23,Assembly Error,Quality Issue,1130,0.0477,0.0059
1069,2025-04-29,Morning,Line C,Product Alpha,1167,26,7,57.32,Assembly Error,Material Shortage,1134,0.0223,0.006
1070,2025-04-29,Afternoon,Line C,Product Beta,1180,49,10,37.24,Assembly Error,Quality Issue,1121,0.0415,0.0085
1071,2025-04-29,Night,Line C,Product Beta,1078,12,2,80.44,Surface Defect,Maintenance,1064,0.0111,0.0019
1072,2025-04-30,Morning,Line A,Product Beta,1540,83,11,10.47,Dimensional Error,,1446,0.0539,0.0071
1073,2025-04-30,Afternoon,Line A,Product Beta,1398,60,13,23.79,Dimensional Error,Changeover,1325,0.0429,0.0093
1074,2025-04-30,Night,Line A,Product Beta,1351,34,4,19.62,Assembly Error,Material Shortage,1313,0.0252,0.003
1075,2025-04-30,Morning,Line B,Product Gamma,1248,78,19,28.25,Surface Defect,Quality Issue,1151,0.0625,0.0152
1076,2025-04-30,Afternoon,Line B,Product Delta,1324,21,3,21.46,Coating Defect,Maintenance,1300,0.0159,0.0023
1077,2025-04-30,Night,Line B,Product Alpha,1185,10,2,15.0,Dimensional Error,Mechanical Failure,1173,0.0084,0.0017
1078,2025-04-30,Morning,Line C,Product Gamma,1063,45,5,37.61,Assembly Error,Material Shortage,1013,0.0423,0.0047
1079,2025-04-30,Afternoon,Line C,Product Alpha,1084,43,8,71.88,Coating Defect,Maintenance,1033,0.0397,0.0074
1080,2025-04-30,Night,Line C,Product Alpha,1072,28,4,23.87,Dimensional Error,Quality Issue,1040,0.0261,0.0037
1081,2025-05-01,Morning,Line A,Product Beta,1430,85,17,48.8,Coating Defect,Mechanical Failure,1328,0.0594,0.0119
1082,2025-05-01,Afternoon,Line A,Product Beta,1433,12,2,10.06,Assembly Error,,1419,0.0084,0.0014
1083,2025-05-01,Night,Line A,Product Delta,1380,29,4,52.9,Coating Defect,Maintenance,1347,0.021,0.0029
1084,2025-05-01,Morning,Line B,Product Alpha,1246,54,8,36.26,Surface Defect,Changeover,1184,0.0433,0.0064
1085,2025-05-01,Afternoon,Line B,Product Delta,1245,73,7,13.91,Assembly Error,,1165,0.0586,0.0056
1086,2025-05-01,Night,Line B,Product Alpha,1252,17,3,32.07,Dimensional Error,Changeover,1232,0.0136,0.0024
1087,2025-05-01,Morning,Line C,Product Delta,1172,53,13,68.24,Assembly Error,Maintenance,1106,0.0452,0.0111
1088,2025-05-01,Afternoon,Line C,Product Alpha,1079,55,12,15.25,Dimensional Error,Quality Issue,1012,0.051,0.0111
1089,2025-05-01,Night,Line C,Product Gamma,992,9,1,64.18,Surface Defect,Mechanical Failure,982,0.0091,0.001
1090,2025-05-02,Morning,Line A,Product Delta,1431,61,16,18.86,Dimensional Error,Maintenance,1354,0.0426,0.0112
1091,2025-05-02,Afternoon,Line A,Product Beta,1442,16,2,21.68,Coating Defect,Maintenance,1424,0.0111,0.0014
1092,2025-05-02,Night,Line A,Product Gamma,1357,62,7,59.77,Coating Defect,Material Shortage,1288,0.0457,0.0052
1093,2025-05-02,Morning,Line B,Product Beta,1250,48,9,37.91,Coating Defect,Changeover,1193,0.0384,0.0072
1094,2025-05-02,Afternoon,Line B,Product Alpha,1235,28,7,20.09,Surface Defect,Mechanical Failure,1200,0.0227,0.0057
1095,2025-05-02,Night,Line B,Product Beta,1260,71,7,31.49,Surface Defect,Maintenance,1182,0.0563,0.0056
1096,2025-05-02,Morning,Line C,Product Beta,1073,14,3,29.38,Coating Defect,Mechanical Failure,1056,0.013,0.0028
1097,2025-05-02,Afternoon,Line C,Product Alpha,1183,54,16,9.08,Dimensional Error,,1113,0.0456,0.0135
1098,2025-05-02,Night,Line C,Product Beta,1060,66,15,30.88,Surface Defect,Changeover,979,0.0623,0.0142
1099,2025-05-03,Morning,Line A,Product Delta,1420,82,21,27.34,Surface Defect,Mechanical Failure,1317,0.0577,0.0148
1100,2025-05-03,Afternoon,Line A,Product Alpha,1519,91,11,49.97,Assembly Error,Mechanical Failure,1417,0.0599,0.0072
1101,2025-05-03,Night,Line A,Product Gamma,1449,41,11,30.38,Dimensional Error,Quality Issue,1397,0.0283,0.0076
1102,2025-05-03,Morning,Line B,Product Alpha,1199,71,7,41.2,Surface Defect,Changeover,1121,0.0592,0.0058
1103,2025-05-03,Afternoon,Line B,Product Alpha,1183,19,3,46.41,Dimensional Error,Changeover,1161,0.0161,0.0025
1104,2025-05-03,Night,Line B,Product Alpha,1239,61,6,66.76,Surface Defect,Changeover,1172,0.0492,0.0048
1105,2025-05-03,Morning,Line C,Product Alpha,1140,55,5,63.75,Assembly Error,Changeover,1080,0.0482,0.0044
1106,2025-05-03,Afternoon,Line C,Product Gamma,1160,51,11,79.86,Dimensional Error,Maintenance,1098,0.044,0.0095
1107,2025-05-03,Night,Line C,Product Alpha,1058,51,14,68.72,Assembly Error,Maintenance,993,0.0482,0.0132
1108,2025-05-04,Morning,Line A,Product Beta,1496,75,9,58.99,Dimensional Error,Maintenance,1412,0.0501,0.006
1109,2025-05-04,Afternoon,Line A,Product Delta,1518,44,9,12.11,Assembly Error,,1465,0.029,0.0059
1110,2025-05-04,Night,Line A,Product Gamma,1430,39,3,15.57,Coating Defect,Maintenance,1388,0.0273,0.0021
1111,2025-05-04,Morning,Line B,Product Delta,1261,72,12,22.84,Surface Defect,Material Shortage,1177,0.0571,0.0095
1112,2025-05-04,Afternoon,Line B,Product Gamma,1231,69,7,50.64,Surface Defect,Material Shortage,1155,0.0561,0.0057
1113,2025-05-04,Night,Line B,Product Beta,1235,16,4,18.24,Assembly Error,Maintenance,1215,0.013,0.0032
1114,2025-05-04,Morning,Line C,Product Delta,1066,9,1,23.7,Dimensional Error,Changeover,1056,0.0084,0.0009
1115,2025-05-04,Afternoon,Line C,Product Alpha,1068,12,1,22.72,Assembly Error,Mechanical Failure,1055,0.0112,0.0009
1116,2025-05-04,Night,Line C,Product Beta,1104,32,8,19.18,Coating Defect,Maintenance,1064,0.029,0.0072
1117,2025-05-05,Morning,Line A,Product Gamma,1516,91,26,52.94,Coating Defect,Material Shortage,1399,0.06,0.0172
1118,2025-05-05,Afternoon,Line A,Product Delta,1471,37,7,21.53,Assembly Error,Quality Issue,1427,0.0252,0.0048
1119,2025-05-05,Night,Line A,Product Alpha,1391,68,11,49.39,Assembly Error,Material Shortage,1312,0.0489,0.0079
1120,2025-05-05,Morning,Line B,Product Beta,1238,45,6,62.16,Coating Defect,Mechanical Failure,1187,0.0363,0.0048
1121,2025-05-05,Afternoon,Line B,Product Beta,1166,35,4,46.94,Surface Defect,Mechanical Failure,1127,0.03,0.0034
1122,2025-05-05,Night,Line B,Product Gamma,1185,56,16,74.29,Surface Defect,Material Shortage,1113,0.0473,0.0135
1123,2025-05-05,Morning,Line C,Product Gamma,1045,53,11,29.05,Surface Defect,Quality Issue,981,0.0507,0.0105
1124,2025-05-05,Afternoon,Line C,Product Delta,1180,37,7,75.51,Surface Defect,Maintenance,1136,0.0314,0.0059
1125,2025-05-05,Night,Line C,Product Gamma,976,14,1,60.53,Coating Defect,Material Shortage,961,0.0143,0.001
1126,2025-05-06,Morning,Line A,Product Beta,1439,16,5,49.68,Surface Defect,Mechanical Failure,1418,0.0111,0.0035
1127,2025-05-06,Afternoon,Line A,Product Delta,1476,92,8,38.08,Dimensional Error,Mechanical Failure,1376,0.0623,0.0054
1128,2025-05-06,Night,Line A,Product Gamma,1281,15,2,69.59,Surface Defect,Maintenance,1264,0.0117,0.0016
1129,2025-05-06,Morning,Line B,Product Beta,1234,50,7,25.94,Surface Defect,Material Shortage,1177,0.0405,0.0057
1130,2025-05-06,Afternoon,Line B,Product Delta,1162,57,8,13.39,Dimensional Error,,1097,0.0491,0.0069
1131,2025-05-06,Night,Line B,Product Alpha,1236,63,6,57.22,Dimensional Error,Mechanical Failure,1167,0.051,0.0049
1132,2025-05-06,Morning,Line C,Product Delta,1192,17,3,68.31,Assembly Error,Material Shortage,1172,0.0143,0.0025
1133,2025-05-06,Afternoon,Line C,Product Beta,1152,54,11,35.25,Dimensional Error,Mechanical Failure,1087,0.0469,0.0095
1134,2025-05-06,Night,Line C,Product Delta,1038,37,7,63.82,Assembly Error,Changeover,994,0.0356,0.0067
1135,2025-05-07,Morning,Line A,Product Delta,1421,29,3,56.03,Dimensional Error,Material Shortage,1389,0.0204,0.0021
1136,2025-05-07,Afternoon,Line A,Product Delta,1523,33,3,38.95,Dimensional Error,Changeover,1487,0.0217,0.002
1137,2025-05-07,Night,Line A,Product Delta,1426,68,13,38.81,Dimensional Error,Changeover,1345,0.0477,0.0091
1138,2025-05-07,Morning,Line B,Product Beta,1314,81,15,23.0,Surface Defect,Maintenance,1218,0.0616,0.0114
1139,2025-05-07,Afternoon,Line B,Product Gamma,1186,11,3,20.7,Coating Defect,Quality Issue,1172,0.0093,0.0025
1140,2025-05-07,Night,Line B,Product Gamma,1207,37,10,11.12,Coating Defect,,1160,0.0307,0.0083
1141,2025-05-07,Morning,Line C,Product Alpha,1136,27,4,8.32,Surface Defect,,1105,0.0238,0.0035
1142,2025-05-07,Afternoon,Line C,Product Alpha,1143,62,10,28.77,Assembly Error,Changeover,1071,0.0542,0.0087
1143,2025-05-07,Night,Line C,Product Delta,958,29,4,65.12,Dimensional Error,Maintenance,925,0.0303,0.0042
1144,2025-05-08,Morning,Line A,Product Delta,1558,63,16,28.92,Dimensional Error,Mechanical Failure,1479,0.0404,0.0103
1145,2025-05-08,Afternoon,Line A,Product Delta,1448,43,7,51.06,Coating Defect,Quality Issue,1398,0.0297,0.0048
1146,2025-05-08,Night,Line A,Product Gamma,1373,66,18,49.42,Surface Defect,Mechanical Failure,1289,0.0481,0.0131
1147,2025-05-08,Morning,Line B,Product Gamma,1279,42,3,73.59,Surface Defect,Maintenance,1234,0.0328,0.0023
1148,2025-05-08,Afternoon,Line B,Product Alpha,1232,61,11,60.85,Assembly Error,Material Shortage,1160,0.0495,0.0089
1149,2025-05-08,Night,Line B,Product Beta,1110,9,1,69.88,Surface Defect,Quality Issue,1100,0.0081,0.0009
1150,2025-05-08,Morning,Line C,Product Gamma,1119,52,6,45.49,Surface Defect,Mechanical Failure,1061,0.0465,0.0054
1151,2025-05-08,Afternoon,Line C,Product Delta,1017,45,11,61.98,Coating Defect,Material Shortage,961,0.0442,0.0108
1152,2025-05-08,Night,Line C,Product Alpha,1058,62,13,41.28,Dimensional Error,Quality Issue,983,0.0586,0.0123
1153,2025-05-09,Morning,Line A,Product Alpha,1486,79,21,24.14,Dimensional Error,Quality Issue,1386,0.0532,0.0141
1154,2025-05-09,Afternoon,Line A,Product Delta,1466,40,6,41.11,Coating Defect,Quality Issue,1420,0.0273,0.0041
1155,2025-05-09,Night,Line A,Product Gamma,1441,52,10,55.3,Dimensional Error,Changeover,1379,0.0361,0.0069
1156,2025-05-09,Morning,Line B,Product Alpha,1372,78,7,62.5,Dimensional Error,Quality Issue,1287,0.0569,0.0051
1157,2025-05-09,Afternoon,Line B,Product Alpha,1213,55,14,61.78,Dimensional Error,Material Shortage,1144,0.0453,0.0115
1158,2025-05-09,Night,Line B,Product Beta,1120,59,15,45.57,Coating Defect,Maintenance,1046,0.0527,0.0134
1159,2025-05-09,Morning,Line C,Product Alpha,1058,48,11,16.3,Surface Defect,Mechanical Failure,999,0.0454,0.0104
1160,2025-05-09,Afternoon,Line C,Product Gamma,1054,62,6,63.89,Coating Defect,Maintenance,986,0.0588,0.0057
1161,2025-05-09,Night,Line C,Product Gamma,981,36,3,53.71,Coating Defect,Material Shortage,942,0.0367,0.0031
1162,2025-05-10,Morning,Line A,Product Gamma,1558,35,7,46.37,Coating Defect,Maintenance,1516,0.0225,0.0045
1163,2025-05-10,Afternoon,Line A,Product Alpha,1365,30,6,65.56,Coating Defect,Quality Issue,1329,0.022,0.0044
1164,2025-05-10,Night,Line A,Product Beta,1441,85,21,27.47,Surface Defect,Changeover,1335,0.059,0.0146
1165,2025-05-10,Morning,Line B,Product Delta,1257,68,20,75.82,Coating Defect,Mechanical Failure,1169,0.0541,0.0159
1166,2025-05-10,Afternoon,Line B,Product Gamma,1201,74,14,46.17,Assembly Error,Changeover,1113,0.0616,0.0117
1167,2025-05-10,Night,Line B,Product Gamma,1169,37,10,66.09,Dimensional Error,Material Shortage,1122,0.0317,0.0086
1168,2025-05-10,Morning,Line C,Product Gamma,1177,61,17,69.36,Assembly Error,Changeover,1099,0.0518,0.0144
1169,2025-05-10,Afternoon,Line C,Product Alpha,1094,60,12,58.12,Assembly Error,Mechanical Failure,1022,0.0548,0.011
1170,2025-05-10,Night,Line C,Product Beta,966,39,6,77.08,Surface Defect,Mechanical Failure,921,0.0404,0.0062
1171,2025-05-11,Morning,Line A,Product Delta,1510,24,7,76.19,Assembly Error,Changeover,1479,0.0159,0.0046
1172,2025-05-11,Afternoon,Line A,Product Gamma,1423,34,8,31.98,Coating Defect,Quality Issue,1381,0.0239,0.0056
1173,2025-05-11,Night,Line A,Product Delta,1440,81,20,38.95,Coating Defect,Mechanical Failure,1339,0.0562,0.0139
1174,2025-05-11,Morning,Line B,Product Delta,1228,60,17,69.08,Coating Defect,Changeover,1151,0.0489,0.0138
1175,2025-05-11,Afternoon,Line B,Product Alpha,1191,58,8,42.6,Assembly Error,Mechanical Failure,1125,0.0487,0.0067
1176,2025-05-11,Night,Line B,Product Delta,1142,69,15,76.05,Coating Defect,Maintenance,1058,0.0604,0.0131
1177,2025-05-11,Morning,Line C,Product Gamma,1193,15,2,80.83,Surface Defect,Quality Issue,1176,0.0126,0.0017
1178,2025-05-11,Afternoon,Line C,Product Gamma,1044,15,3,68.27,Dimensional Error,Material Shortage,1026,0.0144,0.0029
1179,2025-05-11,Night,Line C,Product Beta,1102,39,11,50.16,Assembly Error,Maintenance,1052,0.0354,0.01
1180,2025-05-12,Morning,Line A,Product Beta,1502,15,4,39.74,Coating Defect,Changeover,1483,0.01,0.0027
1181,2025-05-12,Afternoon,Line A,Product Alpha,1520,83,16,48.5,Dimensional Error,Material Shortage,1421,0.0546,0.0105
1182,2025-05-12,Night,Line A,Product Delta,1386,54,12,44.54,Dimensional Error,Mechanical Failure,1320,0.039,0.0087
1183,2025-05-12,Morning,Line B,Product Delta,1262,12,2,62.57,Assembly Error,Maintenance,1248,0.0095,0.0016
1184,2025-05-12,Afternoon,Line B,Product Beta,1295,42,5,76.49,Coating Defect,Quality Issue,1248,0.0324,0.0039
1185,2025-05-12,Night,Line B,Product Gamma,1230,43,6,68.08,Dimensional Error,Material Shortage,1181,0.035,0.0049
1186,2025-05-12,Morning,Line C,Product Delta,1191,62,11,46.69,Assembly Error,Mechanical Failure,1118,0.0521,0.0092
1187,2025-05-12,Afternoon,Line C,Product Delta,1187,41,6,57.98,Assembly Error,Maintenance,1140,0.0345,0.0051
1188,2025-05-12,Night,Line C,Product Delta,1080,21,4,76.44,Surface Defect,Maintenance,1055,0.0194,0.0037
1189,2025-05-13,Morning,Line A,Product Alpha,1573,76,11,30.43,Coating Defect,Material Shortage,1486,0.0483,0.007
1190,2025-05-13,Afternoon,Line A,Product Delta,1532,14,1,57.12,Assembly Error,Material Shortage,1517,0.0091,0.0007
1191,2025-05-13,Night,Line A,Product Beta,1336,28,6,56.4,Surface Defect,Mechanical Failure,1302,0.021,0.0045
1192,2025-05-13,Morning,Line B,Product Delta,1330,75,22,45.4,Dimensional Error,Material Shortage,1233,0.0564,0.0165
1193,2025-05-13,Afternoon,Line B,Product Delta,1308,45,4,45.18,Coating Defect,Changeover,1259,0.0344,0.0031
1194,2025-05-13,Night,Line B,Product Alpha,1246,25,4,41.63,Assembly Error,Mechanical Failure,1217,0.0201,0.0032
1195,2025-05-13,Morning,Line C,Product Gamma,1202,45,5,80.18,Surface Defect,Changeover,1152,0.0374,0.0042
1196,2025-05-13,Afternoon,Line C,Product Gamma,1113,63,14,33.87,Dimensional Error,Mechanical Failure,1036,0.0566,0.0126
1197,2025-05-13,Night,Line C,Product Gamma,1046,46,13,21.03,Assembly Error,Quality Issue,987,0.044,0.0124
1198,2025-05-14,Morning,Line A,Product Alpha,1465,22,3,33.91,Surface Defect,Mechanical Failure,1440,0.015,0.002
1199,2025-05-14,Afternoon,Line A,Product Alpha,1396,21,6,32.25,Surface Defect,Maintenance,1369,0.015,0.0043
1200,2025-05-14,Night,Line A,Product Beta,1453,85,21,27.46,Surface Defect,Maintenance,1347,0.0585,0.0145
1201,2025-05-14,Morning,Line B,Product Delta,1274,30,4,16.16,Dimensional Error,Maintenance,1240,0.0235,0.0031
1202,2025-05-14,Afternoon,Line B,Product Alpha,1327,23,3,37.89,Dimensional Error,Mechanical Failure,1301,0.0173,0.0023
1203,2025-05-14,Night,Line B,Product Gamma,1089,11,1,20.56,Assembly Error,Material Shortage,1077,0.0101,0.0009
1204,2025-05-14,Morning,Line C,Product Delta,1085,46,10,78.8,Dimensional Error,Material Shortage,1029,0.0424,0.0092
1205,2025-05-14,Afternoon,Line C,Product Alpha,1180,62,8,22.04,Dimensional Error,Mechanical Failure,1110,0.0525,0.0068
1206,2025-05-14,Night,Line C,Product Gamma,987,45,10,74.82,Assembly Error,Mechanical Failure,932,0.0456,0.0101
1207,2025-05-15,Morning,Line A,Product Beta,1550,89,18,26.11,Surface Defect,Maintenance,1443,0.0574,0.0116
1208,2025-05-15,Afternoon,Line A,Product Delta,1399,38,3,79.74,Dimensional Error,Maintenance,1358,0.0272,0.0021
1209,2025-05-15,Night,Line A,Product Delta,1356,57,16,36.84,Dimensional Error,Changeover,1283,0.042,0.0118
1210,2025-05-15,Morning,Line B,Product Delta,1357,37,8,45.95,Dimensional Error,Changeover,1312,0.0273,0.0059
1211,2025-05-15,Afternoon,Line B,Product Alpha,1244,37,3,80.49,Dimensional Error,Quality Issue,1204,0.0297,0.0024
1212,2025-05-15,Night,Line B,Product Delta,1211,52,14,16.46,Assembly Error,Mechanical Failure,1145,0.0429,0.0116
1213,2025-05-15,Morning,Line C,Product Gamma,1211,22,3,29.23,Assembly Error,Mechanical Failure,1186,0.0182,0.0025
1214,2025-05-15,Afternoon,Line C,Product Delta,1023,46,5,75.07,Surface Defect,Maintenance,972,0.045,0.0049
1215,2025-05-15,Night,Line C,Product Beta,1059,12,2,37.76,Dimensional Error,Maintenance,1045,0.0113,0.0019
1216,2025-05-16,Morning,Line A,Product Delta,1540,73,13,68.79,Surface Defect,Maintenance,1454,0.0474,0.0084
1217,2025-05-16,Afternoon,Line A,Product Delta,1421,20,3,11.39,Dimensional Error,,1398,0.0141,0.0021
1218,2025-05-16,Night,Line A,Product Delta,1293,33,10,31.31,Coating Defect,Mechanical Failure,1250,0.0255,0.0077
1219,2025-05-16,Morning,Line B,Product Delta,1226,53,7,70.49,Coating Defect,Quality Issue,1166,0.0432,0.0057
1220,2025-05-16,Afternoon,Line B,Product Alpha,1221,46,7,69.96,Coating Defect,Quality Issue,1168,0.0377,0.0057
1221,2025-05-16,Night,Line B,Product Alpha,1131,15,2,77.09,Coating Defect,Mechanical Failure,1114,0.0133,0.0018
1222,2025-05-16,Morning,Line C,Product Delta,1083,26,7,17.33,Assembly Error,Quality Issue,1050,0.024,0.0065
1223,2025-05-16,Afternoon,Line C,Product Beta,1182,68,16,43.9,Surface Defect,Quality Issue,1098,0.0575,0.0135
1224,2025-05-16,Night,Line C,Product Delta,955,21,4,73.8,Surface Defect,Mechanical Failure,930,0.022,0.0042
1225,2025-05-17,Morning,Line A,Product Beta,1420,38,8,52.65,Coating Defect,Material Shortage,1374,0.0268,0.0056
1226,2025-05-17,Afternoon,Line A,Product Alpha,1413,75,16,36.82,Coating Defect,Material Shortage,1322,0.0531,0.0113
1227,2025-05-17,Night,Line A,Product Gamma,1379,53,5,75.7,Assembly Error,Material Shortage,1321,0.0384,0.0036
1228,2025-05-17,Morning,Line B,Product Alpha,1377,63,15,29.37,Dimensional Error,Maintenance,1299,0.0458,0.0109
1229,2025-05-17,Afternoon,Line B,Product Gamma,1316,71,10,70.99,Assembly Error,Material Shortage,1235,0.054,0.0076
1230,2025-05-17,Night,Line B,Product Delta,1111,52,4,72.07,Coating Defect,Maintenance,1055,0.0468,0.0036
1231,2025-05-17,Morning,Line C,Product Gamma,1094,35,10,73.88,Surface Defect,Mechanical Failure,1049,0.032,0.0091
1232,2025-05-17,Afternoon,Line C,Product Beta,1106,64,16,43.17,Surface Defect,Changeover,1026,0.0579,0.0145
1233,2025-05-17,Night,Line C,Product Alpha,1052,11,3,82.46,Assembly Error,Mechanical Failure,1038,0.0105,0.0029
1234,2025-05-18,Morning,Line A,Product Gamma,1476,73,21,35.85,Dimensional Error,Changeover,1382,0.0495,0.0142
1235,2025-05-18,Afternoon,Line A,Product Delta,1505,72,11,72.0,Dimensional Error,Maintenance,1422,0.0478,0.0073
1236,2025-05-18,Night,Line A,Product Beta,1354,75,21,19.05,Surface Defect,Mechanical Failure,1258,0.0554,0.0155
1237,2025-05-18,Morning,Line B,Product Alpha,1213,46,10,35.47,Assembly Error,Maintenance,1157,0.0379,0.0082
1238,2025-05-18,Afternoon,Line B,Product Delta,1300,22,2,58.4,Surface Defect,Maintenance,1276,0.0169,0.0015
1239,2025-05-18,Night,Line B,Product Delta,1213,12,1,72.45,Dimensional Error,Maintenance,1200,0.0099,0.0008
1240,2025-05-18,Morning,Line C,Product Beta,1091,55,13,44.76,Dimensional Error,Mechanical Failure,1023,0.0504,0.0119
1241,2025-05-18,Afternoon,Line C,Product Alpha,1136,56,7,43.32,Coating Defect,Maintenance,1073,0.0493,0.0062
1242,2025-05-18,Night,Line C,Product Delta,1021,26,7,81.44,Assembly Error,Maintenance,988,0.0255,0.0069
1243,2025-05-19,Morning,Line A,Product Beta,1574,56,11,60.85,Coating Defect,Changeover,1507,0.0356,0.007
1244,2025-05-19,Afternoon,Line A,Product Delta,1412,13,3,10.14,Coating Defect,,1396,0.0092,0.0021
1245,2025-05-19,Night,Line A,Product Gamma,1378,40,10,44.73,Surface Defect,Changeover,1328,0.029,0.0073
1246,2025-05-19,Morning,Line B,Product Gamma,1340,57,11,23.14,Dimensional Error,Maintenance,1272,0.0425,0.0082
1247,2025-05-19,Afternoon,Line B,Product Beta,1332,71,12,12.59,Assembly Error,,1249,0.0533,0.009
1248,2025-05-19,Night,Line B,Product Alpha,1145,44,4,55.07,Coating Defect,Mechanical Failure,1097,0.0384,0.0035
1249,2025-05-19,Morning,Line C,Product Beta,1194,74,6,82.76,Dimensional Error,Changeover,1114,0.062,0.005
1250,2025-05-19,Afternoon,Line C,Product Delta,1151,24,2,81.82,Dimensional Error,Material Shortage,1125,0.0209,0.0017
1251,2025-05-19,Night,Line C,Product Delta,970,54,13,13.51,Dimensional Error,,903,0.0557,0.0134
1252,2025-05-20,Morning,Line A,Product Beta,1579,32,7,81.36,Coating Defect,Quality Issue,1540,0.0203,0.0044
1253,2025-05-20,Afternoon,Line A,Product Delta,1368,83,21,48.55,Dimensional Error,Quality Issue,1264,0.0607,0.0154
1254,2025-05-20,Night,Line A,Product Delta,1281,52,13,30.26,Assembly Error,Mechanical Failure,1216,0.0406,0.0101
1255,2025-05-20,Morning,Line B,Product Gamma,1342,71,18,80.52,Assembly Error,Maintenance,1253,0.0529,0.0134
1256,2025-05-20,Afternoon,Line B,Product Delta,1328,81,17,23.42,Coating Defect,Material Shortage,1230,0.061,0.0128
1257,2025-05-20,Night,Line B,Product Alpha,1202,37,9,61.96,Surface Defect,Changeover,1156,0.0308,0.0075
1258,2025-05-20,Morning,Line C,Product Alpha,1159,35,8,34.62,Surface Defect,Maintenance,1116,0.0302,0.0069
1259,2025-05-20,Afternoon,Line C,Product Alpha,1018,11,3,63.48,Dimensional Error,Maintenance,1004,0.0108,0.0029
1260,2025-05-20,Night,Line C,Product Gamma,1021,39,12,65.34,Coating Defect,Changeover,970,0.0382,0.0118
1261,2025-05-21,Morning,Line A,Product Gamma,1518,65,7,12.51,Coating Defect,,1446,0.0428,0.0046
1262,2025-05-21,Afternoon,Line A,Product Gamma,1370,65,15,66.68,Surface Defect,Quality Issue,1290,0.0474,0.0109
1263,2025-05-21,Night,Line A,Product Alpha,1452,89,22,28.94,Surface Defect,Maintenance,1341,0.0613,0.0152
1264,2025-05-21,Morning,Line B,Product Alpha,1336,57,7,20.26,Surface Defect,Maintenance,1272,0.0427,0.0052
1265,2025-05-21,Afternoon,Line B,Product Beta,1164,58,14,29.96,Surface Defect,Mechanical Failure,1092,0.0498,0.012
1266,2025-05-21,Night,Line B,Product Delta,1088,37,8,76.93,Surface Defect,Mechanical Failure,1043,0.034,0.0074
1267,2025-05-21,Morning,Line C,Product Beta,1088,24,6,68.23,Dimensional Error,Mechanical Failure,1058,0.0221,0.0055
1268,2025-05-21,Afternoon,Line C,Product Gamma,1146,20,5,23.97,Dimensional Error,Mechanical Failure,1121,0.0175,0.0044
1269,2025-05-21,Night,Line C,Product Delta,991,59,8,8.13,Dimensional Error,,924,0.0595,0.0081
1270,2025-05-22,Morning,Line A,Product Delta,1484,43,8,30.11,Surface Defect,Changeover,1433,0.029,0.0054
1271,2025-05-22,Afternoon,Line A,Product Gamma,1455,86,21,62.79,Coating Defect,Quality Issue,1348,0.0591,0.0144
1272,2025-05-22,Night,Line A,Product Gamma,1295,59,17,75.14,Dimensional Error,Changeover,1219,0.0456,0.0131
1273,2025-05-22,Morning,Line B,Product Alpha,1280,66,10,21.1,Dimensional Error,Changeover,1204,0.0516,0.0078
1274,2025-05-22,Afternoon,Line B,Product Gamma,1297,46,12,61.72,Assembly Error,Material Shortage,1239,0.0355,0.0093
1275,2025-05-22,Night,Line B,Product Gamma,1254,32,9,81.51,Dimensional Error,Mechanical Failure,1213,0.0255,0.0072
1276,2025-05-22,Morning,Line C,Product Beta,1051,50,12,52.16,Dimensional Error,Maintenance,989,0.0476,0.0114
1277,2025-05-22,Afternoon,Line C,Product Gamma,1015,12,3,24.77,Dimensional Error,Material Shortage,1000,0.0118,0.003
1278,2025-05-22,Night,Line C,Product Beta,1064,54,14,68.51,Coating Defect,Changeover,996,0.0508,0.0132
1279,2025-05-23,Morning,Line A,Product Delta,1410,33,4,21.16,Surface Defect,Maintenance,1373,0.0234,0.0028
1280,2025-05-23,Afternoon,Line A,Product Alpha,1483,23,6,49.48,Assembly Error,Mechanical Failure,1454,0.0155,0.004
1281,2025-05-23,Night,Line A,Product Delta,1382,22,4,20.15,Assembly Error,Maintenance,1356,0.0159,0.0029
1282,2025-05-23,Morning,Line B,Product Alpha,1318,26,3,13.18,Surface Defect,,1289,0.0197,0.0023
1283,2025-05-23,Afternoon,Line B,Product Gamma,1208,28,3,30.16,Assembly Error,Material Shortage,1177,0.0232,0.0025
1284,2025-05-23,Night,Line B,Product Beta,1243,17,4,26.35,Surface Defect,Mechanical Failure,1222,0.0137,0.0032
1285,2025-05-23,Morning,Line C,Product Beta,1215,75,16,49.72,Surface Defect,Mechanical Failure,1124,0.0617,0.0132
1286,2025-05-23,Afternoon,Line C,Product Delta,1181,54,15,55.66,Coating Defect,Quality Issue,1112,0.0457,0.0127
1287,2025-05-23,Night,Line C,Product Alpha,1044,38,10,58.16,Coating Defect,Mechanical Failure,996,0.0364,0.0096
1288,2025-05-24,Morning,Line A,Product Delta,1479,53,7,51.55,Coating Defect,Changeover,1419,0.0358,0.0047
1289,2025-05-24,Afternoon,Line A,Product Alpha,1511,22,5,80.29,Assembly Error,Maintenance,1484,0.0146,0.0033
1290,2025-05-24,Night,Line A,Product Delta,1298,79,9,41.51,Assembly Error,Maintenance,1210,0.0609,0.0069
1291,2025-05-24,Morning,Line B,Product Alpha,1254,26,3,9.14,Coating Defect,,1225,0.0207,0.0024
1292,2025-05-24,Afternoon,Line B,Product Alpha,1183,17,3,67.09,Dimensional Error,Maintenance,1163,0.0144,0.0025
1293,2025-05-24,Night,Line B,Product Gamma,1091,58,5,41.66,Surface Defect,Material Shortage,1028,0.0532,0.0046
1294,2025-05-24,Morning,Line C,Product Delta,1138,40,4,56.45,Surface Defect,Mechanical Failure,1094,0.0351,0.0035
1295,2025-05-24,Afternoon,Line C,Product Beta,1182,50,14,47.99,Coating Defect,Material Shortage,1118,0.0423,0.0118
1296,2025-05-24,Night,Line C,Product Alpha,1116,30,5,71.49,Coating Defect,Material Shortage,1081,0.0269,0.0045
1297,2025-05-25,Morning,Line A,Product Gamma,1451,65,19,20.03,Surface Defect,Quality Issue,1367,0.0448,0.0131
1298,2025-05-25,Afternoon,Line A,Product Gamma,1456,17,4,42.14,Assembly Error,Mechanical Failure,1435,0.0117,0.0027
1299,2025-05-25,Night,Line A,Product Gamma,1417,69,21,28.8,Dimensional Error,Changeover,1327,0.0487,0.0148
1300,2025-05-25,Morning,Line B,Product Gamma,1265,70,11,17.79,Coating Defect,Material Shortage,1184,0.0553,0.0087
1301,2025-05-25,Afternoon,Line B,Product Delta,1291,15,1,54.63,Coating Defect,Mechanical Failure,1275,0.0116,0.0008
1302,2025-05-25,Night,Line B,Product Delta,1264,77,16,64.72,Coating Defect,Mechanical Failure,1171,0.0609,0.0127
1303,2025-05-25,Morning,Line C,Product Delta,1070,13,1,54.06,Surface Defect,Material Shortage,1056,0.0121,0.0009
1304,2025-05-25,Afternoon,Line C,Product Beta,1050,65,5,28.83,Coating Defect,Maintenance,980,0.0619,0.0048
1305,2025-05-25,Night,Line C,Product Beta,1000,49,14,15.6,Surface Defect,Mechanical Failure,937,0.049,0.014
1306,2025-05-26,Morning,Line A,Product Delta,1489,42,11,79.74,Coating Defect,Changeover,1436,0.0282,0.0074
1307,2025-05-26,Afternoon,Line A,Product Alpha,1409,52,6,51.75,Dimensional Error,Maintenance,1351,0.0369,0.0043
1308,2025-05-26,Night,Line A,Product Delta,1437,46,8,38.93,Dimensional Error,Maintenance,1383,0.032,0.0056
1309,2025-05-26,Morning,Line B,Product Delta,1352,56,10,59.38,Coating Defect,Mechanical Failure,1286,0.0414,0.0074
1310,2025-05-26,Afternoon,Line B,Product Beta,1250,55,5,22.41,Coating Defect,Quality Issue,1190,0.044,0.004
1311,2025-05-26,Night,Line B,Product Gamma,1171,31,8,13.5,Coating Defect,,1132,0.0265,0.0068
1312,2025-05-26,Morning,Line C,Product Gamma,1116,9,2,74.34,Dimensional Error,Mechanical Failure,1105,0.0081,0.0018
1313,2025-05-26,Afternoon,Line C,Product Gamma,1147,10,1,56.13,Dimensional Error,Material Shortage,1136,0.0087,0.0009
1314,2025-05-26,Night,Line C,Product Gamma,1061,29,6,32.82,Surface Defect,Material Shortage,1026,0.0273,0.0057
1315,2025-05-27,Morning,Line A,Product Alpha,1452,24,3,21.4,Dimensional Error,Quality Issue,1425,0.0165,0.0021
1316,2025-05-27,Afternoon,Line A,Product Beta,1381,25,2,12.55,Assembly Error,,1354,0.0181,0.0014
1317,2025-05-27,Night,Line A,Product Gamma,1274,23,3,17.12,Assembly Error,Changeover,1248,0.0181,0.0024
1318,2025-05-27,Morning,Line B,Product Beta,1344,57,10,11.15,Coating Defect,,1277,0.0424,0.0074
1319,2025-05-27,Afternoon,Line B,Product Gamma,1180,31,5,67.22,Assembly Error,Changeover,1144,0.0263,0.0042
1320,2025-05-27,Night,Line B,Product Beta,1108,33,3,26.5,Surface Defect,Mechanical Failure,1072,0.0298,0.0027
1321,2025-05-27,Morning,Line C,Product Gamma,1057,37,7,70.54,Surface Defect,Material Shortage,1013,0.035,0.0066
1322,2025-05-27,Afternoon,Line C,Product Gamma,1037,36,10,74.42,Surface Defect,Changeover,991,0.0347,0.0096
1323,2025-05-27,Night,Line C,Product Alpha,1088,41,4,67.81,Assembly Error,Material Shortage,1043,0.0377,0.0037
1324,2025-05-28,Morning,Line A,Product Gamma,1411,41,5,74.48,Coating Defect,Mechanical Failure,1365,0.0291,0.0035
1325,2025-05-28,Afternoon,Line A,Product Gamma,1375,16,3,68.35,Surface Defect,Quality Issue,1356,0.0116,0.0022
1326,2025-05-28,Night,Line A,Product Gamma,1413,25,7,36.3,Coating Defect,Maintenance,1381,0.0177,0.005
1327,2025-05-28,Morning,Line B,Product Beta,1323,11,2,34.52,Coating Defect,Material Shortage,1310,0.0083,0.0015
1328,2025-05-28,Afternoon,Line B,Product Alpha,1184,60,9,25.9,Dimensional Error,Maintenance,1115,0.0507,0.0076
1329,2025-05-28,Night,Line B,Product Gamma,1109,47,5,82.19,Dimensional Error,Changeover,1057,0.0424,0.0045
1330,2025-05-28,Morning,Line C,Product Delta,1118,49,8,13.62,Surface Defect,,1061,0.0438,0.0072
1331,2025-05-28,Afternoon,Line C,Product Beta,1016,13,4,48.59,Dimensional Error,Mechanical Failure,999,0.0128,0.0039
1332,2025-05-28,Night,Line C,Product Gamma,1034,42,8,53.85,Coating Defect,Changeover,984,0.0406,0.0077
1333,2025-05-29,Morning,Line A,Product Delta,1475,79,18,50.72,Surface Defect,Changeover,1378,0.0536,0.0122
1334,2025-05-29,Afternoon,Line A,Product Gamma,1444,66,13,68.47,Dimensional Error,Mechanical Failure,1365,0.0457,0.009
1335,2025-05-29,Night,Line A,Product Alpha,1346,24,4,12.52,Surface Defect,,1318,0.0178,0.003
1336,2025-05-29,Morning,Line B,Product Beta,1318,40,11,41.67,Assembly Error,Changeover,1267,0.0303,0.0083
1337,2025-05-29,Afternoon,Line B,Product Alpha,1224,55,8,47.86,Surface Defect,Maintenance,1161,0.0449,0.0065
1338,2025-05-29,Night,Line B,Product Gamma,1229,70,8,60.59,Coating Defect,Mechanical Failure,1151,0.057,0.0065
1339,2025-05-29,Morning,Line C,Product Alpha,1200,69,12,57.36,Coating Defect,Mechanical Failure,1119,0.0575,0.01
1340,2025-05-29,Afternoon,Line C,Product Delta,1176,70,17,82.48,Surface Defect,Material Shortage,1089,0.0595,0.0145
1341,2025-05-29,Night,Line C,Product Gamma,1103,48,14,73.0,Coating Defect,Quality Issue,1041,0.0435,0.0127
1342,2025-05-30,Morning,Line A,Product Beta,1466,68,13,72.12,Assembly Error,Mechanical Failure,1385,0.0464,0.0089
1343,2025-05-30,Afternoon,Line A,Product Gamma,1459,67,6,77.61,Surface Defect,Material Shortage,1386,0.0459,0.0041
1344,2025-05-30,Night,Line A,Product Gamma,1287,11,3,16.47,Coating Defect,Quality Issue,1273,0.0085,0.0023
1345,2025-05-30,Morning,Line B,Product Alpha,1371,61,17,13.66,Coating Defect,,1293,0.0445,0.0124
1346,2025-05-30,Afternoon,Line B,Product Gamma,1244,27,7,11.58,Assembly Error,,1210,0.0217,0.0056
1347,2025-05-30,Night,Line B,Product Alpha,1171,35,6,81.53,Dimensional Error,Material Shortage,1130,0.0299,0.0051
1348,2025-05-30,Morning,Line C,Product Gamma,1179,39,5,34.37,Assembly Error,Quality Issue,1135,0.0331,0.0042
1349,2025-05-30,Afternoon,Line C,Product Gamma,1175,66,10,40.42,Assembly Error,Mechanical Failure,1099,0.0562,0.0085
1350,2025-05-30,Night,Line C,Product Gamma,1030,29,5,57.96,Surface Defect,Maintenance,996,0.0282,0.0049
1351,2025-05-31,Morning,Line A,Product Delta,1542,51,10,65.24,Coating Defect,Quality Issue,1481,0.0331,0.0065
1352,2025-05-31,Afternoon,Line A,Product Delta,1470,91,12,73.5,Dimensional Error,Quality Issue,1367,0.0619,0.0082
1353,2025-05-31,Night,Line A,Product Beta,1356,18,4,81.34,Coating Defect,Material Shortage,1334,0.0133,0.0029
1354,2025-05-31,Morning,Line B,Product Delta,1262,79,12,54.15,Coating Defect,Material Shortage,1171,0.0626,0.0095
1355,2025-05-31,Afternoon,Line B,Product Gamma,1336,74,16,19.24,Surface Defect,Maintenance,1246,0.0554,0.012
1356,2025-05-31,Night,Line B,Product Delta,1168,10,2,57.06,Dimensional Error,Quality Issue,1156,0.0086,0.0017
1357,2025-05-31,Morning,Line C,Product Alpha,1151,23,6,74.58,Assembly Error,Mechanical Failure,1122,0.02,0.0052
1358,2025-05-31,Afternoon,Line C,Product Alpha,1162,70,18,16.05,Assembly Error,Quality Issue,1074,0.0602,0.0155
1359,2025-05-31,Night,Line C,Product Gamma,952,56,8,69.25,Coating Defect,Material Shortage,888,0.0588,0.0084
1360,2025-06-01,Morning,Line A,Product Beta,1558,24,7,67.43,Coating Defect,Quality Issue,1527,0.0154,0.0045
1361,2025-06-01,Afternoon,Line A,Product Alpha,1480,48,7,74.42,Coating Defect,Changeover,1425,0.0324,0.0047
1362,2025-06-01,Night,Line A,Product Gamma,1287,76,19,32.42,Dimensional Error,Quality Issue,1192,0.0591,0.0148
1363,2025-06-01,Morning,Line B,Product Alpha,1289,32,8,15.63,Coating Defect,Material Shortage,1249,0.0248,0.0062
1364,2025-06-01,Afternoon,Line B,Product Delta,1281,40,9,58.17,Assembly Error,Maintenance,1232,0.0312,0.007
1365,2025-06-01,Night,Line B,Product Gamma,1147,57,14,81.25,Surface Defect,Maintenance,1076,0.0497,0.0122
1366,2025-06-01,Morning,Line C,Product Beta,1078,65,18,53.06,Dimensional Error,Changeover,995,0.0603,0.0167
1367,2025-06-01,Afternoon,Line C,Product Delta,1078,59,8,55.08,Dimensional Error,Mechanical Failure,1011,0.0547,0.0074
1368,2025-06-01,Night,Line C,Product Delta,1011,20,6,40.16,Assembly Error,Quality Issue,985,0.0198,0.0059
1369,2025-06-02,Morning,Line A,Product Gamma,1415,16,3,55.93,Assembly Error,Changeover,1396,0.0113,0.0021
1370,2025-06-02,Afternoon,Line A,Product Gamma,1433,16,4,80.89,Coating Defect,Maintenance,1413,0.0112,0.0028
1371,2025-06-02,Night,Line A,Product Beta,1427,13,3,49.84,Assembly Error,Quality Issue,1411,0.0091,0.0021
1372,2025-06-02,Morning,Line B,Product Beta,1367,72,17,62.39,Coating Defect,Mechanical Failure,1278,0.0527,0.0124
1373,2025-06-02,Afternoon,Line B,Product Beta,1205,59,7,67.81,Coating Defect,Material Shortage,1139,0.049,0.0058
1374,2025-06-02,Night,Line B,Product Gamma,1147,53,11,8.07,Assembly Error,,1083,0.0462,0.0096
1375,2025-06-02,Morning,Line C,Product Delta,1087,50,5,34.13,Assembly Error,Maintenance,1032,0.046,0.0046
1376,2025-06-02,Afternoon,Line C,Product Alpha,1157,47,10,77.41,Coating Defect,Mechanical Failure,1100,0.0406,0.0086
1377,2025-06-02,Night,Line C,Product Gamma,967,34,5,48.89,Dimensional Error,Mechanical Failure,928,0.0352,0.0052
1378,2025-06-03,Morning,Line A,Product Beta,1568,37,6,43.94,Coating Defect,Changeover,1525,0.0236,0.0038
1379,2025-06-03,Afternoon,Line A,Product Alpha,1531,53,8,29.45,Surface Defect,Maintenance,1470,0.0346,0.0052
1380,2025-06-03,Night,Line A,Product Alpha,1398,51,6,57.28,Surface Defect,Mechanical Failure,1341,0.0365,0.0043
1381,2025-06-03,Morning,Line B,Product Delta,1355,72,8,47.31,Assembly Error,Quality Issue,1275,0.0531,0.0059
1382,2025-06-03,Afternoon,Line B,Product Alpha,1305,25,5,24.18,Surface Defect,Changeover,1275,0.0192,0.0038
1383,2025-06-03,Night,Line B,Product Delta,1149,27,4,48.64,Dimensional Error,Quality Issue,1118,0.0235,0.0035
1384,2025-06-03,Morning,Line C,Product Delta,1127,40,5,69.12,Dimensional Error,Maintenance,1082,0.0355,0.0044
1385,2025-06-03,Afternoon,Line C,Product Alpha,1148,64,14,65.28,Assembly Error,Material Shortage,1070,0.0557,0.0122
1386,2025-06-03,Night,Line C,Product Alpha,1094,14,3,46.69,Assembly Error,Material Shortage,1077,0.0128,0.0027
1387,2025-06-04,Morning,Line A,Product Beta,1500,18,5,71.49,Dimensional Error,Quality Issue,1477,0.012,0.0033
1388,2025-06-04,Afternoon,Line A,Product Delta,1393,83,25,32.66,Assembly Error,Mechanical Failure,1285,0.0596,0.0179
1389,2025-06-04,Night,Line A,Product Alpha,1314,32,5,32.05,Surface Defect,Maintenance,1277,0.0244,0.0038
1390,2025-06-04,Morning,Line B,Product Alpha,1224,55,9,25.82,Assembly Error,Material Shortage,1160,0.0449,0.0074
1391,2025-06-04,Afternoon,Line B,Product Alpha,1208,29,3,9.72,Coating Defect,,1176,0.024,0.0025
1392,2025-06-04,Night,Line B,Product Delta,1223,23,6,70.9,Assembly Error,Quality Issue,1194,0.0188,0.0049
1393,2025-06-04,Morning,Line C,Product Beta,1205,64,7,13.23,Coating Defect,,1134,0.0531,0.0058
1394,2025-06-04,Afternoon,Line C,Product Gamma,1020,63,17,65.62,Coating Defect,Quality Issue,940,0.0618,0.0167
1395,2025-06-04,Night,Line C,Product Alpha,974,43,8,31.11,Coating Defect,Maintenance,923,0.0441,0.0082
1396,2025-06-05,Morning,Line A,Product Beta,1499,44,6,19.14,Dimensional Error,Material Shortage,1449,0.0294,0.004
1397,2025-06-05,Afternoon,Line A,Product Alpha,1481,46,5,57.88,Dimensional Error,Material Shortage,1430,0.0311,0.0034
1398,2025-06-05,Night,Line A,Product Beta,1307,55,13,56.4,Assembly Error,Changeover,1239,0.0421,0.0099
1399,2025-06-05,Morning,Line B,Product Delta,1340,49,4,38.93,Assembly Error,Mechanical Failure,1287,0.0366,0.003
1400,2025-06-05,Afternoon,Line B,Product Alpha,1264,17,3,31.03,Coating Defect,Material Shortage,1244,0.0134,0.0024
1401,2025-06-05,Night,Line B,Product Beta,1179,18,3,82.01,Surface Defect,Maintenance,1158,0.0153,0.0025
1402,2025-06-05,Morning,Line C,Product Beta,1217,21,4,22.66,Dimensional Error,Changeover,1192,0.0173,0.0033
1403,2025-06-05,Afternoon,Line C,Product Beta,1071,32,6,9.3,Surface Defect,,1033,0.0299,0.0056
1404,2025-06-05,Night,Line C,Product Beta,990,52,9,33.42,Assembly Error,Quality Issue,929,0.0525,0.0091
1405,2025-06-06,Morning,Line A,Product Gamma,1501,87,11,63.7,Dimensional Error,Maintenance,1403,0.058,0.0073
1406,2025-06-06,Afternoon,Line A,Product Alpha,1493,61,17,27.26,Coating Defect,Material Shortage,1415,0.0409,0.0114
1407,2025-06-06,Night,Line A,Product Delta,1373,40,8,64.14,Assembly Error,Mechanical Failure,1325,0.0291,0.0058
1408,2025-06-06,Morning,Line B,Product Delta,1222,67,10,22.39,Assembly Error,Material Shortage,1145,0.0548,0.0082
1409,2025-06-06,Afternoon,Line B,Product Beta,1163,72,18,11.18,Dimensional Error,,1073,0.0619,0.0155
1410,2025-06-06,Night,Line B,Product Alpha,1189,34,6,12.89,Dimensional Error,,1149,0.0286,0.005
1411,2025-06-06,Morning,Line C,Product Alpha,1128,42,8,56.77,Dimensional Error,Maintenance,1078,0.0372,0.0071
1412,2025-06-06,Afternoon,Line C,Product Gamma,1063,39,8,10.04,Assembly Error,,1016,0.0367,0.0075
1413,2025-06-06,Night,Line C,Product Gamma,1107,19,2,22.93,Assembly Error,Quality Issue,1086,0.0172,0.0018
1414,2025-06-07,Morning,Line A,Product Gamma,1444,16,2,27.03,Coating Defect,Mechanical Failure,1426,0.0111,0.0014
1415,2025-06-07,Afternoon,Line A,Product Alpha,1522,30,7,40.9,Surface Defect,Material Shortage,1485,0.0197,0.0046
1416,2025-06-07,Night,Line A,Product Beta,1434,50,9,10.16,Assembly Error,,1375,0.0349,0.0063
1417,2025-06-07,Morning,Line B,Product Beta,1352,28,7,50.86,Surface Defect,Material Shortage,1317,0.0207,0.0052
1418,2025-06-07,Afternoon,Line B,Product Alpha,1272,22,5,18.26,Assembly Error,Material Shortage,1245,0.0173,0.0039
1419,2025-06-07,Night,Line B,Product Alpha,1099,12,4,65.94,Dimensional Error,Quality Issue,1083,0.0109,0.0036
1420,2025-06-07,Morning,Line C,Product Alpha,1118,64,5,49.66,Coating Defect,Maintenance,1049,0.0572,0.0045
1421,2025-06-07,Afternoon,Line C,Product Gamma,1094,58,16,53.49,Dimensional Error,Quality Issue,1020,0.053,0.0146
1422,2025-06-07,Night,Line C,Product Alpha,1084,37,7,54.32,Dimensional Error,Quality Issue,1040,0.0341,0.0065
1423,2025-06-08,Morning,Line A,Product Beta,1461,60,16,32.66,Dimensional Error,Changeover,1385,0.0411,0.011
1424,2025-06-08,Afternoon,Line A,Product Alpha,1402,28,2,79.17,Dimensional Error,Maintenance,1372,0.02,0.0014
1425,2025-06-08,Night,Line A,Product Alpha,1373,40,9,65.15,Coating Defect,Mechanical Failure,1324,0.0291,0.0066
1426,2025-06-08,Morning,Line B,Product Beta,1276,61,8,73.82,Dimensional Error,Material Shortage,1207,0.0478,0.0063
1427,2025-06-08,Afternoon,Line B,Product Gamma,1272,67,17,44.0,Dimensional Error,Material Shortage,1188,0.0527,0.0134
1428,2025-06-08,Night,Line B,Product Beta,1217,12,3,36.93,Coating Defect,Material Shortage,1202,0.0099,0.0025
1429,2025-06-08,Morning,Line C,Product Beta,1093,42,7,35.05,Assembly Error,Maintenance,1044,0.0384,0.0064
1430,2025-06-08,Afternoon,Line C,Product Delta,1065,44,8,14.76,Coating Defect,,1013,0.0413,0.0075
1431,2025-06-08,Night,Line C,Product Delta,1105,16,1,64.02,Assembly Error,Maintenance,1088,0.0145,0.0009
1432,2025-06-09,Morning,Line A,Product Alpha,1471,87,11,19.15,Assembly Error,Material Shortage,1373,0.0591,0.0075
1433,2025-06-09,Afternoon,Line A,Product Gamma,1404,11,3,16.52,Surface Defect,Changeover,1390,0.0078,0.0021
1434,2025-06-09,Night,Line A,Product Delta,1281,62,11,49.57,Dimensional Error,Changeover,1208,0.0484,0.0086
1435,2025-06-09,Morning,Line B,Product Alpha,1319,15,4,65.31,Assembly Error,Changeover,1300,0.0114,0.003
1436,2025-06-09,Afternoon,Line B,Product Gamma,1244,37,11,28.68,Dimensional Error,Mechanical Failure,1196,0.0297,0.0088
1437,2025-06-09,Night,Line B,Product Alpha,1186,68,9,41.02,Surface Defect,Mechanical Failure,1109,0.0573,0.0076
1438,2025-06-09,Morning,Line C,Product Alpha,1190,28,4,61.86,Assembly Error,Material Shortage,1158,0.0235,0.0034
1439,2025-06-09,Afternoon,Line C,Product Delta,1102,31,9,75.72,Dimensional Error,Mechanical Failure,1062,0.0281,0.0082
1440,2025-06-09,Night,Line C,Product Beta,1116,69,6,17.75,Assembly Error,Maintenance,1041,0.0618,0.0054
1441,2025-06-10,Morning,Line A,Product Alpha,1493,73,7,13.31,Assembly Error,,1413,0.0489,0.0047
1442,2025-06-10,Afternoon,Line A,Product Alpha,1529,73,19,37.93,Dimensional Error,Material Shortage,1437,0.0477,0.0124
1443,2025-06-10,Night,Line A,Product Delta,1437,48,12,61.04,Assembly Error,Maintenance,1377,0.0334,0.0084
1444,2025-06-10,Morning,Line B,Product Beta,1352,37,7,26.38,Assembly Error,Changeover,1308,0.0274,0.0052
1445,2025-06-10,Afternoon,Line B,Product Delta,1271,76,21,27.46,Coating Defect,Maintenance,1174,0.0598,0.0165
1446,2025-06-10,Night,Line B,Product Alpha,1105,51,12,35.88,Dimensional Error,Changeover,1042,0.0462,0.0109
1447,2025-06-10,Morning,Line C,Product Delta,1047,14,2,34.84,Dimensional Error,Quality Issue,1031,0.0134,0.0019
1448,2025-06-10,Afternoon,Line C,Product Gamma,1055,17,5,37.25,Assembly Error,Quality Issue,1033,0.0161,0.0047
1449,2025-06-10,Night,Line C,Product Alpha,981,31,3,29.33,Assembly Error,Quality Issue,947,0.0316,0.0031
1450,2025-06-11,Morning,Line A,Product Delta,1490,22,2,70.72,Coating Defect,Changeover,1466,0.0148,0.0013
1451,2025-06-11,Afternoon,Line A,Product Delta,1448,64,6,34.84,Assembly Error,Maintenance,1378,0.0442,0.0041
1452,2025-06-11,Night,Line A,Product Beta,1276,30,6,65.0,Dimensional Error,Mechanical Failure,1240,0.0235,0.0047
1453,2025-06-11,Morning,Line B,Product Gamma,1368,39,10,19.27,Dimensional Error,Material Shortage,1319,0.0285,0.0073
1454,2025-06-11,Afternoon,Line B,Product Alpha,1251,38,8,13.82,Coating Defect,,1205,0.0304,0.0064
1455,2025-06-11,Night,Line B,Product Gamma,1245,66,6,74.94,Coating Defect,Maintenance,1173,0.053,0.0048
1456,2025-06-11,Morning,Line C,Product Alpha,1058,66,20,75.92,Coating Defect,Maintenance,972,0.0624,0.0189
1457,2025-06-11,Afternoon,Line C,Product Beta,1054,42,8,56.38,Dimensional Error,Material Shortage,1004,0.0398,0.0076
1458,2025-06-11,Night,Line C,Product Gamma,965,30,3,41.48,Assembly Error,Changeover,932,0.0311,0.0031
1459,2025-06-12,Morning,Line A,Product Beta,1477,83,23,39.68,Dimensional Error,Mechanical Failure,1371,0.0562,0.0156
1460,2025-06-12,Afternoon,Line A,Product Beta,1514,27,6,59.33,Dimensional Error,Changeover,1481,0.0178,0.004
1461,2025-06-12,Night,Line A,Product Beta,1361,55,16,15.98,Coating Defect,Mechanical Failure,1290,0.0404,0.0118
1462,2025-06-12,Morning,Line B,Product Alpha,1369,13,4,13.45,Coating Defect,,1352,0.0095,0.0029
1463,2025-06-12,Afternoon,Line B,Product Gamma,1196,17,4,9.8,Coating Defect,,1175,0.0142,0.0033
1464,2025-06-12,Night,Line B,Product Beta,1238,27,5,12.61,Surface Defect,,1206,0.0218,0.004
1465,2025-06-12,Morning,Line C,Product Alpha,1081,59,15,50.53,Dimensional Error,Material Shortage,1007,0.0546,0.0139
1466,2025-06-12,Afternoon,Line C,Product Beta,1047,46,5,19.27,Dimensional Error,Maintenance,996,0.0439,0.0048
1467,2025-06-12,Night,Line C,Product Delta,1124,30,3,38.94,Assembly Error,Quality Issue,1091,0.0267,0.0027
1468,2025-06-13,Morning,Line A,Product Alpha,1558,21,6,73.61,Dimensional Error,Maintenance,1531,0.0135,0.0039
1469,2025-06-13,Afternoon,Line A,Product Delta,1380,87,13,75.01,Assembly Error,Quality Issue,1280,0.063,0.0094
1470,2025-06-13,Night,Line A,Product Delta,1420,64,19,47.58,Surface Defect,Maintenance,1337,0.0451,0.0134
1471,2025-06-13,Morning,Line B,Product Delta,1300,42,6,15.76,Surface Defect,Mechanical Failure,1252,0.0323,0.0046
1472,2025-06-13,Afternoon,Line B,Product Delta,1238,18,4,60.78,Surface Defect,Changeover,1216,0.0145,0.0032
1473,2025-06-13,Night,Line B,Product Beta,1088,46,6,43.71,Coating Defect,Material Shortage,1036,0.0423,0.0055
1474,2025-06-13,Morning,Line C,Product Delta,1166,42,10,27.16,Dimensional Error,Maintenance,1114,0.036,0.0086
1475,2025-06-13,Afternoon,Line C,Product Alpha,1101,67,12,65.88,Assembly Error,Quality Issue,1022,0.0609,0.0109
1476,2025-06-13,Night,Line C,Product Beta,1024,43,9,81.12,Assembly Error,Changeover,972,0.042,0.0088
1477,2025-06-14,Morning,Line A,Product Gamma,1541,67,12,11.84,Coating Defect,,1462,0.0435,0.0078
1478,2025-06-14,Afternoon,Line A,Product Delta,1431,77,22,21.03,Coating Defect,Changeover,1332,0.0538,0.0154
1479,2025-06-14,Night,Line A,Product Delta,1286,45,5,50.49,Dimensional Error,Quality Issue,1236,0.035,0.0039
1480,2025-06-14,Morning,Line B,Product Gamma,1376,61,7,69.57,Assembly Error,Quality Issue,1308,0.0443,0.0051
1481,2025-06-14,Afternoon,Line B,Product Beta,1182,34,4,43.37,Assembly Error,Changeover,1144,0.0288,0.0034
1482,2025-06-14,Night,Line B,Product Beta,1115,53,10,33.92,Coating Defect,Quality Issue,1052,0.0475,0.009
1483,2025-06-14,Morning,Line C,Product Alpha,1062,66,6,72.97,Assembly Error,Maintenance,990,0.0621,0.0056
1484,2025-06-14,Afternoon,Line C,Product Delta,1168,15,2,37.15,Surface Defect,Changeover,1151,0.0128,0.0017
1485,2025-06-14,Night,Line C,Product Alpha,984,36,6,19.73,Surface Defect,Material Shortage,942,0.0366,0.0061
1486,2025-06-15,Morning,Line A,Product Beta,1447,36,3,10.74,Surface Defect,,1408,0.0249,0.0021
1487,2025-06-15,Afternoon,Line A,Product Delta,1469,77,15,18.46,Assembly Error,Changeover,1377,0.0524,0.0102
1488,2025-06-15,Night,Line A,Product Delta,1369,14,3,56.23,Coating Defect,Changeover,1352,0.0102,0.0022
1489,2025-06-15,Morning,Line B,Product Beta,1301,80,8,81.99,Surface Defect,Mechanical Failure,1213,0.0615,0.0061
1490,2025-06-15,Afternoon,Line B,Product Beta,1196,33,5,62.79,Dimensional Error,Quality Issue,1158,0.0276,0.0042
1491,2025-06-15,Night,Line B,Product Alpha,1165,40,9,42.21,Assembly Error,Quality Issue,1116,0.0343,0.0077
1492,2025-06-15,Morning,Line C,Product Delta,1209,49,9,64.02,Coating Defect,Quality Issue,1151,0.0405,0.0074
1493,2025-06-15,Afternoon,Line C,Product Gamma,1044,48,13,72.84,Assembly Error,Changeover,983,0.046,0.0125
1494,2025-06-15,Night,Line C,Product Beta,1028,50,7,46.82,Coating Defect,Material Shortage,971,0.0486,0.0068
1495,2025-06-16,Morning,Line A,Product Beta,1497,29,4,23.42,Coating Defect,Changeover,1464,0.0194,0.0027
1496,2025-06-16,Afternoon,Line A,Product Delta,1504,39,10,77.56,Dimensional Error,Maintenance,1455,0.0259,0.0066
1497,2025-06-16,Night,Line A,Product Delta,1453,71,16,10.52,Assembly Error,,1366,0.0489,0.011
1498,2025-06-16,Morning,Line B,Product Gamma,1361,39,7,71.11,Assembly Error,Changeover,1315,0.0287,0.0051
1499,2025-06-16,Afternoon,Line B,Product Delta,1230,40,6,72.53,Dimensional Error,Quality Issue,1184,0.0325,0.0049
1500,2025-06-16,Night,Line B,Product Alpha,1102,33,9,38.42,Assembly Error,Maintenance,1060,0.0299,0.0082
1501,2025-06-16,Morning,Line C,Product Delta,1069,44,11,30.08,Assembly Error,Material Shortage,1014,0.0412,0.0103
1502,2025-06-16,Afternoon,Line C,Product Delta,1092,35,8,30.97,Assembly Error,Quality Issue,1049,0.0321,0.0073
1503,2025-06-16,Night,Line C,Product Delta,1005,61,17,42.11,Assembly Error,Quality Issue,927,0.0607,0.0169
1504,2025-06-17,Morning,Line A,Product Alpha,1556,55,14,30.48,Dimensional Error,Maintenance,1487,0.0353,0.009
1505,2025-06-17,Afternoon,Line A,Product Delta,1513,31,7,79.49,Surface Defect,Quality Issue,1475,0.0205,0.0046
1506,2025-06-17,Night,Line A,Product Gamma,1437,49,6,23.58,Dimensional Error,Mechanical Failure,1382,0.0341,0.0042
1507,2025-06-17,Morning,Line B,Product Beta,1320,44,6,16.43,Assembly Error,Changeover,1270,0.0333,0.0045
1508,2025-06-17,Afternoon,Line B,Product Alpha,1276,48,6,39.24,Assembly Error,Mechanical Failure,1222,0.0376,0.0047
1509,2025-06-17,Night,Line B,Product Alpha,1192,31,4,59.59,Dimensional Error,Changeover,1157,0.026,0.0034
1510,2025-06-17,Morning,Line C,Product Alpha,1145,71,12,63.28,Assembly Error,Mechanical Failure,1062,0.062,0.0105
1511,2025-06-17,Afternoon,Line C,Product Gamma,1040,16,3,65.13,Assembly Error,Maintenance,1021,0.0154,0.0029
1512,2025-06-17,Night,Line C,Product Beta,1015,38,6,18.99,Dimensional Error,Material Shortage,971,0.0374,0.0059
1513,2025-06-18,Morning,Line A,Product Beta,1423,55,9,28.07,Assembly Error,Changeover,1359,0.0387,0.0063
1514,2025-06-18,Afternoon,Line A,Product Delta,1516,95,20,29.35,Assembly Error,Changeover,1401,0.0627,0.0132
1515,2025-06-18,Night,Line A,Product Alpha,1404,19,3,41.67,Dimensional Error,Material Shortage,1382,0.0135,0.0021
1516,2025-06-18,Morning,Line B,Product Gamma,1225,41,10,32.73,Dimensional Error,Changeover,1174,0.0335,0.0082
1517,2025-06-18,Afternoon,Line B,Product Alpha,1328,17,5,57.63,Surface Defect,Changeover,1306,0.0128,0.0038
1518,2025-06-18,Night,Line B,Product Gamma,1170,12,3,14.73,Coating Defect,,1155,0.0103,0.0026
1519,2025-06-18,Morning,Line C,Product Gamma,1050,50,13,9.41,Assembly Error,,987,0.0476,0.0124
1520,2025-06-18,Afternoon,Line C,Product Delta,1133,53,15,19.71,Dimensional Error,Quality Issue,1065,0.0468,0.0132
1521,2025-06-18,Night,Line C,Product Delta,1068,46,13,9.92,Assembly Error,,1009,0.0431,0.0122
1522,2025-06-19,Morning,Line A,Product Delta,1569,79,10,39.19,Dimensional Error,Mechanical Failure,1480,0.0504,0.0064
1523,2025-06-19,Afternoon,Line A,Product Beta,1410,83,12,33.06,Surface Defect,Material Shortage,1315,0.0589,0.0085
1524,2025-06-19,Night,Line A,Product Beta,1322,44,8,32.17,Surface Defect,Material Shortage,1270,0.0333,0.0061
1525,2025-06-19,Morning,Line B,Product Beta,1219,34,6,75.51,Coating Defect,Changeover,1179,0.0279,0.0049
1526,2025-06-19,Afternoon,Line B,Product Delta,1296,19,3,30.92,Coating Defect,Material Shortage,1274,0.0147,0.0023
1527,2025-06-19,Night,Line B,Product Gamma,1094,32,5,41.78,Surface Defect,Quality Issue,1057,0.0293,0.0046
1528,2025-06-19,Morning,Line C,Product Gamma,1181,32,7,49.2,Coating Defect,Material Shortage,1142,0.0271,0.0059
1529,2025-06-19,Afternoon,Line C,Product Delta,1131,24,4,50.13,Assembly Error,Maintenance,1103,0.0212,0.0035
1530,2025-06-19,Night,Line C,Product Gamma,1041,27,3,60.72,Coating Defect,Changeover,1011,0.0259,0.0029
1531,2025-06-20,Morning,Line A,Product Alpha,1423,36,9,9.68,Surface Defect,,1378,0.0253,0.0063
1532,2025-06-20,Afternoon,Line A,Product Delta,1536,77,15,38.41,Coating Defect,Mechanical Failure,1444,0.0501,0.0098
1533,2025-06-20,Night,Line A,Product Delta,1438,89,21,62.64,Dimensional Error,Material Shortage,1328,0.0619,0.0146
1534,2025-06-20,Morning,Line B,Product Alpha,1205,18,5,38.66,Surface Defect,Maintenance,1182,0.0149,0.0041
1535,2025-06-20,Afternoon,Line B,Product Delta,1243,44,5,46.14,Coating Defect,Changeover,1194,0.0354,0.004
1536,2025-06-20,Night,Line B,Product Alpha,1125,33,10,18.02,Assembly Error,Maintenance,1082,0.0293,0.0089
1537,2025-06-20,Morning,Line C,Product Beta,1101,52,9,42.07,Dimensional Error,Material Shortage,1040,0.0472,0.0082
1538,2025-06-20,Afternoon,Line C,Product Beta,1072,66,11,31.5,Coating Defect,Quality Issue,995,0.0616,0.0103
1539,2025-06-20,Night,Line C,Product Gamma,993,41,4,77.42,Coating Defect,Quality Issue,948,0.0413,0.004
1540,2025-06-21,Morning,Line A,Product Alpha,1543,40,10,56.12,Assembly Error,Changeover,1493,0.0259,0.0065
1541,2025-06-21,Afternoon,Line A,Product Alpha,1527,74,21,74.48,Coating Defect,Quality Issue,1432,0.0485,0.0138
1542,2025-06-21,Night,Line A,Product Gamma,1379,81,22,71.57,Coating Defect,Material Shortage,1276,0.0587,0.016
1543,2025-06-21,Morning,Line B,Product Beta,1199,48,7,77.74,Dimensional Error,Maintenance,1144,0.04,0.0058
1544,2025-06-21,Afternoon,Line B,Product Gamma,1214,15,1,27.18,Assembly Error,Changeover,1198,0.0124,0.0008
1545,2025-06-21,Night,Line B,Product Gamma,1160,13,2,30.33,Surface Defect,Material Shortage,1145,0.0112,0.0017
1546,2025-06-21,Morning,Line C,Product Beta,1105,61,17,41.57,Assembly Error,Quality Issue,1027,0.0552,0.0154
1547,2025-06-21,Afternoon,Line C,Product Gamma,1069,55,12,72.71,Dimensional Error,Quality Issue,1002,0.0514,0.0112
1548,2025-06-21,Night,Line C,Product Alpha,1085,39,5,55.25,Assembly Error,Quality Issue,1041,0.0359,0.0046
1549,2025-06-22,Morning,Line A,Product Beta,1444,62,10,68.75,Dimensional Error,Quality Issue,1372,0.0429,0.0069
1550,2025-06-22,Afternoon,Line A,Product Gamma,1396,82,25,36.54,Dimensional Error,Maintenance,1289,0.0587,0.0179
1551,2025-06-22,Night,Line A,Product Alpha,1395,14,2,23.39,Coating Defect,Quality Issue,1379,0.01,0.0014
1552,2025-06-22,Morning,Line B,Product Beta,1312,25,4,20.66,Coating Defect,Quality Issue,1283,0.0191,0.003
1553,2025-06-22,Afternoon,Line B,Product Alpha,1331,56,10,51.49,Dimensional Error,Material Shortage,1265,0.0421,0.0075
1554,2025-06-22,Night,Line B,Product Alpha,1085,18,4,43.54,Assembly Error,Maintenance,1063,0.0166,0.0037
1555,2025-06-22,Morning,Line C,Product Beta,1161,32,6,38.67,Coating Defect,Material Shortage,1123,0.0276,0.0052
1556,2025-06-22,Afternoon,Line C,Product Alpha,1072,16,4,10.18,Dimensional Error,,1052,0.0149,0.0037
1557,2025-06-22,Night,Line C,Product Gamma,993,36,6,9.2,Assembly Error,,951,0.0363,0.006
1558,2025-06-23,Morning,Line A,Product Alpha,1561,42,12,8.76,Assembly Error,,1507,0.0269,0.0077
1559,2025-06-23,Afternoon,Line A,Product Delta,1460,61,15,69.19,Coating Defect,Material Shortage,1384,0.0418,0.0103
1560,2025-06-23,Night,Line A,Product Gamma,1280,75,12,68.83,Assembly Error,Quality Issue,1193,0.0586,0.0094
1561,2025-06-23,Morning,Line B,Product Alpha,1299,57,6,13.31,Assembly Error,,1236,0.0439,0.0046
1562,2025-06-23,Afternoon,Line B,Product Beta,1278,53,9,73.62,Assembly Error,Quality Issue,1216,0.0415,0.007
1563,2025-06-23,Night,Line B,Product Beta,1247,59,7,41.06,Coating Defect,Maintenance,1181,0.0473,0.0056
1564,2025-06-23,Morning,Line C,Product Delta,1138,36,8,16.93,Surface Defect,Maintenance,1094,0.0316,0.007
1565,2025-06-23,Afternoon,Line C,Product Delta,1063,24,4,49.09,Assembly Error,Maintenance,1035,0.0226,0.0038
1566,2025-06-23,Night,Line C,Product Beta,1081,16,2,51.31,Surface Defect,Maintenance,1063,0.0148,0.0019
1567,2025-06-24,Morning,Line A,Product Beta,1491,47,13,68.89,Assembly Error,Maintenance,1431,0.0315,0.0087
1568,2025-06-24,Afternoon,Line A,Product Gamma,1374,85,16,18.13,Surface Defect,Changeover,1273,0.0619,0.0116
1569,2025-06-24,Night,Line A,Product Delta,1333,73,9,57.76,Coating Defect,Changeover,1251,0.0548,0.0068
1570,2025-06-24,Morning,Line B,Product Alpha,1298,58,14,15.53,Assembly Error,Material Shortage,1226,0.0447,0.0108
1571,2025-06-24,Afternoon,Line B,Product Gamma,1262,44,9,12.41,Dimensional Error,,1209,0.0349,0.0071
1572,2025-06-24,Night,Line B,Product Delta,1227,45,4,37.91,Surface Defect,Mechanical Failure,1178,0.0367,0.0033
1573,2025-06-24,Morning,Line C,Product Gamma,1187,28,7,10.43,Assembly Error,,1152,0.0236,0.0059
1574,2025-06-24,Afternoon,Line C,Product Delta,1090,12,3,37.22,Dimensional Error,Mechanical Failure,1075,0.011,0.0028
1575,2025-06-24,Night,Line C,Product Alpha,966,47,5,76.54,Surface Defect,Changeover,914,0.0487,0.0052
1576,2025-06-25,Morning,Line A,Product Delta,1548,84,11,70.95,Assembly Error,Mechanical Failure,1453,0.0543,0.0071
1577,2025-06-25,Afternoon,Line A,Product Gamma,1494,44,11,75.63,Dimensional Error,Material Shortage,1439,0.0295,0.0074
1578,2025-06-25,Night,Line A,Product Beta,1383,73,10,76.78,Dimensional Error,Maintenance,1300,0.0528,0.0072
1579,2025-06-25,Morning,Line B,Product Alpha,1317,73,21,16.18,Assembly Error,Quality Issue,1223,0.0554,0.0159
1580,2025-06-25,Afternoon,Line B,Product Beta,1223,14,1,51.85,Dimensional Error,Material Shortage,1208,0.0114,0.0008
1581,2025-06-25,Night,Line B,Product Gamma,1109,55,16,42.89,Assembly Error,Quality Issue,1038,0.0496,0.0144
1582,2025-06-25,Morning,Line C,Product Gamma,1171,72,17,29.15,Dimensional Error,Maintenance,1082,0.0615,0.0145
1583,2025-06-25,Afternoon,Line C,Product Beta,1036,59,5,13.87,Coating Defect,,972,0.0569,0.0048
1584,2025-06-25,Night,Line C,Product Delta,1059,62,7,66.67,Surface Defect,Maintenance,990,0.0585,0.0066
1585,2025-06-26,Morning,Line A,Product Beta,1478,17,3,17.75,Dimensional Error,Mechanical Failure,1458,0.0115,0.002
1586,2025-06-26,Afternoon,Line A,Product Beta,1463,48,7,17.07,Surface Defect,Mechanical Failure,1408,0.0328,0.0048
1587,2025-06-26,Night,Line A,Product Gamma,1303,68,12,21.39,Assembly Error,Maintenance,1223,0.0522,0.0092
1588,2025-06-26,Morning,Line B,Product Beta,1219,19,6,12.72,Coating Defect,,1194,0.0156,0.0049
1589,2025-06-26,Afternoon,Line B,Product Delta,1208,15,3,41.94,Dimensional Error,Maintenance,1190,0.0124,0.0025
1590,2025-06-26,Night,Line B,Product Gamma,1141,47,5,53.7,Assembly Error,Maintenance,1089,0.0412,0.0044
1591,2025-06-26,Morning,Line C,Product Alpha,1166,33,6,79.65,Assembly Error,Changeover,1127,0.0283,0.0051
1592,2025-06-26,Afternoon,Line C,Product Beta,1093,62,8,64.91,Assembly Error,Material Shortage,1023,0.0567,0.0073
1593,2025-06-26,Night,Line C,Product Delta,1067,58,5,58.88,Assembly Error,Changeover,1004,0.0544,0.0047
1594,2025-06-27,Morning,Line A,Product Alpha,1406,45,5,81.93,Coating Defect,Mechanical Failure,1356,0.032,0.0036
1595,2025-06-27,Afternoon,Line A,Product Beta,1393,14,3,25.42,Surface Defect,Changeover,1376,0.0101,0.0022
1596,2025-06-27,Night,Line A,Product Alpha,1315,81,10,33.55,Coating Defect,Material Shortage,1224,0.0616,0.0076
1597,2025-06-27,Morning,Line B,Product Gamma,1215,27,6,41.7,Coating Defect,Changeover,1182,0.0222,0.0049
1598,2025-06-27,Afternoon,Line B,Product Delta,1225,33,3,60.68,Coating Defect,Mechanical Failure,1189,0.0269,0.0024
1599,2025-06-27,Night,Line B,Product Gamma,1126,15,4,20.22,Coating Defect,Quality Issue,1107,0.0133,0.0036
1600,2025-06-27,Morning,Line C,Product Beta,1136,50,12,70.23,Surface Defect,Changeover,1074,0.044,0.0106
1601,2025-06-27,Afternoon,Line C,Product Beta,1120,70,7,29.49,Surface Defect,Quality Issue,1043,0.0625,0.0062
1602,2025-06-27,Night,Line C,Product Beta,1054,42,6,29.87,Assembly Error,Material Shortage,1006,0.0398,0.0057
1603,2025-06-28,Morning,Line A,Product Gamma,1408,19,3,80.96,Assembly Error,Mechanical Failure,1386,0.0135,0.0021
1604,2025-06-28,Afternoon,Line A,Product Beta,1435,34,3,78.21,Surface Defect,Quality Issue,1398,0.0237,0.0021
1605,2025-06-28,Night,Line A,Product Alpha,1390,49,5,75.61,Surface Defect,Mechanical Failure,1336,0.0353,0.0036
1606,2025-06-28,Morning,Line B,Product Beta,1221,34,10,18.37,Surface Defect,Mechanical Failure,1177,0.0278,0.0082
1607,2025-06-28,Afternoon,Line B,Product Gamma,1196,12,3,60.23,Dimensional Error,Quality Issue,1181,0.01,0.0025
1608,2025-06-28,Night,Line B,Product Alpha,1109,20,2,29.2,Surface Defect,Mechanical Failure,1087,0.018,0.0018
1609,2025-06-28,Morning,Line C,Product Gamma,1190,40,4,76.54,Coating Defect,Mechanical Failure,1146,0.0336,0.0034
1610,2025-06-28,Afternoon,Line C,Product Gamma,1121,13,1,72.93,Dimensional Error,Maintenance,1107,0.0116,0.0009
1611,2025-06-28,Night,Line C,Product Gamma,999,19,2,29.8,Dimensional Error,Maintenance,978,0.019,0.002
1612,2025-06-29,Morning,Line A,Product Gamma,1465,56,13,68.97,Surface Defect,Mechanical Failure,1396,0.0382,0.0089
1613,2025-06-29,Afternoon,Line A,Product Delta,1536,74,14,68.61,Dimensional Error,Changeover,1448,0.0482,0.0091
1614,2025-06-29,Night,Line A,Product Alpha,1413,52,5,18.29,Surface Defect,Mechanical Failure,1356,0.0368,0.0035
1615,2025-06-29,Morning,Line B,Product Alpha,1243,45,13,76.68,Coating Defect,Material Shortage,1185,0.0362,0.0105
1616,2025-06-29,Afternoon,Line B,Product Delta,1311,79,15,46.47,Dimensional Error,Material Shortage,1217,0.0603,0.0114
1617,2025-06-29,Night,Line B,Product Alpha,1175,17,2,68.13,Assembly Error,Quality Issue,1156,0.0145,0.0017
1618,2025-06-29,Morning,Line C,Product Delta,1200,19,3,62.85,Dimensional Error,Material Shortage,1178,0.0158,0.0025
1619,2025-06-29,Afternoon,Line C,Product Beta,1068,35,4,21.69,Assembly Error,Maintenance,1029,0.0328,0.0037
1620,2025-06-29,Night,Line C,Product Gamma,1117,53,12,77.79,Dimensional Error,Quality Issue,1052,0.0474,0.0107
1621,2025-06-30,Morning,Line A,Product Alpha,1406,72,13,48.9,Assembly Error,Material Shortage,1321,0.0512,0.0092
1622,2025-06-30,Afternoon,Line A,Product Alpha,1505,44,9,8.12,Surface Defect,,1452,0.0292,0.006
1623,2025-06-30,Night,Line A,Product Beta,1318,47,11,10.48,Surface Defect,,1260,0.0357,0.0083
1624,2025-06-30,Morning,Line B,Product Delta,1328,27,6,47.52,Surface Defect,Maintenance,1295,0.0203,0.0045
1625,2025-06-30,Afternoon,Line B,Product Alpha,1193,32,10,65.63,Assembly Error,Material Shortage,1151,0.0268,0.0084
1626,2025-06-30,Night,Line B,Product Gamma,1095,43,9,74.81,Surface Defect,Quality Issue,1043,0.0393,0.0082
1627,2025-06-30,Morning,Line C,Product Gamma,1181,63,11,56.49,Surface Defect,Maintenance,1107,0.0533,0.0093
1628,2025-06-30,Afternoon,Line C,Product Gamma,1089,27,8,58.98,Coating Defect,Changeover,1054,0.0248,0.0073
1629,2025-06-30,Night,Line C,Product Alpha,1085,31,3,69.37,Coating Defect,Changeover,1051,0.0286,0.0028
1630,2025-07-01,Morning,Line A,Product Gamma,1407,31,8,14.04,Dimensional Error,,1368,0.022,0.0057
1631,2025-07-01,Afternoon,Line A,Product Beta,1458,37,5,10.94,Surface Defect,,1416,0.0254,0.0034
1632,2025-07-01,Night,Line A,Product Delta,1430,29,3,44.27,Surface Defect,Changeover,1398,0.0203,0.0021
1633,2025-07-01,Morning,Line B,Product Alpha,1257,32,9,14.64,Assembly Error,,1216,0.0255,0.0072
1634,2025-07-01,Afternoon,Line B,Product Beta,1222,61,18,60.12,Surface Defect,Mechanical Failure,1143,0.0499,0.0147
1635,2025-07-01,Night,Line B,Product Gamma,1168,48,8,44.8,Assembly Error,Mechanical Failure,1112,0.0411,0.0068
1636,2025-07-01,Morning,Line C,Product Alpha,1217,44,12,60.72,Dimensional Error,Material Shortage,1161,0.0362,0.0099
1637,2025-07-01,Afternoon,Line C,Product Delta,1026,58,9,34.94,Assembly Error,Maintenance,959,0.0565,0.0088
1638,2025-07-01,Night,Line C,Product Delta,1043,26,6,69.75,Dimensional Error,Changeover,1011,0.0249,0.0058
1639,2025-07-02,Morning,Line A,Product Gamma,1510,43,8,16.24,Surface Defect,Mechanical Failure,1459,0.0285,0.0053
1640,2025-07-02,Afternoon,Line A,Product Alpha,1403,70,11,75.26,Surface Defect,Changeover,1322,0.0499,0.0078
1641,2025-07-02,Night,Line A,Product Delta,1324,75,17,71.91,Coating Defect,Mechanical Failure,1232,0.0566,0.0128
1642,2025-07-02,Morning,Line B,Product Beta,1363,74,20,66.58,Coating Defect,Quality Issue,1269,0.0543,0.0147
1643,2025-07-02,Afternoon,Line B,Product Alpha,1204,38,6,21.57,Surface Defect,Maintenance,1160,0.0316,0.005
1644,2025-07-02,Night,Line B,Product Gamma,1192,52,8,73.17,Coating Defect,Maintenance,1132,0.0436,0.0067
1645,2025-07-02,Morning,Line C,Product Alpha,1125,62,18,66.68,Surface Defect,Quality Issue,1045,0.0551,0.016
1646,2025-07-02,Afternoon,Line C,Product Alpha,1036,18,3,26.91,Dimensional Error,Material Shortage,1015,0.0174,0.0029
1647,2025-07-02,Night,Line C,Product Alpha,974,35,5,80.21,Dimensional Error,Material Shortage,934,0.0359,0.0051
1648,2025-07-03,Morning,Line A,Product Gamma,1546,81,8,19.64,Assembly Error,Quality Issue,1457,0.0524,0.0052
1649,2025-07-03,Afternoon,Line A,Product Alpha,1385,18,5,32.84,Assembly Error,Changeover,1362,0.013,0.0036
1650,2025-07-03,Night,Line A,Product Delta,1329,58,17,26.43,Coating Defect,Material Shortage,1254,0.0436,0.0128
1651,2025-07-03,Morning,Line B,Product Alpha,1228,47,4,26.65,Surface Defect,Material Shortage,1177,0.0383,0.0033
1652,2025-07-03,Afternoon,Line B,Product Delta,1339,28,7,56.59,Assembly Error,Quality Issue,1304,0.0209,0.0052
1653,2025-07-03,Night,Line B,Product Alpha,1211,70,10,44.33,Surface Defect,Quality Issue,1131,0.0578,0.0083
1654,2025-07-03,Morning,Line C,Product Beta,1194,63,18,28.21,Assembly Error,Material Shortage,1113,0.0528,0.0151
1655,2025-07-03,Afternoon,Line C,Product Delta,1164,22,2,37.24,Surface Defect,Quality Issue,1140,0.0189,0.0017
1656,2025-07-03,Night,Line C,Product Beta,1045,25,4,22.35,Coating Defect,Maintenance,1016,0.0239,0.0038
1657,2025-07-04,Morning,Line A,Product Beta,1420,45,6,70.97,Assembly Error,Material Shortage,1369,0.0317,0.0042
1658,2025-07-04,Afternoon,Line A,Product Delta,1415,33,6,60.67,Coating Defect,Material Shortage,1376,0.0233,0.0042
1659,2025-07-04,Night,Line A,Product Beta,1275,71,14,67.1,Dimensional Error,Changeover,1190,0.0557,0.011
1660,2025-07-04,Morning,Line B,Product Beta,1324,43,13,73.2,Coating Defect,Quality Issue,1268,0.0325,0.0098
1661,2025-07-04,Afternoon,Line B,Product Beta,1303,66,15,52.53,Assembly Error,Changeover,1222,0.0507,0.0115
1662,2025-07-04,Night,Line B,Product Gamma,1111,38,8,57.89,Surface Defect,Material Shortage,1065,0.0342,0.0072
1663,2025-07-04,Morning,Line C,Product Alpha,1209,13,2,71.23,Coating Defect,Quality Issue,1194,0.0108,0.0017
1664,2025-07-04,Afternoon,Line C,Product Gamma,1135,22,5,38.55,Assembly Error,Mechanical Failure,1108,0.0194,0.0044
1665,2025-07-04,Night,Line C,Product Gamma,960,47,6,32.07,Surface Defect,Changeover,907,0.049,0.0062
1666,2025-07-05,Morning,Line A,Product Beta,1532,87,25,78.13,Assembly Error,Material Shortage,1420,0.0568,0.0163
1667,2025-07-05,Afternoon,Line A,Product Alpha,1491,75,11,52.12,Dimensional Error,Maintenance,1405,0.0503,0.0074
1668,2025-07-05,Night,Line A,Product Delta,1400,26,3,35.06,Coating Defect,Maintenance,1371,0.0186,0.0021
1669,2025-07-05,Morning,Line B,Product Beta,1200,57,12,38.02,Coating Defect,Mechanical Failure,1131,0.0475,0.01
1670,2025-07-05,Afternoon,Line B,Product Beta,1203,48,5,60.49,Assembly Error,Changeover,1150,0.0399,0.0042
1671,2025-07-05,Night,Line B,Product Alpha,1179,16,3,45.47,Coating Defect,Material Shortage,1160,0.0136,0.0025
1672,2025-07-05,Morning,Line C,Product Beta,1119,17,2,8.84,Coating Defect,,1100,0.0152,0.0018
1673,2025-07-05,Afternoon,Line C,Product Alpha,1072,54,9,43.08,Assembly Error,Quality Issue,1009,0.0504,0.0084
1674,2025-07-05,Night,Line C,Product Alpha,958,37,7,13.54,Coating Defect,,914,0.0386,0.0073
1675,2025-07-06,Morning,Line A,Product Delta,1430,70,19,33.84,Surface Defect,Mechanical Failure,1341,0.049,0.0133
1676,2025-07-06,Afternoon,Line A,Product Alpha,1370,56,16,32.16,Surface Defect,Maintenance,1298,0.0409,0.0117
1677,2025-07-06,Night,Line A,Product Beta,1287,20,4,39.96,Dimensional Error,Maintenance,1263,0.0155,0.0031
1678,2025-07-06,Morning,Line B,Product Beta,1242,25,6,40.45,Coating Defect,Material Shortage,1211,0.0201,0.0048
1679,2025-07-06,Afternoon,Line B,Product Alpha,1185,28,7,37.46,Surface Defect,Changeover,1150,0.0236,0.0059
1680,2025-07-06,Night,Line B,Product Delta,1233,31,8,8.16,Surface Defect,,1194,0.0251,0.0065
1681,2025-07-06,Morning,Line C,Product Delta,1175,54,9,34.87,Dimensional Error,Quality Issue,1112,0.046,0.0077
1682,2025-07-06,Afternoon,Line C,Product Alpha,1053,57,10,76.29,Dimensional Error,Material Shortage,986,0.0541,0.0095
1683,2025-07-06,Night,Line C,Product Alpha,1036,17,3,58.99,Surface Defect,Mechanical Failure,1016,0.0164,0.0029
1684,2025-07-07,Morning,Line A,Product Beta,1578,82,11,10.83,Dimensional Error,,1485,0.052,0.007
1685,2025-07-07,Afternoon,Line A,Product Delta,1527,34,6,9.64,Surface Defect,,1487,0.0223,0.0039
1686,2025-07-07,Night,Line A,Product Beta,1348,71,7,41.87,Assembly Error,Material Shortage,1270,0.0527,0.0052
1687,2025-07-07,Morning,Line B,Product Delta,1309,57,16,53.22,Coating Defect,Material Shortage,1236,0.0435,0.0122
1688,2025-07-07,Afternoon,Line B,Product Beta,1222,75,14,26.6,Assembly Error,Maintenance,1133,0.0614,0.0115
1689,2025-07-07,Night,Line B,Product Delta,1108,18,2,74.53,Assembly Error,Mechanical Failure,1088,0.0162,0.0018
1690,2025-07-07,Morning,Line C,Product Alpha,1047,19,4,55.12,Surface Defect,Mechanical Failure,1024,0.0181,0.0038
1691,2025-07-07,Afternoon,Line C,Product Beta,1035,50,14,24.78,Dimensional Error,Quality Issue,971,0.0483,0.0135
1692,2025-07-07,Night,Line C,Product Delta,991,58,15,59.71,Coating Defect,Changeover,918,0.0585,0.0151
1693,2025-07-08,Morning,Line A,Product Delta,1454,88,20,35.35,Surface Defect,Changeover,1346,0.0605,0.0138
1694,2025-07-08,Afternoon,Line A,Product Gamma,1438,81,17,40.87,Assembly Error,Changeover,1340,0.0563,0.0118
1695,2025-07-08,Night,Line A,Product Gamma,1302,55,15,56.6,Dimensional Error,Changeover,1232,0.0422,0.0115
1696,2025-07-08,Morning,Line B,Product Alpha,1336,69,16,43.77,Dimensional Error,Material Shortage,1251,0.0516,0.012
1697,2025-07-08,Afternoon,Line B,Product Beta,1281,52,4,70.8,Surface Defect,Maintenance,1225,0.0406,0.0031
1698,2025-07-08,Night,Line B,Product Beta,1145,34,8,47.34,Assembly Error,Mechanical Failure,1103,0.0297,0.007
1699,2025-07-08,Morning,Line C,Product Delta,1200,75,15,72.04,Coating Defect,Changeover,1110,0.0625,0.0125
1700,2025-07-08,Afternoon,Line C,Product Beta,1124,42,8,47.05,Assembly Error,Quality Issue,1074,0.0374,0.0071
1701,2025-07-08,Night,Line C,Product Alpha,1120,15,3,14.41,Surface Defect,,1102,0.0134,0.0027
1702,2025-07-09,Morning,Line A,Product Delta,1457,73,13,56.09,Coating Defect,Maintenance,1371,0.0501,0.0089
1703,2025-07-09,Afternoon,Line A,Product Alpha,1477,86,14,26.25,Dimensional Error,Changeover,1377,0.0582,0.0095
1704,2025-07-09,Night,Line A,Product Alpha,1410,85,23,67.78,Coating Defect,Changeover,1302,0.0603,0.0163
1705,2025-07-09,Morning,Line B,Product Delta,1235,20,2,59.72,Assembly Error,Changeover,1213,0.0162,0.0016
1706,2025-07-09,Afternoon,Line B,Product Beta,1202,74,9,29.9,Surface Defect,Maintenance,1119,0.0616,0.0075
1707,2025-07-09,Night,Line B,Product Delta,1119,42,8,40.11,Dimensional Error,Changeover,1069,0.0375,0.0071
1708,2025-07-09,Morning,Line C,Product Alpha,1099,51,11,49.33,Dimensional Error,Mechanical Failure,1037,0.0464,0.01
1709,2025-07-09,Afternoon,Line C,Product Alpha,1133,14,2,23.18,Coating Defect,Quality Issue,1117,0.0124,0.0018
1710,2025-07-09,Night,Line C,Product Delta,1123,61,9,54.2,Coating Defect,Mechanical Failure,1053,0.0543,0.008
1711,2025-07-10,Morning,Line A,Product Delta,1407,18,4,70.83,Assembly Error,Maintenance,1385,0.0128,0.0028
1712,2025-07-10,Afternoon,Line A,Product Alpha,1489,48,5,73.66,Coating Defect,Maintenance,1436,0.0322,0.0034
1713,2025-07-10,Night,Line A,Product Alpha,1390,51,8,23.3,Dimensional Error,Maintenance,1331,0.0367,0.0058
1714,2025-07-10,Morning,Line B,Product Beta,1269,12,4,17.76,Coating Defect,Changeover,1253,0.0095,0.0032
1715,2025-07-10,Afternoon,Line B,Product Delta,1279,35,10,46.96,Assembly Error,Maintenance,1234,0.0274,0.0078
1716,2025-07-10,Night,Line B,Product Gamma,1217,14,1,26.88,Coating Defect,Changeover,1202,0.0115,0.0008
1717,2025-07-10,Morning,Line C,Product Gamma,1223,62,12,44.6,Assembly Error,Quality Issue,1149,0.0507,0.0098
1718,2025-07-10,Afternoon,Line C,Product Gamma,1101,18,1,69.55,Coating Defect,Quality Issue,1082,0.0163,0.0009
1719,2025-07-10,Night,Line C,Product Alpha,971,58,11,18.19,Assembly Error,Mechanical Failure,902,0.0597,0.0113
1720,2025-07-11,Morning,Line A,Product Alpha,1532,37,5,50.63,Dimensional Error,Mechanical Failure,1490,0.0242,0.0033
1721,2025-07-11,Afternoon,Line A,Product Delta,1497,59,14,34.4,Surface Defect,Quality Issue,1424,0.0394,0.0094
1722,2025-07-11,Night,Line A,Product Beta,1415,46,10,82.58,Coating Defect,Quality Issue,1359,0.0325,0.0071
1723,2025-07-11,Morning,Line B,Product Gamma,1278,67,9,16.54,Assembly Error,Quality Issue,1202,0.0524,0.007
1724,2025-07-11,Afternoon,Line B,Product Gamma,1246,33,9,46.7,Coating Defect,Mechanical Failure,1204,0.0265,0.0072
1725,2025-07-11,Night,Line B,Product Gamma,1111,23,3,65.04,Assembly Error,Mechanical Failure,1085,0.0207,0.0027
1726,2025-07-11,Morning,Line C,Product Gamma,1112,60,9,62.66,Dimensional Error,Maintenance,1043,0.054,0.0081
1727,2025-07-11,Afternoon,Line C,Product Delta,1077,39,11,45.88,Dimensional Error,Mechanical Failure,1027,0.0362,0.0102
1728,2025-07-11,Night,Line C,Product Alpha,968,53,5,18.11,Assembly Error,Material Shortage,910,0.0548,0.0052
1729,2025-07-12,Morning,Line A,Product Gamma,1515,88,11,26.31,Assembly Error,Material Shortage,1416,0.0581,0.0073
1730,2025-07-12,Afternoon,Line A,Product Alpha,1498,42,4,71.16,Assembly Error,Maintenance,1452,0.028,0.0027
1731,2025-07-12,Night,Line A,Product Beta,1408,71,16,58.12,Assembly Error,Changeover,1321,0.0504,0.0114
1732,2025-07-12,Morning,Line B,Product Delta,1334,28,6,50.23,Surface Defect,Mechanical Failure,1300,0.021,0.0045
1733,2025-07-12,Afternoon,Line B,Product Alpha,1286,56,13,27.99,Coating Defect,Maintenance,1217,0.0435,0.0101
1734,2025-07-12,Night,Line B,Product Gamma,1131,25,2,49.74,Coating Defect,Quality Issue,1104,0.0221,0.0018
1735,2025-07-12,Morning,Line C,Product Delta,1174,44,11,17.91,Dimensional Error,Mechanical Failure,1119,0.0375,0.0094
1736,2025-07-12,Afternoon,Line C,Product Alpha,1187,61,14,29.18,Assembly Error,Quality Issue,1112,0.0514,0.0118
1737,2025-07-12,Night,Line C,Product Beta,1053,38,6,11.55,Coating Defect,,1009,0.0361,0.0057
1738,2025-07-13,Morning,Line A,Product Beta,1430,22,3,82.25,Coating Defect,Changeover,1405,0.0154,0.0021
1739,2025-07-13,Afternoon,Line A,Product Alpha,1408,43,9,61.39,Dimensional Error,Quality Issue,1356,0.0305,0.0064
1740,2025-07-13,Night,Line A,Product Beta,1416,84,10,29.0,Coating Defect,Changeover,1322,0.0593,0.0071
1741,2025-07-13,Morning,Line B,Product Alpha,1265,12,3,68.31,Assembly Error,Mechanical Failure,1250,0.0095,0.0024
1742,2025-07-13,Afternoon,Line B,Product Alpha,1260,32,3,74.94,Surface Defect,Quality Issue,1225,0.0254,0.0024
1743,2025-07-13,Night,Line B,Product Beta,1122,20,3,52.24,Surface Defect,Mechanical Failure,1099,0.0178,0.0027
1744,2025-07-13,Morning,Line C,Product Delta,1092,13,3,66.33,Coating Defect,Maintenance,1076,0.0119,0.0027
1745,2025-07-13,Afternoon,Line C,Product Delta,1108,45,13,54.73,Coating Defect,Changeover,1050,0.0406,0.0117
1746,2025-07-13,Night,Line C,Product Beta,1093,63,16,76.27,Coating Defect,Material Shortage,1014,0.0576,0.0146
1747,2025-07-14,Morning,Line A,Product Gamma,1455,56,9,48.02,Surface Defect,Changeover,1390,0.0385,0.0062
1748,2025-07-14,Afternoon,Line A,Product Alpha,1480,72,7,82.26,Dimensional Error,Changeover,1401,0.0486,0.0047
1749,2025-07-14,Night,Line A,Product Alpha,1414,67,14,52.94,Assembly Error,Material Shortage,1333,0.0474,0.0099
1750,2025-07-14,Morning,Line B,Product Alpha,1201,68,15,14.19,Dimensional Error,,1118,0.0566,0.0125
1751,2025-07-14,Afternoon,Line B,Product Gamma,1239,42,5,73.28,Dimensional Error,Material Shortage,1192,0.0339,0.004
1752,2025-07-14,Night,Line B,Product Beta,1132,52,13,30.89,Surface Defect,Quality Issue,1067,0.0459,0.0115
1753,2025-07-14,Morning,Line C,Product Beta,1214,17,2,67.54,Surface Defect,Material Shortage,1195,0.014,0.0016
1754,2025-07-14,Afternoon,Line C,Product Gamma,1162,16,2,60.14,Coating Defect,Quality Issue,1144,0.0138,0.0017
1755,2025-07-14,Night,Line C,Product Gamma,1093,54,11,18.23,Dimensional Error,Changeover,1028,0.0494,0.0101
1756,2025-07-15,Morning,Line A,Product Alpha,1441,80,7,44.64,Surface Defect,Material Shortage,1354,0.0555,0.0049
1757,2025-07-15,Afternoon,Line A,Product Beta,1525,75,18,67.1,Dimensional Error,Material Shortage,1432,0.0492,0.0118
1758,2025-07-15,Night,Line A,Product Beta,1341,83,24,44.99,Coating Defect,Changeover,1234,0.0619,0.0179
1759,2025-07-15,Morning,Line B,Product Gamma,1314,44,8,54.37,Dimensional Error,Changeover,1262,0.0335,0.0061
1760,2025-07-15,Afternoon,Line B,Product Delta,1202,51,7,40.2,Dimensional Error,Changeover,1144,0.0424,0.0058
1761,2025-07-15,Night,Line B,Product Gamma,1110,65,18,29.83,Coating Defect,Quality Issue,1027,0.0586,0.0162
1762,2025-07-15,Morning,Line C,Product Delta,1050,60,14,15.34,Dimensional Error,Mechanical Failure,976,0.0571,0.0133
1763,2025-07-15,Afternoon,Line C,Product Gamma,1175,37,5,24.08,Assembly Error,Changeover,1133,0.0315,0.0043
1764,2025-07-15,Night,Line C,Product Beta,1054,51,5,76.03,Assembly Error,Mechanical Failure,998,0.0484,0.0047
1765,2025-07-16,Morning,Line A,Product Beta,1579,91,17,42.36,Dimensional Error,Mechanical Failure,1471,0.0576,0.0108
1766,2025-07-16,Afternoon,Line A,Product Alpha,1433,67,20,39.82,Dimensional Error,Quality Issue,1346,0.0468,0.014
1767,2025-07-16,Night,Line A,Product Beta,1294,63,10,72.8,Coating Defect,Quality Issue,1221,0.0487,0.0077
1768,2025-07-16,Morning,Line B,Product Alpha,1286,44,8,39.61,Coating Defect,Changeover,1234,0.0342,0.0062
1769,2025-07-16,Afternoon,Line B,Product Delta,1223,41,4,67.94,Assembly Error,Quality Issue,1178,0.0335,0.0033
1770,2025-07-16,Night,Line B,Product Alpha,1255,60,11,16.38,Surface Defect,Changeover,1184,0.0478,0.0088
1771,2025-07-16,Morning,Line C,Product Delta,1131,60,13,55.33,Surface Defect,Material Shortage,1058,0.0531,0.0115
1772,2025-07-16,Afternoon,Line C,Product Beta,1168,33,8,64.36,Coating Defect,Quality Issue,1127,0.0283,0.0068
1773,2025-07-16,Night,Line C,Product Delta,1048,23,5,14.52,Dimensional Error,,1020,0.0219,0.0048
1774,2025-07-17,Morning,Line A,Product Delta,1411,59,6,39.84,Dimensional Error,Material Shortage,1346,0.0418,0.0043
1775,2025-07-17,Afternoon,Line A,Product Delta,1498,57,6,8.45,Assembly Error,,1435,0.0381,0.004
1776,2025-07-17,Night,Line A,Product Gamma,1298,60,7,54.49,Dimensional Error,Mechanical Failure,1231,0.0462,0.0054
1777,2025-07-17,Morning,Line B,Product Beta,1315,37,8,74.75,Dimensional Error,Changeover,1270,0.0281,0.0061
1778,2025-07-17,Afternoon,Line B,Product Alpha,1316,28,6,41.28,Assembly Error,Maintenance,1282,0.0213,0.0046
1779,2025-07-17,Night,Line B,Product Beta,1220,55,12,54.21,Coating Defect,Mechanical Failure,1153,0.0451,0.0098
1780,2025-07-17,Morning,Line C,Product Beta,1107,9,2,43.68,Dimensional Error,Mechanical Failure,1096,0.0081,0.0018
1781,2025-07-17,Afternoon,Line C,Product Delta,1045,50,12,51.72,Surface Defect,Mechanical Failure,983,0.0478,0.0115
1782,2025-07-17,Night,Line C,Product Delta,983,33,4,26.51,Assembly Error,Changeover,946,0.0336,0.0041
1783,2025-07-18,Morning,Line A,Product Beta,1420,56,13,65.99,Coating Defect,Maintenance,1351,0.0394,0.0092
1784,2025-07-18,Afternoon,Line A,Product Alpha,1512,87,10,8.61,Coating Defect,,1415,0.0575,0.0066
1785,2025-07-18,Night,Line A,Product Gamma,1285,19,5,67.51,Surface Defect,Changeover,1261,0.0148,0.0039
1786,2025-07-18,Morning,Line B,Product Alpha,1303,67,8,41.11,Dimensional Error,Maintenance,1228,0.0514,0.0061
1787,2025-07-18,Afternoon,Line B,Product Delta,1175,69,7,76.22,Assembly Error,Maintenance,1099,0.0587,0.006
1788,2025-07-18,Night,Line B,Product Alpha,1105,16,5,19.46,Coating Defect,Mechanical Failure,1084,0.0145,0.0045
1789,2025-07-18,Morning,Line C,Product Delta,1048,20,6,33.51,Assembly Error,Material Shortage,1022,0.0191,0.0057
1790,2025-07-18,Afternoon,Line C,Product Gamma,1028,44,13,32.04,Surface Defect,Changeover,971,0.0428,0.0126
1791,2025-07-18,Night,Line C,Product Delta,1053,38,9,12.17,Surface Defect,,1006,0.0361,0.0085
1792,2025-07-19,Morning,Line A,Product Beta,1444,54,6,76.57,Coating Defect,Changeover,1384,0.0374,0.0042
1793,2025-07-19,Afternoon,Line A,Product Gamma,1469,69,12,17.62,Coating Defect,Mechanical Failure,1388,0.047,0.0082
1794,2025-07-19,Night,Line A,Product Delta,1429,38,11,81.34,Coating Defect,Mechanical Failure,1380,0.0266,0.0077
1795,2025-07-19,Morning,Line B,Product Delta,1292,66,11,79.13,Coating Defect,Mechanical Failure,1215,0.0511,0.0085
1796,2025-07-19,Afternoon,Line B,Product Delta,1209,67,7,70.32,Assembly Error,Material Shortage,1135,0.0554,0.0058
1797,2025-07-19,Night,Line B,Product Alpha,1185,60,8,78.33,Coating Defect,Material Shortage,1117,0.0506,0.0068
1798,2025-07-19,Morning,Line C,Product Delta,1145,31,3,46.71,Assembly Error,Maintenance,1111,0.0271,0.0026
1799,2025-07-19,Afternoon,Line C,Product Gamma,1122,25,5,67.12,Coating Defect,Changeover,1092,0.0223,0.0045
1800,2025-07-19,Night,Line C,Product Alpha,945,56,15,81.12,Coating Defect,Material Shortage,874,0.0593,0.0159
1801,2025-07-20,Morning,Line A,Product Beta,1439,90,13,47.88,Coating Defect,Maintenance,1336,0.0625,0.009
1802,2025-07-20,Afternoon,Line A,Product Delta,1405,84,25,21.44,Surface Defect,Mechanical Failure,1296,0.0598,0.0178
1803,2025-07-20,Night,Line A,Product Alpha,1277,63,13,81.91,Surface Defect,Changeover,1201,0.0493,0.0102
1804,2025-07-20,Morning,Line B,Product Alpha,1200,38,6,18.4,Assembly Error,Mechanical Failure,1156,0.0317,0.005
1805,2025-07-20,Afternoon,Line B,Product Delta,1201,54,13,10.28,Assembly Error,,1134,0.045,0.0108
1806,2025-07-20,Night,Line B,Product Delta,1208,43,6,18.41,Coating Defect,Maintenance,1159,0.0356,0.005
1807,2025-07-20,Morning,Line C,Product Alpha,1149,71,20,44.93,Coating Defect,Mechanical Failure,1058,0.0618,0.0174
1808,2025-07-20,Afternoon,Line C,Product Gamma,1081,52,8,15.48,Coating Defect,Material Shortage,1021,0.0481,0.0074
1809,2025-07-20,Night,Line C,Product Beta,1007,33,7,15.78,Surface Defect,Quality Issue,967,0.0328,0.007
1810,2025-07-21,Morning,Line A,Product Beta,1454,23,5,56.84,Surface Defect,Material Shortage,1426,0.0158,0.0034
1811,2025-07-21,Afternoon,Line A,Product Alpha,1387,59,9,57.39,Coating Defect,Changeover,1319,0.0425,0.0065
1812,2025-07-21,Night,Line A,Product Gamma,1412,44,11,82.12,Coating Defect,Maintenance,1357,0.0312,0.0078
1813,2025-07-21,Morning,Line B,Product Beta,1310,69,14,11.02,Dimensional Error,,1227,0.0527,0.0107
1814,2025-07-21,Afternoon,Line B,Product Alpha,1312,64,6,56.14,Dimensional Error,Maintenance,1242,0.0488,0.0046
1815,2025-07-21,Night,Line B,Product Delta,1201,37,5,72.19,Assembly Error,Mechanical Failure,1159,0.0308,0.0042
1816,2025-07-21,Morning,Line C,Product Gamma,1199,68,17,38.08,Assembly Error,Maintenance,1114,0.0567,0.0142
1817,2025-07-21,Afternoon,Line C,Product Gamma,1120,21,2,81.1,Surface Defect,Material Shortage,1097,0.0188,0.0018
1818,2025-07-21,Night,Line C,Product Delta,1123,15,4,63.4,Surface Defect,Material Shortage,1104,0.0134,0.0036
1819,2025-07-22,Morning,Line A,Product Gamma,1473,72,21,54.03,Surface Defect,Changeover,1380,0.0489,0.0143
1820,2025-07-22,Afternoon,Line A,Product Gamma,1445,46,7,57.26,Dimensional Error,Quality Issue,1392,0.0318,0.0048
1821,2025-07-22,Night,Line A,Product Delta,1438,55,16,26.44,Surface Defect,Changeover,1367,0.0382,0.0111
1822,2025-07-22,Morning,Line B,Product Alpha,1376,71,16,18.67,Coating Defect,Material Shortage,1289,0.0516,0.0116
1823,2025-07-22,Afternoon,Line B,Product Gamma,1174,23,2,26.68,Assembly Error,Quality Issue,1149,0.0196,0.0017
1824,2025-07-22,Night,Line B,Product Beta,1138,32,8,59.04,Assembly Error,Changeover,1098,0.0281,0.007
1825,2025-07-22,Morning,Line C,Product Alpha,1199,44,11,24.89,Assembly Error,Mechanical Failure,1144,0.0367,0.0092
1826,2025-07-22,Afternoon,Line C,Product Beta,1139,30,8,22.3,Coating Defect,Maintenance,1101,0.0263,0.007
1827,2025-07-22,Night,Line C,Product Delta,1093,48,13,69.08,Coating Defect,Mechanical Failure,1032,0.0439,0.0119
1828,2025-07-23,Morning,Line A,Product Delta,1514,95,19,46.14,Surface Defect,Material Shortage,1400,0.0627,0.0125
1829,2025-07-23,Afternoon,Line A,Product Gamma,1378,73,9,44.11,Surface Defect,Maintenance,1296,0.053,0.0065
1830,2025-07-23,Night,Line A,Product Gamma,1365,78,7,70.43,Surface Defect,Quality Issue,1280,0.0571,0.0051
1831,2025-07-23,Morning,Line B,Product Beta,1351,17,2,75.46,Surface Defect,Mechanical Failure,1332,0.0126,0.0015
1832,2025-07-23,Afternoon,Line B,Product Beta,1223,30,5,74.66,Assembly Error,Material Shortage,1188,0.0245,0.0041
1833,2025-07-23,Night,Line B,Product Beta,1245,18,3,25.24,Surface Defect,Quality Issue,1224,0.0145,0.0024
1834,2025-07-23,Morning,Line C,Product Alpha,1136,61,15,66.53,Assembly Error,Material Shortage,1060,0.0537,0.0132
1835,2025-07-23,Afternoon,Line C,Product Beta,1058,32,4,72.09,Surface Defect,Mechanical Failure,1022,0.0302,0.0038
1836,2025-07-23,Night,Line C,Product Gamma,1024,51,6,73.15,Coating Defect,Changeover,967,0.0498,0.0059
1837,2025-07-24,Morning,Line A,Product Alpha,1525,32,3,47.36,Dimensional Error,Quality Issue,1490,0.021,0.002
1838,2025-07-24,Afternoon,Line A,Product Beta,1488,41,6,39.6,Coating Defect,Material Shortage,1441,0.0276,0.004
1839,2025-07-24,Night,Line A,Product Delta,1281,35,3,46.25,Coating Defect,Material Shortage,1243,0.0273,0.0023
1840,2025-07-24,Morning,Line B,Product Alpha,1291,16,2,41.19,Assembly Error,Material Shortage,1273,0.0124,0.0015
1841,2025-07-24,Afternoon,Line B,Product Beta,1180,51,9,61.92,Assembly Error,Mechanical Failure,1120,0.0432,0.0076
1842,2025-07-24,Night,Line B,Product Alpha,1149,24,6,75.56,Assembly Error,Changeover,1119,0.0209,0.0052
1843,2025-07-24,Morning,Line C,Product Gamma,1117,56,12,82.74,Surface Defect,Quality Issue,1049,0.0501,0.0107
1844,2025-07-24,Afternoon,Line C,Product Gamma,1035,25,3,68.47,Coating Defect,Mechanical Failure,1007,0.0242,0.0029
1845,2025-07-24,Night,Line C,Product Gamma,1070,37,11,39.7,Dimensional Error,Maintenance,1022,0.0346,0.0103
1846,2025-07-25,Morning,Line A,Product Alpha,1544,80,13,12.35,Assembly Error,,1451,0.0518,0.0084
1847,2025-07-25,Afternoon,Line A,Product Gamma,1538,14,4,42.12,Dimensional Error,Material Shortage,1520,0.0091,0.0026
1848,2025-07-25,Night,Line A,Product Alpha,1306,35,6,11.1,Assembly Error,,1265,0.0268,0.0046
1849,2025-07-25,Morning,Line B,Product Gamma,1374,24,6,19.86,Dimensional Error,Maintenance,1344,0.0175,0.0044
1850,2025-07-25,Afternoon,Line B,Product Alpha,1212,15,4,66.92,Surface Defect,Quality Issue,1193,0.0124,0.0033
1851,2025-07-25,Night,Line B,Product Delta,1246,53,11,32.23,Dimensional Error,Mechanical Failure,1182,0.0425,0.0088
1852,2025-07-25,Morning,Line C,Product Beta,1057,59,7,11.02,Surface Defect,,991,0.0558,0.0066
1853,2025-07-25,Afternoon,Line C,Product Gamma,1163,27,7,16.04,Coating Defect,Changeover,1129,0.0232,0.006
1854,2025-07-25,Night,Line C,Product Alpha,1124,26,6,59.26,Assembly Error,Material Shortage,1092,0.0231,0.0053
1855,2025-07-26,Morning,Line A,Product Beta,1518,80,12,73.97,Dimensional Error,Changeover,1426,0.0527,0.0079
1856,2025-07-26,Afternoon,Line A,Product Alpha,1482,26,7,50.95,Coating Defect,Quality Issue,1449,0.0175,0.0047
1857,2025-07-26,Night,Line A,Product Alpha,1303,23,2,48.79,Coating Defect,Changeover,1278,0.0177,0.0015
1858,2025-07-26,Morning,Line B,Product Delta,1319,81,7,58.92,Dimensional Error,Material Shortage,1231,0.0614,0.0053
1859,2025-07-26,Afternoon,Line B,Product Alpha,1214,40,11,43.1,Coating Defect,Material Shortage,1163,0.0329,0.0091
1860,2025-07-26,Night,Line B,Product Beta,1131,16,2,49.12,Surface Defect,Mechanical Failure,1113,0.0141,0.0018
1861,2025-07-26,Morning,Line C,Product Alpha,1141,52,7,64.99,Assembly Error,Maintenance,1082,0.0456,0.0061
1862,2025-07-26,Afternoon,Line C,Product Alpha,1102,23,6,19.27,Assembly Error,Quality Issue,1073,0.0209,0.0054
1863,2025-07-26,Night,Line C,Product Alpha,1015,56,14,20.72,Surface Defect,Material Shortage,945,0.0552,0.0138
1864,2025-07-27,Morning,Line A,Product Beta,1483,29,6,70.87,Coating Defect,Quality Issue,1448,0.0196,0.004
1865,2025-07-27,Afternoon,Line A,Product Beta,1439,82,15,73.0,Coating Defect,Material Shortage,1342,0.057,0.0104
1866,2025-07-27,Night,Line A,Product Gamma,1331,30,7,39.77,Assembly Error,Material Shortage,1294,0.0225,0.0053
1867,2025-07-27,Morning,Line B,Product Beta,1318,23,3,36.85,Coating Defect,Mechanical Failure,1292,0.0175,0.0023
1868,2025-07-27,Afternoon,Line B,Product Alpha,1303,14,4,35.13,Dimensional Error,Quality Issue,1285,0.0107,0.0031
1869,2025-07-27,Night,Line B,Product Beta,1201,72,10,35.2,Dimensional Error,Maintenance,1119,0.06,0.0083
1870,2025-07-27,Morning,Line C,Product Delta,1142,13,2,62.42,Surface Defect,Quality Issue,1127,0.0114,0.0018
1871,2025-07-27,Afternoon,Line C,Product Gamma,1100,26,4,77.2,Assembly Error,Mechanical Failure,1070,0.0236,0.0036
1872,2025-07-27,Night,Line C,Product Gamma,981,62,15,75.26,Coating Defect,Mechanical Failure,904,0.0632,0.0153
1873,2025-07-28,Morning,Line A,Product Gamma,1433,61,16,76.21,Assembly Error,Material Shortage,1356,0.0426,0.0112
1874,2025-07-28,Afternoon,Line A,Product Delta,1537,16,4,31.54,Surface Defect,Maintenance,1517,0.0104,0.0026
1875,2025-07-28,Night,Line A,Product Delta,1424,75,7,52.91,Coating Defect,Maintenance,1342,0.0527,0.0049
1876,2025-07-28,Morning,Line B,Product Gamma,1306,19,5,25.74,Surface Defect,Changeover,1282,0.0145,0.0038
1877,2025-07-28,Afternoon,Line B,Product Gamma,1205,50,5,20.47,Surface Defect,Quality Issue,1150,0.0415,0.0041
1878,2025-07-28,Night,Line B,Product Beta,1261,78,16,73.44,Dimensional Error,Mechanical Failure,1167,0.0619,0.0127
1879,2025-07-28,Morning,Line C,Product Alpha,1154,62,11,8.5,Coating Defect,,1081,0.0537,0.0095
1880,2025-07-28,Afternoon,Line C,Product Beta,1014,63,11,15.99,Surface Defect,Changeover,940,0.0621,0.0108
1881,2025-07-28,Night,Line C,Product Alpha,1003,17,3,59.39,Assembly Error,Quality Issue,983,0.0169,0.003
1882,2025-07-29,Morning,Line A,Product Beta,1514,37,7,64.02,Coating Defect,Maintenance,1470,0.0244,0.0046
1883,2025-07-29,Afternoon,Line A,Product Alpha,1449,49,7,51.41,Surface Defect,Changeover,1393,0.0338,0.0048
1884,2025-07-29,Night,Line A,Product Alpha,1292,31,3,50.12,Surface Defect,Quality Issue,1258,0.024,0.0023
1885,2025-07-29,Morning,Line B,Product Beta,1289,17,4,38.44,Coating Defect,Material Shortage,1268,0.0132,0.0031
1886,2025-07-29,Afternoon,Line B,Product Alpha,1171,23,3,18.62,Surface Defect,Maintenance,1145,0.0196,0.0026
1887,2025-07-29,Night,Line B,Product Delta,1232,21,5,40.08,Coating Defect,Quality Issue,1206,0.017,0.0041
1888,2025-07-29,Morning,Line C,Product Beta,1152,55,8,12.24,Assembly Error,,1089,0.0477,0.0069
1889,2025-07-29,Afternoon,Line C,Product Gamma,1176,68,8,54.67,Assembly Error,Material Shortage,1100,0.0578,0.0068
1890,2025-07-29,Night,Line C,Product Alpha,989,40,8,81.5,Surface Defect,Mechanical Failure,941,0.0404,0.0081
1891,2025-07-30,Morning,Line A,Product Gamma,1434,22,2,41.34,Assembly Error,Mechanical Failure,1410,0.0153,0.0014
1892,2025-07-30,Afternoon,Line A,Product Delta,1385,41,8,58.16,Coating Defect,Material Shortage,1336,0.0296,0.0058
1893,2025-07-30,Night,Line A,Product Delta,1378,23,5,76.32,Surface Defect,Mechanical Failure,1350,0.0167,0.0036
1894,2025-07-30,Morning,Line B,Product Gamma,1309,16,2,76.12,Dimensional Error,Quality Issue,1291,0.0122,0.0015
1895,2025-07-30,Afternoon,Line B,Product Beta,1276,44,9,79.11,Surface Defect,Mechanical Failure,1223,0.0345,0.0071
1896,2025-07-30,Night,Line B,Product Beta,1254,73,7,70.93,Dimensional Error,Changeover,1174,0.0582,0.0056
1897,2025-07-30,Morning,Line C,Product Gamma,1139,39,11,60.35,Dimensional Error,Changeover,1089,0.0342,0.0097
1898,2025-07-30,Afternoon,Line C,Product Delta,1039,26,8,47.21,Coating Defect,Quality Issue,1005,0.025,0.0077
1899,2025-07-30,Night,Line C,Product Gamma,1091,49,15,29.41,Assembly Error,Mechanical Failure,1027,0.0449,0.0137
1900,2025-07-31,Morning,Line A,Product Beta,1517,46,10,79.9,Assembly Error,Material Shortage,1461,0.0303,0.0066
1901,2025-07-31,Afternoon,Line A,Product Alpha,1431,66,19,33.61,Surface Defect,Maintenance,1346,0.0461,0.0133
1902,2025-07-31,Night,Line A,Product Alpha,1361,62,18,8.24,Surface Defect,,1281,0.0456,0.0132
1903,2025-07-31,Morning,Line B,Product Beta,1201,14,3,30.16,Surface Defect,Changeover,1184,0.0117,0.0025
1904,2025-07-31,Afternoon,Line B,Product Gamma,1206,13,2,53.53,Dimensional Error,Quality Issue,1191,0.0108,0.0017
1905,2025-07-31,Night,Line B,Product Delta,1168,72,11,71.38,Dimensional Error,Quality Issue,1085,0.0616,0.0094
1906,2025-07-31,Morning,Line C,Product Alpha,1084,50,12,15.8,Coating Defect,Changeover,1022,0.0461,0.0111
1907,2025-07-31,Afternoon,Line C,Product Alpha,1128,40,10,40.36,Surface Defect,Quality Issue,1078,0.0355,0.0089
1908,2025-07-31,Night,Line C,Product Delta,1087,33,3,67.47,Surface Defect,Maintenance,1051,0.0304,0.0028
1909,2025-08-01,Morning,Line A,Product Delta,1490,86,25,47.72,Coating Defect,Changeover,1379,0.0577,0.0168
1910,2025-08-01,Afternoon,Line A,Product Alpha,1534,56,15,43.3,Assembly Error,Quality Issue,1463,0.0365,0.0098
1911,2025-08-01,Night,Line A,Product Delta,1391,77,19,53.67,Coating Defect,Mechanical Failure,1295,0.0554,0.0137
1912,2025-08-01,Morning,Line B,Product Alpha,1276,41,6,18.5,Assembly Error,Mechanical Failure,1229,0.0321,0.0047
1913,2025-08-01,Afternoon,Line B,Product Alpha,1328,34,7,46.5,Coating Defect,Maintenance,1287,0.0256,0.0053
1914,2025-08-01,Night,Line B,Product Beta,1179,39,6,16.72,Surface Defect,Changeover,1134,0.0331,0.0051
1915,2025-08-01,Morning,Line C,Product Delta,1194,10,3,52.52,Surface Defect,Mechanical Failure,1181,0.0084,0.0025
1916,2025-08-01,Afternoon,Line C,Product Delta,1103,29,5,41.0,Assembly Error,Maintenance,1069,0.0263,0.0045
1917,2025-08-01,Night,Line C,Product Beta,1005,17,2,49.07,Assembly Error,Mechanical Failure,986,0.0169,0.002
1918,2025-08-02,Morning,Line A,Product Gamma,1506,33,9,67.47,Assembly Error,Material Shortage,1464,0.0219,0.006
1919,2025-08-02,Afternoon,Line A,Product Delta,1536,84,14,48.69,Surface Defect,Quality Issue,1438,0.0547,0.0091
1920,2025-08-02,Night,Line A,Product Delta,1406,31,5,52.42,Coating Defect,Mechanical Failure,1370,0.022,0.0036
1921,2025-08-02,Morning,Line B,Product Alpha,1319,28,6,29.51,Assembly Error,Changeover,1285,0.0212,0.0045
1922,2025-08-02,Afternoon,Line B,Product Delta,1197,10,1,80.19,Assembly Error,Mechanical Failure,1186,0.0084,0.0008
1923,2025-08-02,Night,Line B,Product Beta,1098,48,10,69.76,Dimensional Error,Material Shortage,1040,0.0437,0.0091
1924,2025-08-02,Morning,Line C,Product Delta,1128,40,10,59.21,Coating Defect,Changeover,1078,0.0355,0.0089
1925,2025-08-02,Afternoon,Line C,Product Delta,1083,16,3,9.34,Surface Defect,,1064,0.0148,0.0028
1926,2025-08-02,Night,Line C,Product Beta,973,27,7,65.67,Assembly Error,Mechanical Failure,939,0.0277,0.0072
1927,2025-08-03,Morning,Line A,Product Gamma,1478,68,11,47.53,Assembly Error,Changeover,1399,0.046,0.0074
1928,2025-08-03,Afternoon,Line A,Product Alpha,1499,29,6,61.0,Coating Defect,Quality Issue,1464,0.0193,0.004
1929,2025-08-03,Night,Line A,Product Delta,1404,79,14,8.85,Coating Defect,,1311,0.0563,0.01
1930,2025-08-03,Morning,Line B,Product Beta,1203,40,8,40.87,Assembly Error,Maintenance,1155,0.0333,0.0067
1931,2025-08-03,Afternoon,Line B,Product Beta,1175,27,4,33.78,Assembly Error,Mechanical Failure,1144,0.023,0.0034
1932,2025-08-03,Night,Line B,Product Delta,1114,44,12,68.65,Dimensional Error,Material Shortage,1058,0.0395,0.0108
1933,2025-08-03,Morning,Line C,Product Alpha,1053,32,5,36.32,Assembly Error,Quality Issue,1016,0.0304,0.0047
1934,2025-08-03,Afternoon,Line C,Product Alpha,1111,44,12,71.41,Coating Defect,Changeover,1055,0.0396,0.0108
1935,2025-08-03,Night,Line C,Product Beta,967,16,2,34.95,Surface Defect,Maintenance,949,0.0165,0.0021
1936,2025-08-04,Morning,Line A,Product Alpha,1553,49,13,19.61,Assembly Error,Quality Issue,1491,0.0316,0.0084
1937,2025-08-04,Afternoon,Line A,Product Alpha,1439,37,9,15.79,Surface Defect,Maintenance,1393,0.0257,0.0063
1938,2025-08-04,Night,Line A,Product Alpha,1317,31,7,24.55,Surface Defect,Maintenance,1279,0.0235,0.0053
1939,2025-08-04,Morning,Line B,Product Alpha,1219,22,4,22.97,Surface Defect,Quality Issue,1193,0.018,0.0033
1940,2025-08-04,Afternoon,Line B,Product Gamma,1305,48,6,39.02,Assembly Error,Material Shortage,1251,0.0368,0.0046
1941,2025-08-04,Night,Line B,Product Gamma,1144,11,3,65.16,Assembly Error,Mechanical Failure,1130,0.0096,0.0026
1942,2025-08-04,Morning,Line C,Product Delta,1210,15,4,75.42,Coating Defect,Maintenance,1191,0.0124,0.0033
1943,2025-08-04,Afternoon,Line C,Product Delta,1157,58,16,79.17,Coating Defect,Mechanical Failure,1083,0.0501,0.0138
1944,2025-08-04,Night,Line C,Product Gamma,1123,40,7,8.68,Surface Defect,,1076,0.0356,0.0062
1945,2025-08-05,Morning,Line A,Product Alpha,1488,93,22,60.75,Dimensional Error,Changeover,1373,0.0625,0.0148
1946,2025-08-05,Afternoon,Line A,Product Gamma,1432,26,6,31.64,Dimensional Error,Mechanical Failure,1400,0.0182,0.0042
1947,2025-08-05,Night,Line A,Product Gamma,1350,66,11,35.35,Coating Defect,Quality Issue,1273,0.0489,0.0081
1948,2025-08-05,Morning,Line B,Product Delta,1290,28,8,43.43,Coating Defect,Material Shortage,1254,0.0217,0.0062
1949,2025-08-05,Afternoon,Line B,Product Alpha,1261,14,3,34.79,Assembly Error,Quality Issue,1244,0.0111,0.0024
1950,2025-08-05,Night,Line B,Product Alpha,1146,10,3,75.72,Surface Defect,Maintenance,1133,0.0087,0.0026
1951,2025-08-05,Morning,Line C,Product Gamma,1203,70,8,15.9,Dimensional Error,Maintenance,1125,0.0582,0.0067
1952,2025-08-05,Afternoon,Line C,Product Delta,1102,25,6,78.85,Assembly Error,Maintenance,1071,0.0227,0.0054
1953,2025-08-05,Night,Line C,Product Beta,966,37,6,46.5,Coating Defect,Quality Issue,923,0.0383,0.0062
1954,2025-08-06,Morning,Line A,Product Gamma,1544,14,4,72.65,Surface Defect,Material Shortage,1526,0.0091,0.0026
1955,2025-08-06,Afternoon,Line A,Product Gamma,1523,16,3,30.66,Assembly Error,Changeover,1504,0.0105,0.002
1956,2025-08-06,Night,Line A,Product Gamma,1370,81,11,74.14,Coating Defect,Material Shortage,1278,0.0591,0.008
1957,2025-08-06,Morning,Line B,Product Beta,1313,58,11,62.45,Surface Defect,Material Shortage,1244,0.0442,0.0084
1958,2025-08-06,Afternoon,Line B,Product Gamma,1249,41,5,59.92,Dimensional Error,Maintenance,1203,0.0328,0.004
1959,2025-08-06,Night,Line B,Product Gamma,1124,31,6,26.45,Assembly Error,Changeover,1087,0.0276,0.0053
1960,2025-08-06,Morning,Line C,Product Alpha,1063,14,2,49.55,Assembly Error,Quality Issue,1047,0.0132,0.0019
1961,2025-08-06,Afternoon,Line C,Product Delta,1165,16,4,17.84,Coating Defect,Mechanical Failure,1145,0.0137,0.0034
1962,2025-08-06,Night,Line C,Product Delta,1113,67,9,36.0,Dimensional Error,Changeover,1037,0.0602,0.0081
1963,2025-08-07,Morning,Line A,Product Delta,1464,85,21,10.55,Surface Defect,,1358,0.0581,0.0143
1964,2025-08-07,Afternoon,Line A,Product Delta,1406,27,4,27.73,Surface Defect,Maintenance,1375,0.0192,0.0028
1965,2025-08-07,Night,Line A,Product Alpha,1435,24,4,60.89,Assembly Error,Quality Issue,1407,0.0167,0.0028
1966,2025-08-07,Morning,Line B,Product Delta,1358,37,10,65.29,Surface Defect,Changeover,1311,0.0272,0.0074
1967,2025-08-07,Afternoon,Line B,Product Delta,1279,55,16,52.54,Assembly Error,Quality Issue,1208,0.043,0.0125
1968,2025-08-07,Night,Line B,Product Delta,1224,65,6,39.36,Coating Defect,Mechanical Failure,1153,0.0531,0.0049
1969,2025-08-07,Morning,Line C,Product Gamma,1154,55,8,15.32,Surface Defect,Maintenance,1091,0.0477,0.0069
1970,2025-08-07,Afternoon,Line C,Product Alpha,1172,37,9,61.85,Surface Defect,Material Shortage,1126,0.0316,0.0077
1971,2025-08-07,Night,Line C,Product Beta,1009,9,1,9.27,Surface Defect,,999,0.0089,0.001
1972,2025-08-08,Morning,Line A,Product Gamma,1563,82,24,16.35,Surface Defect,Quality Issue,1457,0.0525,0.0154
1973,2025-08-08,Afternoon,Line A,Product Delta,1511,49,11,55.94,Coating Defect,Quality Issue,1451,0.0324,0.0073
1974,2025-08-08,Night,Line A,Product Beta,1292,14,1,50.92,Surface Defect,Maintenance,1277,0.0108,0.0008
1975,2025-08-08,Morning,Line B,Product Delta,1348,14,3,28.18,Surface Defect,Changeover,1331,0.0104,0.0022
1976,2025-08-08,Afternoon,Line B,Product Beta,1175,12,2,50.64,Surface Defect,Mechanical Failure,1161,0.0102,0.0017
1977,2025-08-08,Night,Line B,Product Gamma,1089,42,4,72.05,Dimensional Error,Quality Issue,1043,0.0386,0.0037
1978,2025-08-08,Morning,Line C,Product Alpha,1191,54,8,59.16,Coating Defect,Material Shortage,1129,0.0453,0.0067
1979,2025-08-08,Afternoon,Line C,Product Delta,1182,71,8,66.24,Assembly Error,Changeover,1103,0.0601,0.0068
1980,2025-08-08,Night,Line C,Product Delta,1063,38,8,58.15,Dimensional Error,Changeover,1017,0.0357,0.0075
1981,2025-08-09,Morning,Line A,Product Beta,1422,56,13,37.22,Assembly Error,Changeover,1353,0.0394,0.0091
1982,2025-08-09,Afternoon,Line A,Product Beta,1516,71,21,51.61,Surface Defect,Material Shortage,1424,0.0468,0.0139
1983,2025-08-09,Night,Line A,Product Delta,1436,70,18,64.08,Coating Defect,Mechanical Failure,1348,0.0487,0.0125
1984,2025-08-09,Morning,Line B,Product Delta,1313,39,7,75.25,Assembly Error,Material Shortage,1267,0.0297,0.0053
1985,2025-08-09,Afternoon,Line B,Product Gamma,1301,71,21,66.55,Coating Defect,Material Shortage,1209,0.0546,0.0161
1986,2025-08-09,Night,Line B,Product Delta,1170,44,9,79.76,Assembly Error,Mechanical Failure,1117,0.0376,0.0077
1987,2025-08-09,Morning,Line C,Product Gamma,1094,38,11,48.8,Surface Defect,Quality Issue,1045,0.0347,0.0101
1988,2025-08-09,Afternoon,Line C,Product Alpha,1064,38,11,42.09,Surface Defect,Quality Issue,1015,0.0357,0.0103
1989,2025-08-09,Night,Line C,Product Alpha,1005,21,6,65.79,Surface Defect,Changeover,978,0.0209,0.006
1990,2025-08-10,Morning,Line A,Product Beta,1453,76,15,52.68,Dimensional Error,Maintenance,1362,0.0523,0.0103
1991,2025-08-10,Afternoon,Line A,Product Gamma,1377,55,16,38.42,Dimensional Error,Maintenance,1306,0.0399,0.0116
1992,2025-08-10,Night,Line A,Product Delta,1294,19,4,15.17,Assembly Error,Quality Issue,1271,0.0147,0.0031
1993,2025-08-10,Morning,Line B,Product Beta,1265,50,9,41.43,Surface Defect,Material Shortage,1206,0.0395,0.0071
1994,2025-08-10,Afternoon,Line B,Product Delta,1208,32,9,69.0,Coating Defect,Mechanical Failure,1167,0.0265,0.0075
1995,2025-08-10,Night,Line B,Product Beta,1223,37,10,10.4,Dimensional Error,,1176,0.0303,0.0082
1996,2025-08-10,Morning,Line C,Product Gamma,1170,21,4,19.43,Surface Defect,Material Shortage,1145,0.0179,0.0034
1997,2025-08-10,Afternoon,Line C,Product Gamma,1034,14,2,37.77,Assembly Error,Quality Issue,1018,0.0135,0.0019
1998,2025-08-10,Night,Line C,Product Beta,1018,23,6,41.3,Surface Defect,Maintenance,989,0.0226,0.0059
1999,2025-08-11,Morning,Line A,Product Gamma,1516,78,21,17.59,Surface Defect,Maintenance,1417,0.0515,0.0139
2000,2025-08-11,Afternoon,Line A,Product Alpha,1476,32,8,81.23,Coating Defect,Mechanical Failure,1436,0.0217,0.0054
2001,2025-08-11,Night,Line A,Product Beta,1440,47,10,27.66,Dimensional Error,Quality Issue,1383,0.0326,0.0069
2002,2025-08-11,Morning,Line B,Product Beta,1372,44,5,54.29,Assembly Error,Changeover,1323,0.0321,0.0036
2003,2025-08-11,Afternoon,Line B,Product Delta,1201,14,4,47.52,Dimensional Error,Changeover,1183,0.0117,0.0033
2004,2025-08-11,Night,Line B,Product Delta,1193,64,11,34.78,Dimensional Error,Maintenance,1118,0.0536,0.0092
2005,2025-08-11,Morning,Line C,Product Gamma,1131,51,4,37.63,Assembly Error,Quality Issue,1076,0.0451,0.0035
2006,2025-08-11,Afternoon,Line C,Product Gamma,1045,21,5,69.31,Dimensional Error,Quality Issue,1019,0.0201,0.0048
2007,2025-08-11,Night,Line C,Product Alpha,1086,14,3,29.3,Coating Defect,Maintenance,1069,0.0129,0.0028
2008,2025-08-12,Morning,Line A,Product Alpha,1568,97,11,47.76,Assembly Error,Material Shortage,1460,0.0619,0.007
2009,2025-08-12,Afternoon,Line A,Product Beta,1434,38,10,76.62,Dimensional Error,Mechanical Failure,1386,0.0265,0.007
2010,2025-08-12,Night,Line A,Product Alpha,1386,53,10,39.58,Dimensional Error,Mechanical Failure,1323,0.0382,0.0072
2011,2025-08-12,Morning,Line B,Product Alpha,1309,41,7,10.37,Surface Defect,,1261,0.0313,0.0053
2012,2025-08-12,Afternoon,Line B,Product Gamma,1308,45,12,32.48,Surface Defect,Maintenance,1251,0.0344,0.0092
2013,2025-08-12,Night,Line B,Product Alpha,1144,47,11,60.88,Surface Defect,Material Shortage,1086,0.0411,0.0096
2014,2025-08-12,Morning,Line C,Product Beta,1051,15,3,72.57,Surface Defect,Material Shortage,1033,0.0143,0.0029
2015,2025-08-12,Afternoon,Line C,Product Delta,1179,37,7,23.56,Assembly Error,Mechanical Failure,1135,0.0314,0.0059
2016,2025-08-12,Night,Line C,Product Delta,1082,11,3,60.15,Dimensional Error,Changeover,1068,0.0102,0.0028
2017,2025-08-13,Morning,Line A,Product Gamma,1580,18,4,59.65,Assembly Error,Material Shortage,1558,0.0114,0.0025
2018,2025-08-13,Afternoon,Line A,Product Gamma,1418,45,4,43.8,Surface Defect,Quality Issue,1369,0.0317,0.0028
2019,2025-08-13,Night,Line A,Product Beta,1391,80,8,8.27,Dimensional Error,,1303,0.0575,0.0058
2020,2025-08-13,Morning,Line B,Product Beta,1220,70,15,78.91,Surface Defect,Changeover,1135,0.0574,0.0123
2021,2025-08-13,Afternoon,Line B,Product Gamma,1250,76,13,25.17,Dimensional Error,Mechanical Failure,1161,0.0608,0.0104
2022,2025-08-13,Night,Line B,Product Beta,1088,51,6,23.46,Coating Defect,Maintenance,1031,0.0469,0.0055
2023,2025-08-13,Morning,Line C,Product Alpha,1133,49,5,54.93,Coating Defect,Maintenance,1079,0.0432,0.0044
2024,2025-08-13,Afternoon,Line C,Product Beta,1041,30,4,8.69,Surface Defect,,1007,0.0288,0.0038
2025,2025-08-13,Night,Line C,Product Alpha,974,58,11,41.74,Assembly Error,Mechanical Failure,905,0.0595,0.0113
2026,2025-08-14,Morning,Line A,Product Gamma,1500,75,21,66.99,Dimensional Error,Changeover,1404,0.05,0.014
2027,2025-08-14,Afternoon,Line A,Product Delta,1482,40,6,70.23,Surface Defect,Changeover,1436,0.027,0.004
2028,2025-08-14,Night,Line A,Product Delta,1306,42,7,36.59,Surface Defect,Material Shortage,1257,0.0322,0.0054
2029,2025-08-14,Morning,Line B,Product Delta,1310,67,11,39.1,Coating Defect,Maintenance,1232,0.0511,0.0084
2030,2025-08-14,Afternoon,Line B,Product Alpha,1267,62,14,40.39,Coating Defect,Changeover,1191,0.0489,0.011
2031,2025-08-14,Night,Line B,Product Alpha,1195,67,13,29.71,Assembly Error,Changeover,1115,0.0561,0.0109
2032,2025-08-14,Morning,Line C,Product Gamma,1162,25,7,35.52,Surface Defect,Quality Issue,1130,0.0215,0.006
2033,2025-08-14,Afternoon,Line C,Product Gamma,1050,54,5,45.06,Dimensional Error,Material Shortage,991,0.0514,0.0048
2034,2025-08-14,Night,Line C,Product Gamma,1116,22,3,39.1,Assembly Error,Maintenance,1091,0.0197,0.0027
2035,2025-08-15,Morning,Line A,Product Delta,1434,77,18,78.05,Assembly Error,Quality Issue,1339,0.0537,0.0126
2036,2025-08-15,Afternoon,Line A,Product Alpha,1501,72,11,71.29,Dimensional Error,Changeover,1418,0.048,0.0073
2037,2025-08-15,Night,Line A,Product Alpha,1427,22,5,76.97,Surface Defect,Material Shortage,1400,0.0154,0.0035
2038,2025-08-15,Morning,Line B,Product Delta,1322,29,8,55.56,Surface Defect,Quality Issue,1285,0.0219,0.0061
2039,2025-08-15,Afternoon,Line B,Product Delta,1289,67,17,60.77,Assembly Error,Quality Issue,1205,0.052,0.0132
2040,2025-08-15,Night,Line B,Product Alpha,1234,11,2,13.67,Surface Defect,,1221,0.0089,0.0016
2041,2025-08-15,Morning,Line C,Product Gamma,1216,75,11,72.37,Surface Defect,Maintenance,1130,0.0617,0.009
2042,2025-08-15,Afternoon,Line C,Product Gamma,1167,18,4,45.61,Coating Defect,Material Shortage,1145,0.0154,0.0034
2043,2025-08-15,Night,Line C,Product Beta,1102,29,5,44.86,Coating Defect,Material Shortage,1068,0.0263,0.0045
2044,2025-08-16,Morning,Line A,Product Beta,1433,66,11,17.64,Dimensional Error,Quality Issue,1356,0.0461,0.0077
2045,2025-08-16,Afternoon,Line A,Product Delta,1407,20,4,58.12,Surface Defect,Mechanical Failure,1383,0.0142,0.0028
2046,2025-08-16,Night,Line A,Product Gamma,1425,29,6,46.5,Coating Defect,Mechanical Failure,1390,0.0204,0.0042
2047,2025-08-16,Morning,Line B,Product Beta,1298,64,15,37.21,Assembly Error,Material Shortage,1219,0.0493,0.0116
2048,2025-08-16,Afternoon,Line B,Product Alpha,1206,71,17,50.06,Assembly Error,Changeover,1118,0.0589,0.0141
2049,2025-08-16,Night,Line B,Product Gamma,1160,47,5,52.78,Dimensional Error,Material Shortage,1108,0.0405,0.0043
2050,2025-08-16,Morning,Line C,Product Gamma,1062,48,5,23.8,Assembly Error,Mechanical Failure,1009,0.0452,0.0047
2051,2025-08-16,Afternoon,Line C,Product Gamma,1069,28,8,81.66,Surface Defect,Maintenance,1033,0.0262,0.0075
2052,2025-08-16,Night,Line C,Product Delta,1007,33,4,16.26,Coating Defect,Changeover,970,0.0328,0.004
2053,2025-08-17,Morning,Line A,Product Alpha,1469,31,3,23.87,Coating Defect,Maintenance,1435,0.0211,0.002
2054,2025-08-17,Afternoon,Line A,Product Gamma,1407,88,23,51.19,Assembly Error,Changeover,1296,0.0625,0.0163
2055,2025-08-17,Night,Line A,Product Gamma,1288,53,13,71.46,Dimensional Error,Maintenance,1222,0.0411,0.0101
2056,2025-08-17,Morning,Line B,Product Beta,1218,63,15,14.95,Surface Defect,,1140,0.0517,0.0123
2057,2025-08-17,Afternoon,Line B,Product Delta,1325,82,10,38.9,Surface Defect,Material Shortage,1233,0.0619,0.0075
2058,2025-08-17,Night,Line B,Product Alpha,1200,21,2,30.06,Coating Defect,Material Shortage,1177,0.0175,0.0017
2059,2025-08-17,Morning,Line C,Product Beta,1137,63,6,11.92,Dimensional Error,,1068,0.0554,0.0053
2060,2025-08-17,Afternoon,Line C,Product Alpha,1145,69,13,22.27,Surface Defect,Material Shortage,1063,0.0603,0.0114
2061,2025-08-17,Night,Line C,Product Gamma,972,48,7,36.06,Surface Defect,Mechanical Failure,917,0.0494,0.0072
2062,2025-08-18,Morning,Line A,Product Delta,1441,22,3,40.29,Coating Defect,Changeover,1416,0.0153,0.0021
2063,2025-08-18,Afternoon,Line A,Product Alpha,1452,22,7,38.18,Surface Defect,Changeover,1423,0.0152,0.0048
2064,2025-08-18,Night,Line A,Product Alpha,1410,54,10,60.34,Coating Defect,Quality Issue,1346,0.0383,0.0071
2065,2025-08-18,Morning,Line B,Product Beta,1336,18,2,61.32,Assembly Error,Quality Issue,1316,0.0135,0.0015
2066,2025-08-18,Afternoon,Line B,Product Alpha,1184,34,6,56.23,Surface Defect,Quality Issue,1144,0.0287,0.0051
2067,2025-08-18,Night,Line B,Product Gamma,1213,49,14,65.57,Surface Defect,Quality Issue,1150,0.0404,0.0115
2068,2025-08-18,Morning,Line C,Product Gamma,1187,30,6,33.81,Coating Defect,Material Shortage,1151,0.0253,0.0051
2069,2025-08-18,Afternoon,Line C,Product Beta,1125,69,13,65.09,Coating Defect,Mechanical Failure,1043,0.0613,0.0116
2070,2025-08-18,Night,Line C,Product Alpha,1005,35,5,14.28,Dimensional Error,,965,0.0348,0.005
2071,2025-08-19,Morning,Line A,Product Gamma,1581,47,4,27.14,Coating Defect,Changeover,1530,0.0297,0.0025
2072,2025-08-19,Afternoon,Line A,Product Delta,1420,27,6,77.17,Assembly Error,Material Shortage,1387,0.019,0.0042
2073,2025-08-19,Night,Line A,Product Alpha,1340,64,17,33.95,Coating Defect,Mechanical Failure,1259,0.0478,0.0127
2074,2025-08-19,Morning,Line B,Product Gamma,1335,49,13,72.85,Coating Defect,Changeover,1273,0.0367,0.0097
2075,2025-08-19,Afternoon,Line B,Product Alpha,1260,31,5,39.05,Surface Defect,Changeover,1224,0.0246,0.004
2076,2025-08-19,Night,Line B,Product Gamma,1147,38,5,78.24,Dimensional Error,Changeover,1104,0.0331,0.0044
2077,2025-08-19,Morning,Line C,Product Alpha,1217,40,10,58.44,Dimensional Error,Changeover,1167,0.0329,0.0082
2078,2025-08-19,Afternoon,Line C,Product Delta,1136,28,7,14.21,Coating Defect,,1101,0.0246,0.0062
2079,2025-08-19,Night,Line C,Product Alpha,1014,42,9,60.82,Coating Defect,Quality Issue,963,0.0414,0.0089
2080,2025-08-20,Morning,Line A,Product Delta,1543,72,9,56.98,Assembly Error,Changeover,1462,0.0467,0.0058
2081,2025-08-20,Afternoon,Line A,Product Gamma,1379,15,3,61.4,Dimensional Error,Material Shortage,1361,0.0109,0.0022
2082,2025-08-20,Night,Line A,Product Gamma,1437,90,11,30.65,Dimensional Error,Material Shortage,1336,0.0626,0.0077
2083,2025-08-20,Morning,Line B,Product Delta,1210,32,4,44.47,Surface Defect,Changeover,1174,0.0264,0.0033
2084,2025-08-20,Afternoon,Line B,Product Alpha,1241,29,3,76.08,Assembly Error,Maintenance,1209,0.0234,0.0024
2085,2025-08-20,Night,Line B,Product Beta,1147,62,8,48.7,Assembly Error,Material Shortage,1077,0.0541,0.007
2086,2025-08-20,Morning,Line C,Product Gamma,1163,50,11,49.6,Coating Defect,Quality Issue,1102,0.043,0.0095
2087,2025-08-20,Afternoon,Line C,Product Alpha,1035,33,6,33.12,Surface Defect,Mechanical Failure,996,0.0319,0.0058
2088,2025-08-20,Night,Line C,Product Beta,983,46,12,17.98,Assembly Error,Maintenance,925,0.0468,0.0122
2089,2025-08-21,Morning,Line A,Product Gamma,1534,53,13,76.08,Dimensional Error,Maintenance,1468,0.0346,0.0085
2090,2025-08-21,Afternoon,Line A,Product Gamma,1388,53,7,82.17,Dimensional Error,Mechanical Failure,1328,0.0382,0.005
2091,2025-08-21,Night,Line A,Product Delta,1374,42,6,35.92,Surface Defect,Material Shortage,1326,0.0306,0.0044
2092,2025-08-21,Morning,Line B,Product Delta,1335,22,3,34.28,Assembly Error,Mechanical Failure,1310,0.0165,0.0022
2093,2025-08-21,Afternoon,Line B,Product Beta,1214,53,16,58.53,Surface Defect,Maintenance,1145,0.0437,0.0132
2094,2025-08-21,Night,Line B,Product Beta,1144,60,8,42.49,Coating Defect,Mechanical Failure,1076,0.0524,0.007
2095,2025-08-21,Morning,Line C,Product Delta,1111,12,2,57.12,Assembly Error,Mechanical Failure,1097,0.0108,0.0018
2096,2025-08-21,Afternoon,Line C,Product Delta,1163,48,13,17.87,Surface Defect,Maintenance,1102,0.0413,0.0112
2097,2025-08-21,Night,Line C,Product Delta,1060,49,6,72.67,Assembly Error,Mechanical Failure,1005,0.0462,0.0057
2098,2025-08-22,Morning,Line A,Product Beta,1418,23,6,82.78,Assembly Error,Changeover,1389,0.0162,0.0042
2099,2025-08-22,Afternoon,Line A,Product Alpha,1395,74,17,78.25,Dimensional Error,Changeover,1304,0.053,0.0122
2100,2025-08-22,Night,Line A,Product Alpha,1449,74,21,29.35,Dimensional Error,Maintenance,1354,0.0511,0.0145
2101,2025-08-22,Morning,Line B,Product Delta,1329,70,13,34.84,Dimensional Error,Maintenance,1246,0.0527,0.0098
2102,2025-08-22,Afternoon,Line B,Product Delta,1188,41,8,41.19,Assembly Error,Quality Issue,1139,0.0345,0.0067
2103,2025-08-22,Night,Line B,Product Delta,1119,38,4,69.22,Assembly Error,Quality Issue,1077,0.034,0.0036
2104,2025-08-22,Morning,Line C,Product Alpha,1128,45,9,49.29,Dimensional Error,Quality Issue,1074,0.0399,0.008
2105,2025-08-22,Afternoon,Line C,Product Delta,1078,19,3,19.02,Assembly Error,Material Shortage,1056,0.0176,0.0028
2106,2025-08-22,Night,Line C,Product Delta,1121,15,3,15.04,Surface Defect,Maintenance,1103,0.0134,0.0027
2107,2025-08-23,Morning,Line A,Product Beta,1509,39,9,54.97,Surface Defect,Material Shortage,1461,0.0258,0.006
2108,2025-08-23,Afternoon,Line A,Product Alpha,1366,69,9,53.81,Dimensional Error,Changeover,1288,0.0505,0.0066
2109,2025-08-23,Night,Line A,Product Gamma,1337,12,3,13.49,Coating Defect,,1322,0.009,0.0022
2110,2025-08-23,Morning,Line B,Product Delta,1335,21,5,38.78,Surface Defect,Material Shortage,1309,0.0157,0.0037
2111,2025-08-23,Afternoon,Line B,Product Gamma,1200,61,7,12.38,Coating Defect,,1132,0.0508,0.0058
2112,2025-08-23,Night,Line B,Product Gamma,1106,44,5,44.53,Assembly Error,Mechanical Failure,1057,0.0398,0.0045
2113,2025-08-23,Morning,Line C,Product Alpha,1142,25,4,30.54,Dimensional Error,Changeover,1113,0.0219,0.0035
2114,2025-08-23,Afternoon,Line C,Product Beta,1021,32,6,75.56,Surface Defect,Mechanical Failure,983,0.0313,0.0059
2115,2025-08-23,Night,Line C,Product Delta,1048,19,3,16.92,Coating Defect,Maintenance,1026,0.0181,0.0029
2116,2025-08-24,Morning,Line A,Product Beta,1562,66,9,28.8,Dimensional Error,Quality Issue,1487,0.0423,0.0058
2117,2025-08-24,Afternoon,Line A,Product Alpha,1496,83,21,19.48,Dimensional Error,Changeover,1392,0.0555,0.014
2118,2025-08-24,Night,Line A,Product Gamma,1309,36,4,19.37,Surface Defect,Quality Issue,1269,0.0275,0.0031
2119,2025-08-24,Morning,Line B,Product Gamma,1317,59,10,82.98,Coating Defect,Mechanical Failure,1248,0.0448,0.0076
2120,2025-08-24,Afternoon,Line B,Product Beta,1322,25,5,22.58,Surface Defect,Mechanical Failure,1292,0.0189,0.0038
2121,2025-08-24,Night,Line B,Product Beta,1180,58,17,39.01,Surface Defect,Changeover,1105,0.0492,0.0144
2122,2025-08-24,Morning,Line C,Product Delta,1134,63,18,65.8,Assembly Error,Quality Issue,1053,0.0556,0.0159
2123,2025-08-24,Afternoon,Line C,Product Delta,1064,14,2,65.79,Surface Defect,Changeover,1048,0.0132,0.0019
2124,2025-08-24,Night,Line C,Product Alpha,1014,62,5,15.7,Coating Defect,Mechanical Failure,947,0.0611,0.0049
2125,2025-08-25,Morning,Line A,Product Delta,1493,57,16,76.99,Surface Defect,Material Shortage,1420,0.0382,0.0107
2126,2025-08-25,Afternoon,Line A,Product Delta,1523,55,13,29.22,Dimensional Error,Mechanical Failure,1455,0.0361,0.0085
2127,2025-08-25,Night,Line A,Product Gamma,1296,59,17,62.95,Dimensional Error,Material Shortage,1220,0.0455,0.0131
2128,2025-08-25,Morning,Line B,Product Beta,1284,57,17,81.67,Surface Defect,Quality Issue,1210,0.0444,0.0132
2129,2025-08-25,Afternoon,Line B,Product Alpha,1312,52,12,36.31,Coating Defect,Changeover,1248,0.0396,0.0091
2130,2025-08-25,Night,Line B,Product Delta,1231,64,18,71.75,Coating Defect,Changeover,1149,0.052,0.0146
2131,2025-08-25,Morning,Line C,Product Alpha,1080,22,4,13.7,Surface Defect,,1054,0.0204,0.0037
2132,2025-08-25,Afternoon,Line C,Product Alpha,1013,47,6,73.52,Surface Defect,Quality Issue,960,0.0464,0.0059
2133,2025-08-25,Night,Line C,Product Delta,1046,25,5,27.25,Surface Defect,Material Shortage,1016,0.0239,0.0048
2134,2025-08-26,Morning,Line A,Product Alpha,1473,73,14,49.61,Assembly Error,Changeover,1386,0.0496,0.0095
2135,2025-08-26,Afternoon,Line A,Product Delta,1400,59,8,18.86,Coating Defect,Quality Issue,1333,0.0421,0.0057
2136,2025-08-26,Night,Line A,Product Beta,1352,26,2,39.56,Surface Defect,Changeover,1324,0.0192,0.0015
2137,2025-08-26,Morning,Line B,Product Gamma,1357,57,9,62.78,Surface Defect,Quality Issue,1291,0.042,0.0066
2138,2025-08-26,Afternoon,Line B,Product Beta,1282,75,13,62.74,Surface Defect,Material Shortage,1194,0.0585,0.0101
2139,2025-08-26,Night,Line B,Product Alpha,1205,32,5,13.01,Surface Defect,,1168,0.0266,0.0041
2140,2025-08-26,Morning,Line C,Product Beta,1090,41,7,45.99,Surface Defect,Material Shortage,1042,0.0376,0.0064
2141,2025-08-26,Afternoon,Line C,Product Delta,1040,64,19,73.45,Dimensional Error,Changeover,957,0.0615,0.0183
2142,2025-08-26,Night,Line C,Product Delta,1107,63,16,50.13,Assembly Error,Maintenance,1028,0.0569,0.0145
2143,2025-08-27,Morning,Line A,Product Delta,1574,43,7,43.72,Assembly Error,Maintenance,1524,0.0273,0.0044
2144,2025-08-27,Afternoon,Line A,Product Gamma,1469,45,5,27.25,Dimensional Error,Maintenance,1419,0.0306,0.0034
2145,2025-08-27,Night,Line A,Product Beta,1336,74,7,18.67,Dimensional Error,Mechanical Failure,1255,0.0554,0.0052
2146,2025-08-27,Morning,Line B,Product Alpha,1263,76,15,52.33,Dimensional Error,Material Shortage,1172,0.0602,0.0119
2147,2025-08-27,Afternoon,Line B,Product Gamma,1199,58,11,36.94,Surface Defect,Mechanical Failure,1130,0.0484,0.0092
2148,2025-08-27,Night,Line B,Product Alpha,1175,20,4,73.92,Dimensional Error,Mechanical Failure,1151,0.017,0.0034
2149,2025-08-27,Morning,Line C,Product Beta,1103,38,7,51.14,Dimensional Error,Quality Issue,1058,0.0345,0.0063
2150,2025-08-27,Afternoon,Line C,Product Gamma,1042,25,4,70.99,Assembly Error,Maintenance,1013,0.024,0.0038
2151,2025-08-27,Night,Line C,Product Alpha,951,15,4,26.78,Assembly Error,Changeover,932,0.0158,0.0042
2152,2025-08-28,Morning,Line A,Product Delta,1429,66,6,19.87,Assembly Error,Maintenance,1357,0.0462,0.0042
2153,2025-08-28,Afternoon,Line A,Product Delta,1374,81,10,73.22,Surface Defect,Material Shortage,1283,0.059,0.0073
2154,2025-08-28,Night,Line A,Product Delta,1340,54,7,72.23,Coating Defect,Mechanical Failure,1279,0.0403,0.0052
2155,2025-08-28,Morning,Line B,Product Alpha,1331,66,11,52.65,Assembly Error,Mechanical Failure,1254,0.0496,0.0083
2156,2025-08-28,Afternoon,Line B,Product Beta,1186,31,9,64.64,Coating Defect,Changeover,1146,0.0261,0.0076
2157,2025-08-28,Night,Line B,Product Beta,1265,31,8,68.01,Dimensional Error,Maintenance,1226,0.0245,0.0063
2158,2025-08-28,Morning,Line C,Product Delta,1177,56,13,79.2,Coating Defect,Quality Issue,1108,0.0476,0.011
2159,2025-08-28,Afternoon,Line C,Product Delta,1031,62,12,82.84,Surface Defect,Material Shortage,957,0.0601,0.0116
2160,2025-08-28,Night,Line C,Product Gamma,1053,66,17,78.93,Assembly Error,Mechanical Failure,970,0.0627,0.0161
2161,2025-08-29,Morning,Line A,Product Beta,1550,71,7,41.57,Surface Defect,Mechanical Failure,1472,0.0458,0.0045
2162,2025-08-29,Afternoon,Line A,Product Beta,1483,18,5,60.02,Assembly Error,Mechanical Failure,1460,0.0121,0.0034
2163,2025-08-29,Night,Line A,Product Delta,1306,51,6,69.45,Coating Defect,Quality Issue,1249,0.0391,0.0046
2164,2025-08-29,Morning,Line B,Product Gamma,1210,26,7,45.36,Dimensional Error,Changeover,1177,0.0215,0.0058
2165,2025-08-29,Afternoon,Line B,Product Alpha,1165,26,3,52.0,Coating Defect,Changeover,1136,0.0223,0.0026
2166,2025-08-29,Night,Line B,Product Delta,1176,40,9,50.4,Assembly Error,Mechanical Failure,1127,0.034,0.0077
2167,2025-08-29,Morning,Line C,Product Alpha,1135,40,4,31.0,Dimensional Error,Quality Issue,1091,0.0352,0.0035
2168,2025-08-29,Afternoon,Line C,Product Beta,1143,44,12,81.83,Assembly Error,Mechanical Failure,1087,0.0385,0.0105
2169,2025-08-29,Night,Line C,Product Delta,983,36,4,24.2,Surface Defect,Mechanical Failure,943,0.0366,0.0041
2170,2025-08-30,Morning,Line A,Product Delta,1420,30,7,17.73,Assembly Error,Material Shortage,1383,0.0211,0.0049
2171,2025-08-30,Afternoon,Line A,Product Delta,1424,41,10,58.29,Surface Defect,Changeover,1373,0.0288,0.007
2172,2025-08-30,Night,Line A,Product Gamma,1293,44,10,13.57,Surface Defect,,1239,0.034,0.0077
2173,2025-08-30,Morning,Line B,Product Beta,1287,35,3,66.14,Surface Defect,Changeover,1249,0.0272,0.0023
2174,2025-08-30,Afternoon,Line B,Product Beta,1305,66,10,59.4,Assembly Error,Material Shortage,1229,0.0506,0.0077
2175,2025-08-30,Night,Line B,Product Alpha,1147,65,9,13.86,Assembly Error,,1073,0.0567,0.0078
2176,2025-08-30,Morning,Line C,Product Delta,1168,40,10,59.34,Coating Defect,Mechanical Failure,1118,0.0342,0.0086
2177,2025-08-30,Afternoon,Line C,Product Delta,1143,32,8,30.94,Dimensional Error,Mechanical Failure,1103,0.028,0.007
2178,2025-08-30,Night,Line C,Product Beta,1059,31,8,33.64,Coating Defect,Quality Issue,1020,0.0293,0.0076
2179,2025-08-31,Morning,Line A,Product Alpha,1523,92,14,57.84,Surface Defect,Quality Issue,1417,0.0604,0.0092
2180,2025-08-31,Afternoon,Line A,Product Delta,1387,34,10,79.08,Dimensional Error,Quality Issue,1343,0.0245,0.0072
2181,2025-08-31,Night,Line A,Product Delta,1322,78,14,68.08,Surface Defect,Changeover,1230,0.059,0.0106
2182,2025-08-31,Morning,Line B,Product Alpha,1208,37,7,75.44,Assembly Error,Maintenance,1164,0.0306,0.0058
2183,2025-08-31,Afternoon,Line B,Product Beta,1193,16,4,23.83,Assembly Error,Material Shortage,1173,0.0134,0.0034
2184,2025-08-31,Night,Line B,Product Gamma,1204,21,4,53.93,Coating Defect,Quality Issue,1179,0.0174,0.0033
2185,2025-08-31,Morning,Line C,Product Alpha,1103,31,9,67.65,Dimensional Error,Material Shortage,1063,0.0281,0.0082
2186,2025-08-31,Afternoon,Line C,Product Delta,1135,43,10,77.19,Dimensional Error,Material Shortage,1082,0.0379,0.0088
2187,2025-08-31,Night,Line C,Product Beta,1060,57,11,10.57,Coating Defect,,992,0.0538,0.0104
2188,2025-09-01,Morning,Line A,Product Alpha,1516,80,9,34.99,Dimensional Error,Quality Issue,1427,0.0528,0.0059
2189,2025-09-01,Afternoon,Line A,Product Delta,1497,80,22,64.3,Surface Defect,Material Shortage,1395,0.0534,0.0147
2190,2025-09-01,Night,Line A,Product Gamma,1410,33,4,34.27,Dimensional Error,Maintenance,1373,0.0234,0.0028
2191,2025-09-01,Morning,Line B,Product Beta,1342,78,16,24.06,Assembly Error,Changeover,1248,0.0581,0.0119
2192,2025-09-01,Afternoon,Line B,Product Gamma,1326,55,8,8.71,Assembly Error,,1263,0.0415,0.006
2193,2025-09-01,Night,Line B,Product Beta,1098,20,3,46.32,Dimensional Error,Maintenance,1075,0.0182,0.0027
2194,2025-09-01,Morning,Line C,Product Alpha,1131,35,6,16.33,Dimensional Error,Material Shortage,1090,0.0309,0.0053
2195,2025-09-01,Afternoon,Line C,Product Alpha,1161,19,6,48.87,Surface Defect,Changeover,1136,0.0164,0.0052
2196,2025-09-01,Night,Line C,Product Beta,999,25,6,39.29,Coating Defect,Material Shortage,968,0.025,0.006
2197,2025-09-02,Morning,Line A,Product Gamma,1441,68,15,73.26,Surface Defect,Changeover,1358,0.0472,0.0104
2198,2025-09-02,Afternoon,Line A,Product Alpha,1429,81,23,51.93,Surface Defect,Mechanical Failure,1325,0.0567,0.0161
2199,2025-09-02,Night,Line A,Product Gamma,1374,29,5,73.06,Coating Defect,Quality Issue,1340,0.0211,0.0036
2200,2025-09-02,Morning,Line B,Product Alpha,1351,12,3,10.2,Coating Defect,,1336,0.0089,0.0022
2201,2025-09-02,Afternoon,Line B,Product Delta,1220,59,17,18.03,Assembly Error,Maintenance,1144,0.0484,0.0139
2202,2025-09-02,Night,Line B,Product Gamma,1100,48,6,60.87,Coating Defect,Quality Issue,1046,0.0436,0.0055
2203,2025-09-02,Morning,Line C,Product Beta,1085,30,3,53.2,Dimensional Error,Quality Issue,1052,0.0276,0.0028
2204,2025-09-02,Afternoon,Line C,Product Alpha,1104,27,5,46.81,Assembly Error,Material Shortage,1072,0.0245,0.0045
2205,2025-09-02,Night,Line C,Product Delta,1117,65,10,24.26,Coating Defect,Material Shortage,1042,0.0582,0.009
2206,2025-09-03,Morning,Line A,Product Beta,1453,52,6,18.12,Dimensional Error,Quality Issue,1395,0.0358,0.0041
2207,2025-09-03,Afternoon,Line A,Product Alpha,1437,61,14,75.05,Surface Defect,Changeover,1362,0.0424,0.0097
2208,2025-09-03,Night,Line A,Product Gamma,1323,66,6,38.08,Assembly Error,Maintenance,1251,0.0499,0.0045
2209,2025-09-03,Morning,Line B,Product Delta,1234,67,6,31.28,Assembly Error,Changeover,1161,0.0543,0.0049
2210,2025-09-03,Afternoon,Line B,Product Gamma,1292,64,10,26.68,Coating Defect,Mechanical Failure,1218,0.0495,0.0077
2211,2025-09-03,Night,Line B,Product Beta,1104,49,7,76.13,Dimensional Error,Material Shortage,1048,0.0444,0.0063
2212,2025-09-03,Morning,Line C,Product Delta,1067,47,6,9.94,Dimensional Error,,1014,0.044,0.0056
2213,2025-09-03,Afternoon,Line C,Product Gamma,1125,27,7,29.71,Assembly Error,Quality Issue,1091,0.024,0.0062
2214,2025-09-03,Night,Line C,Product Alpha,1056,14,2,57.66,Assembly Error,Mechanical Failure,1040,0.0133,0.0019
2215,2025-09-04,Morning,Line A,Product Delta,1528,15,2,30.95,Assembly Error,Quality Issue,1511,0.0098,0.0013
2216,2025-09-04,Afternoon,Line A,Product Delta,1372,50,7,8.53,Dimensional Error,,1315,0.0364,0.0051
2217,2025-09-04,Night,Line A,Product Gamma,1445,49,9,50.27,Assembly Error,Maintenance,1387,0.0339,0.0062
2218,2025-09-04,Morning,Line B,Product Alpha,1258,11,2,54.88,Coating Defect,Changeover,1245,0.0087,0.0016
2219,2025-09-04,Afternoon,Line B,Product Beta,1197,43,5,18.87,Assembly Error,Changeover,1149,0.0359,0.0042
2220,2025-09-04,Night,Line B,Product Delta,1215,35,9,23.61,Dimensional Error,Maintenance,1171,0.0288,0.0074
2221,2025-09-04,Morning,Line C,Product Gamma,1188,48,14,63.11,Assembly Error,Quality Issue,1126,0.0404,0.0118
2222,2025-09-04,Afternoon,Line C,Product Alpha,1018,13,3,42.59,Assembly Error,Material Shortage,1002,0.0128,0.0029
2223,2025-09-04,Night,Line C,Product Alpha,959,35,6,19.21,Coating Defect,Changeover,918,0.0365,0.0063
2224,2025-09-05,Morning,Line A,Product Beta,1533,65,9,17.62,Assembly Error,Maintenance,1459,0.0424,0.0059
2225,2025-09-05,Afternoon,Line A,Product Beta,1437,50,10,63.28,Dimensional Error,Changeover,1377,0.0348,0.007
2226,2025-09-05,Night,Line A,Product Beta,1303,53,6,62.15,Surface Defect,Mechanical Failure,1244,0.0407,0.0046
2227,2025-09-05,Morning,Line B,Product Delta,1300,45,12,61.15,Coating Defect,Maintenance,1243,0.0346,0.0092
2228,2025-09-05,Afternoon,Line B,Product Gamma,1218,24,5,63.62,Assembly Error,Material Shortage,1189,0.0197,0.0041
2229,2025-09-05,Night,Line B,Product Beta,1228,24,6,49.51,Assembly Error,Quality Issue,1198,0.0195,0.0049
2230,2025-09-05,Morning,Line C,Product Alpha,1122,30,6,63.52,Assembly Error,Maintenance,1086,0.0267,0.0053
2231,2025-09-05,Afternoon,Line C,Product Delta,1124,25,3,31.55,Coating Defect,Quality Issue,1096,0.0222,0.0027
2232,2025-09-05,Night,Line C,Product Alpha,1040,11,2,49.8,Surface Defect,Quality Issue,1027,0.0106,0.0019
2233,2025-09-06,Morning,Line A,Product Delta,1505,75,9,31.29,Dimensional Error,Quality Issue,1421,0.0498,0.006
2234,2025-09-06,Afternoon,Line A,Product Delta,1373,84,18,11.63,Surface Defect,,1271,0.0612,0.0131
2235,2025-09-06,Night,Line A,Product Delta,1376,53,16,25.18,Coating Defect,Changeover,1307,0.0385,0.0116
2236,2025-09-06,Morning,Line B,Product Gamma,1271,42,6,63.53,Surface Defect,Quality Issue,1223,0.033,0.0047
2237,2025-09-06,Afternoon,Line B,Product Gamma,1266,45,7,80.05,Assembly Error,Quality Issue,1214,0.0355,0.0055
2238,2025-09-06,Night,Line B,Product Alpha,1208,35,10,79.9,Assembly Error,Material Shortage,1163,0.029,0.0083
2239,2025-09-06,Morning,Line C,Product Delta,1157,65,18,76.54,Coating Defect,Maintenance,1074,0.0562,0.0156
2240,2025-09-06,Afternoon,Line C,Product Alpha,1085,56,11,73.73,Assembly Error,Quality Issue,1018,0.0516,0.0101
2241,2025-09-06,Night,Line C,Product Gamma,965,47,13,10.63,Dimensional Error,,905,0.0487,0.0135
2242,2025-09-07,Morning,Line A,Product Gamma,1502,54,14,53.31,Surface Defect,Quality Issue,1434,0.036,0.0093
2243,2025-09-07,Afternoon,Line A,Product Beta,1388,50,13,82.87,Assembly Error,Maintenance,1325,0.036,0.0094
2244,2025-09-07,Night,Line A,Product Alpha,1345,62,18,33.72,Dimensional Error,Material Shortage,1265,0.0461,0.0134
2245,2025-09-07,Morning,Line B,Product Gamma,1227,13,3,78.04,Surface Defect,Material Shortage,1211,0.0106,0.0024
2246,2025-09-07,Afternoon,Line B,Product Delta,1330,22,3,51.74,Coating Defect,Maintenance,1305,0.0165,0.0023
2247,2025-09-07,Night,Line B,Product Gamma,1241,38,4,76.75,Surface Defect,Changeover,1199,0.0306,0.0032
2248,2025-09-07,Morning,Line C,Product Beta,1138,43,8,77.81,Coating Defect,Material Shortage,1087,0.0378,0.007
2249,2025-09-07,Afternoon,Line C,Product Alpha,1134,26,4,55.85,Dimensional Error,Quality Issue,1104,0.0229,0.0035
2250,2025-09-07,Night,Line C,Product Alpha,953,36,10,50.11,Coating Defect,Quality Issue,907,0.0378,0.0105
2251,2025-09-08,Morning,Line A,Product Gamma,1524,91,19,8.44,Dimensional Error,,1414,0.0597,0.0125
2252,2025-09-08,Afternoon,Line A,Product Gamma,1508,64,15,56.8,Surface Defect,Material Shortage,1429,0.0424,0.0099
2253,2025-09-08,Night,Line A,Product Delta,1398,36,5,34.48,Dimensional Error,Maintenance,1357,0.0258,0.0036
2254,2025-09-08,Morning,Line B,Product Delta,1318,80,11,9.5,Coating Defect,,1227,0.0607,0.0083
2255,2025-09-08,Afternoon,Line B,Product Beta,1288,17,3,33.04,Surface Defect,Maintenance,1268,0.0132,0.0023
2256,2025-09-08,Night,Line B,Product Gamma,1257,13,2,67.25,Coating Defect,Quality Issue,1242,0.0103,0.0016
2257,2025-09-08,Morning,Line C,Product Beta,1071,24,6,68.84,Surface Defect,Maintenance,1041,0.0224,0.0056
2258,2025-09-08,Afternoon,Line C,Product Delta,1023,56,6,68.28,Assembly Error,Mechanical Failure,961,0.0547,0.0059
2259,2025-09-08,Night,Line C,Product Delta,1113,67,13,32.13,Surface Defect,Mechanical Failure,1033,0.0602,0.0117
2260,2025-09-09,Morning,Line A,Product Gamma,1423,41,8,25.93,Surface Defect,Material Shortage,1374,0.0288,0.0056
2261,2025-09-09,Afternoon,Line A,Product Delta,1421,89,13,8.44,Assembly Error,,1319,0.0626,0.0091
2262,2025-09-09,Night,Line A,Product Gamma,1339,77,14,78.78,Dimensional Error,Changeover,1248,0.0575,0.0105
2263,2025-09-09,Morning,Line B,Product Alpha,1207,12,3,24.49,Coating Defect,Quality Issue,1192,0.0099,0.0025
2264,2025-09-09,Afternoon,Line B,Product Alpha,1181,56,12,12.28,Assembly Error,,1113,0.0474,0.0102
2265,2025-09-09,Night,Line B,Product Gamma,1136,36,3,35.28,Dimensional Error,Material Shortage,1097,0.0317,0.0026
2266,2025-09-09,Morning,Line C,Product Delta,1067,37,8,52.08,Surface Defect,Mechanical Failure,1022,0.0347,0.0075
2267,2025-09-09,Afternoon,Line C,Product Alpha,1060,29,3,82.39,Coating Defect,Maintenance,1028,0.0274,0.0028
2268,2025-09-09,Night,Line C,Product Beta,1121,59,6,15.64,Coating Defect,Maintenance,1056,0.0526,0.0054
2269,2025-09-10,Morning,Line A,Product Beta,1491,78,10,8.08,Surface Defect,,1403,0.0523,0.0067
2270,2025-09-10,Afternoon,Line A,Product Alpha,1411,16,4,57.65,Assembly Error,Changeover,1391,0.0113,0.0028
2271,2025-09-10,Night,Line A,Product Gamma,1273,79,14,56.55,Assembly Error,Material Shortage,1180,0.0621,0.011
2272,2025-09-10,Morning,Line B,Product Gamma,1269,32,9,45.09,Assembly Error,Material Shortage,1228,0.0252,0.0071
2273,2025-09-10,Afternoon,Line B,Product Alpha,1189,35,8,65.29,Assembly Error,Quality Issue,1146,0.0294,0.0067
2274,2025-09-10,Night,Line B,Product Gamma,1144,40,4,12.94,Dimensional Error,,1100,0.035,0.0035
2275,2025-09-10,Morning,Line C,Product Gamma,1148,63,7,10.69,Coating Defect,,1078,0.0549,0.0061
2276,2025-09-10,Afternoon,Line C,Product Gamma,1116,11,2,69.79,Dimensional Error,Material Shortage,1103,0.0099,0.0018
2277,2025-09-10,Night,Line C,Product Delta,1119,36,3,42.71,Coating Defect,Mechanical Failure,1080,0.0322,0.0027
2278,2025-09-11,Morning,Line A,Product Gamma,1546,21,3,54.11,Dimensional Error,Mechanical Failure,1522,0.0136,0.0019
2279,2025-09-11,Afternoon,Line A,Product Beta,1410,20,4,24.61,Assembly Error,Changeover,1386,0.0142,0.0028
2280,2025-09-11,Night,Line A,Product Delta,1287,36,8,66.76,Assembly Error,Mechanical Failure,1243,0.028,0.0062
2281,2025-09-11,Morning,Line B,Product Beta,1279,51,8,30.31,Coating Defect,Material Shortage,1220,0.0399,0.0063
2282,2025-09-11,Afternoon,Line B,Product Delta,1184,40,5,33.44,Surface Defect,Mechanical Failure,1139,0.0338,0.0042
2283,2025-09-11,Night,Line B,Product Alpha,1139,27,6,14.57,Surface Defect,,1106,0.0237,0.0053
2284,2025-09-11,Morning,Line C,Product Delta,1130,28,7,15.52,Dimensional Error,Changeover,1095,0.0248,0.0062
2285,2025-09-11,Afternoon,Line C,Product Beta,1092,58,17,68.96,Surface Defect,Material Shortage,1017,0.0531,0.0156
2286,2025-09-11,Night,Line C,Product Gamma,1050,53,7,65.67,Dimensional Error,Changeover,990,0.0505,0.0067
2287,2025-09-12,Morning,Line A,Product Alpha,1434,54,10,64.84,Dimensional Error,Changeover,1370,0.0377,0.007
2288,2025-09-12,Afternoon,Line A,Product Beta,1512,21,5,66.77,Coating Defect,Changeover,1486,0.0139,0.0033
2289,2025-09-12,Night,Line A,Product Beta,1449,60,9,52.44,Assembly Error,Material Shortage,1380,0.0414,0.0062
2290,2025-09-12,Morning,Line B,Product Beta,1216,48,13,31.68,Assembly Error,Maintenance,1155,0.0395,0.0107
2291,2025-09-12,Afternoon,Line B,Product Delta,1285,23,3,65.64,Coating Defect,Maintenance,1259,0.0179,0.0023
2292,2025-09-12,Night,Line B,Product Gamma,1171,33,8,63.78,Surface Defect,Mechanical Failure,1130,0.0282,0.0068
2293,2025-09-12,Morning,Line C,Product Gamma,1069,28,6,79.91,Dimensional Error,Changeover,1035,0.0262,0.0056
2294,2025-09-12,Afternoon,Line C,Product Gamma,1016,46,5,69.55,Assembly Error,Quality Issue,965,0.0453,0.0049
2295,2025-09-12,Night,Line C,Product Gamma,1014,40,5,21.21,Dimensional Error,Mechanical Failure,969,0.0394,0.0049
2296,2025-09-13,Morning,Line A,Product Alpha,1522,14,2,73.31,Assembly Error,Maintenance,1506,0.0092,0.0013
2297,2025-09-13,Afternoon,Line A,Product Alpha,1531,79,23,81.98,Dimensional Error,Maintenance,1429,0.0516,0.015
2298,2025-09-13,Night,Line A,Product Gamma,1288,40,8,27.45,Dimensional Error,Maintenance,1240,0.0311,0.0062
2299,2025-09-13,Morning,Line B,Product Beta,1303,15,2,53.72,Dimensional Error,Maintenance,1286,0.0115,0.0015
2300,2025-09-13,Afternoon,Line B,Product Beta,1168,55,12,29.49,Surface Defect,Maintenance,1101,0.0471,0.0103
2301,2025-09-13,Night,Line B,Product Gamma,1204,27,6,51.05,Dimensional Error,Quality Issue,1171,0.0224,0.005
2302,2025-09-13,Morning,Line C,Product Alpha,1071,59,11,66.24,Surface Defect,Mechanical Failure,1001,0.0551,0.0103
2303,2025-09-13,Afternoon,Line C,Product Beta,1147,29,4,66.46,Dimensional Error,Mechanical Failure,1114,0.0253,0.0035
2304,2025-09-13,Night,Line C,Product Gamma,1042,23,3,47.15,Surface Defect,Changeover,1016,0.0221,0.0029
2305,2025-09-14,Morning,Line A,Product Delta,1486,80,14,17.25,Coating Defect,Quality Issue,1392,0.0538,0.0094
2306,2025-09-14,Afternoon,Line A,Product Gamma,1499,48,9,43.63,Coating Defect,Maintenance,1442,0.032,0.006
2307,2025-09-14,Night,Line A,Product Gamma,1325,53,7,51.22,Coating Defect,Maintenance,1265,0.04,0.0053
2308,2025-09-14,Morning,Line B,Product Gamma,1251,22,2,60.22,Surface Defect,Quality Issue,1227,0.0176,0.0016
2309,2025-09-14,Afternoon,Line B,Product Gamma,1335,77,13,50.58,Coating Defect,Changeover,1245,0.0577,0.0097
2310,2025-09-14,Night,Line B,Product Gamma,1245,72,9,58.1,Surface Defect,Maintenance,1164,0.0578,0.0072
2311,2025-09-14,Morning,Line C,Product Delta,1205,70,13,13.34,Coating Defect,,1122,0.0581,0.0108
2312,2025-09-14,Afternoon,Line C,Product Alpha,1114,36,4,34.78,Dimensional Error,Changeover,1074,0.0323,0.0036
2313,2025-09-14,Night,Line C,Product Gamma,1061,65,17,44.14,Assembly Error,Material Shortage,979,0.0613,0.016
2314,2025-09-15,Morning,Line A,Product Gamma,1557,64,12,45.55,Coating Defect,Quality Issue,1481,0.0411,0.0077
2315,2025-09-15,Afternoon,Line A,Product Beta,1375,68,15,50.67,Assembly Error,Maintenance,1292,0.0495,0.0109
2316,2025-09-15,Night,Line A,Product Beta,1417,40,12,77.52,Assembly Error,Material Shortage,1365,0.0282,0.0085
2317,2025-09-15,Morning,Line B,Product Delta,1280,53,15,64.13,Dimensional Error,Material Shortage,1212,0.0414,0.0117
2318,2025-09-15,Afternoon,Line B,Product Gamma,1254,65,6,69.06,Dimensional Error,Mechanical Failure,1183,0.0518,0.0048
2319,2025-09-15,Night,Line B,Product Beta,1086,18,3,63.72,Assembly Error,Changeover,1065,0.0166,0.0028
2320,2025-09-15,Morning,Line C,Product Beta,1090,45,5,46.82,Coating Defect,Maintenance,1040,0.0413,0.0046
2321,2025-09-15,Afternoon,Line C,Product Beta,1176,16,4,61.77,Surface Defect,Quality Issue,1156,0.0136,0.0034
2322,2025-09-15,Night,Line C,Product Delta,1048,57,5,45.68,Dimensional Error,Quality Issue,986,0.0544,0.0048
2323,2025-09-16,Morning,Line A,Product Beta,1508,47,10,43.07,Coating Defect,Mechanical Failure,1451,0.0312,0.0066
2324,2025-09-16,Afternoon,Line A,Product Alpha,1412,50,12,75.15,Dimensional Error,Changeover,1350,0.0354,0.0085
2325,2025-09-16,Night,Line A,Product Beta,1334,58,8,31.95,Coating Defect,Material Shortage,1268,0.0435,0.006
2326,2025-09-16,Morning,Line B,Product Alpha,1298,67,16,77.89,Assembly Error,Changeover,1215,0.0516,0.0123
2327,2025-09-16,Afternoon,Line B,Product Gamma,1179,29,3,45.14,Assembly Error,Material Shortage,1147,0.0246,0.0025
2328,2025-09-16,Night,Line B,Product Delta,1167,33,3,82.84,Assembly Error,Maintenance,1131,0.0283,0.0026
2329,2025-09-16,Morning,Line C,Product Beta,1125,66,13,14.38,Surface Defect,,1046,0.0587,0.0116
2330,2025-09-16,Afternoon,Line C,Product Delta,1082,65,16,30.07,Coating Defect,Quality Issue,1001,0.0601,0.0148
2331,2025-09-16,Night,Line C,Product Beta,1007,15,4,32.6,Coating Defect,Changeover,988,0.0149,0.004
2332,2025-09-17,Morning,Line A,Product Gamma,1534,95,26,31.72,Surface Defect,Maintenance,1413,0.0619,0.0169
2333,2025-09-17,Afternoon,Line A,Product Beta,1483,65,16,54.15,Surface Defect,Changeover,1402,0.0438,0.0108
2334,2025-09-17,Night,Line A,Product Gamma,1452,14,2,65.93,Dimensional Error,Mechanical Failure,1436,0.0096,0.0014
2335,2025-09-17,Morning,Line B,Product Delta,1253,40,10,66.04,Assembly Error,Quality Issue,1203,0.0319,0.008
2336,2025-09-17,Afternoon,Line B,Product Delta,1233,67,15,63.26,Surface Defect,Material Shortage,1151,0.0543,0.0122
2337,2025-09-17,Night,Line B,Product Alpha,1155,26,4,27.34,Dimensional Error,Quality Issue,1125,0.0225,0.0035
2338,2025-09-17,Morning,Line C,Product Alpha,1054,9,2,34.42,Coating Defect,Maintenance,1043,0.0085,0.0019
2339,2025-09-17,Afternoon,Line C,Product Delta,1117,50,10,15.19,Dimensional Error,Maintenance,1057,0.0448,0.009
2340,2025-09-17,Night,Line C,Product Delta,1018,15,3,78.38,Coating Defect,Quality Issue,1000,0.0147,0.0029
2341,2025-09-18,Morning,Line A,Product Alpha,1563,85,12,76.74,Coating Defect,Mechanical Failure,1466,0.0544,0.0077
2342,2025-09-18,Afternoon,Line A,Product Gamma,1437,41,4,26.23,Coating Defect,Maintenance,1392,0.0285,0.0028
2343,2025-09-18,Night,Line A,Product Alpha,1396,64,10,46.43,Surface Defect,Mechanical Failure,1322,0.0458,0.0072
2344,2025-09-18,Morning,Line B,Product Delta,1349,40,7,49.09,Assembly Error,Mechanical Failure,1302,0.0297,0.0052
2345,2025-09-18,Afternoon,Line B,Product Beta,1172,57,6,13.53,Assembly Error,,1109,0.0486,0.0051
2346,2025-09-18,Night,Line B,Product Beta,1237,37,11,15.82,Coating Defect,Changeover,1189,0.0299,0.0089
2347,2025-09-18,Morning,Line C,Product Beta,1102,16,5,59.24,Surface Defect,Quality Issue,1081,0.0145,0.0045
2348,2025-09-18,Afternoon,Line C,Product Delta,1153,59,18,39.37,Dimensional Error,Mechanical Failure,1076,0.0512,0.0156
2349,2025-09-18,Night,Line C,Product Beta,988,39,4,42.35,Surface Defect,Mechanical Failure,945,0.0395,0.004
2350,2025-09-19,Morning,Line A,Product Delta,1530,62,10,66.68,Coating Defect,Maintenance,1458,0.0405,0.0065
2351,2025-09-19,Afternoon,Line A,Product Gamma,1496,60,9,77.44,Surface Defect,Maintenance,1427,0.0401,0.006
2352,2025-09-19,Night,Line A,Product Gamma,1421,42,8,71.57,Assembly Error,Mechanical Failure,1371,0.0296,0.0056
2353,2025-09-19,Morning,Line B,Product Gamma,1244,20,4,10.61,Assembly Error,,1220,0.0161,0.0032
2354,2025-09-19,Afternoon,Line B,Product Beta,1218,14,2,47.5,Assembly Error,Changeover,1202,0.0115,0.0016
2355,2025-09-19,Night,Line B,Product Gamma,1212,49,6,29.92,Surface Defect,Material Shortage,1157,0.0404,0.005
2356,2025-09-19,Morning,Line C,Product Beta,1127,60,11,70.09,Surface Defect,Maintenance,1056,0.0532,0.0098
2357,2025-09-19,Afternoon,Line C,Product Gamma,1134,71,18,39.68,Surface Defect,Changeover,1045,0.0626,0.0159
2358,2025-09-19,Night,Line C,Product Beta,1101,57,7,29.75,Assembly Error,Quality Issue,1037,0.0518,0.0064
2359,2025-09-20,Morning,Line A,Product Delta,1421,56,15,60.73,Assembly Error,Material Shortage,1350,0.0394,0.0106
2360,2025-09-20,Afternoon,Line A,Product Alpha,1389,24,4,76.18,Assembly Error,Quality Issue,1361,0.0173,0.0029
2361,2025-09-20,Night,Line A,Product Gamma,1377,50,4,79.47,Surface Defect,Material Shortage,1323,0.0363,0.0029
2362,2025-09-20,Morning,Line B,Product Beta,1308,24,3,11.24,Coating Defect,,1281,0.0183,0.0023
2363,2025-09-20,Afternoon,Line B,Product Delta,1313,14,2,16.14,Surface Defect,Material Shortage,1297,0.0107,0.0015
2364,2025-09-20,Night,Line B,Product Gamma,1113,44,12,25.54,Assembly Error,Changeover,1057,0.0395,0.0108
2365,2025-09-20,Morning,Line C,Product Alpha,1148,28,4,67.55,Coating Defect,Maintenance,1116,0.0244,0.0035
2366,2025-09-20,Afternoon,Line C,Product Alpha,1106,18,3,73.91,Assembly Error,Material Shortage,1085,0.0163,0.0027
2367,2025-09-20,Night,Line C,Product Beta,984,17,3,70.49,Surface Defect,Material Shortage,964,0.0173,0.003
2368,2025-09-21,Morning,Line A,Product Delta,1540,85,10,45.04,Dimensional Error,Changeover,1445,0.0552,0.0065
2369,2025-09-21,Afternoon,Line A,Product Delta,1517,21,2,72.18,Coating Defect,Maintenance,1494,0.0138,0.0013
2370,2025-09-21,Night,Line A,Product Alpha,1339,68,14,9.15,Surface Defect,,1257,0.0508,0.0105
2371,2025-09-21,Morning,Line B,Product Alpha,1298,47,13,9.74,Dimensional Error,,1238,0.0362,0.01
2372,2025-09-21,Afternoon,Line B,Product Beta,1292,62,16,54.72,Assembly Error,Maintenance,1214,0.048,0.0124
2373,2025-09-21,Night,Line B,Product Delta,1242,29,3,10.23,Surface Defect,,1210,0.0233,0.0024
2374,2025-09-21,Morning,Line C,Product Beta,1220,65,8,15.79,Surface Defect,Quality Issue,1147,0.0533,0.0066
2375,2025-09-21,Afternoon,Line C,Product Delta,1082,50,8,22.28,Assembly Error,Mechanical Failure,1024,0.0462,0.0074
2376,2025-09-21,Night,Line C,Product Delta,948,49,4,49.27,Assembly Error,Changeover,895,0.0517,0.0042
2377,2025-09-22,Morning,Line A,Product Beta,1560,53,14,61.63,Coating Defect,Maintenance,1493,0.034,0.009
2378,2025-09-22,Afternoon,Line A,Product Gamma,1468,48,13,62.25,Dimensional Error,Quality Issue,1407,0.0327,0.0089
2379,2025-09-22,Night,Line A,Product Alpha,1340,53,11,51.02,Surface Defect,Mechanical Failure,1276,0.0396,0.0082
2380,2025-09-22,Morning,Line B,Product Alpha,1243,57,14,29.46,Dimensional Error,Mechanical Failure,1172,0.0459,0.0113
2381,2025-09-22,Afternoon,Line B,Product Beta,1272,76,12,21.26,Surface Defect,Changeover,1184,0.0597,0.0094
2382,2025-09-22,Night,Line B,Product Gamma,1146,68,20,24.47,Assembly Error,Changeover,1058,0.0593,0.0175
2383,2025-09-22,Morning,Line C,Product Alpha,1188,32,3,54.79,Dimensional Error,Changeover,1153,0.0269,0.0025
2384,2025-09-22,Afternoon,Line C,Product Gamma,1175,66,17,14.57,Dimensional Error,,1092,0.0562,0.0145
2385,2025-09-22,Night,Line C,Product Beta,1083,49,6,50.11,Assembly Error,Quality Issue,1028,0.0452,0.0055
2386,2025-09-23,Morning,Line A,Product Delta,1416,64,18,12.54,Assembly Error,,1334,0.0452,0.0127
2387,2025-09-23,Afternoon,Line A,Product Gamma,1451,60,18,68.62,Assembly Error,Quality Issue,1373,0.0414,0.0124
2388,2025-09-23,Night,Line A,Product Delta,1280,23,6,51.02,Assembly Error,Mechanical Failure,1251,0.018,0.0047
2389,2025-09-23,Morning,Line B,Product Alpha,1370,43,5,52.02,Surface Defect,Changeover,1322,0.0314,0.0036
2390,2025-09-23,Afternoon,Line B,Product Delta,1240,11,2,29.61,Dimensional Error,Maintenance,1227,0.0089,0.0016
2391,2025-09-23,Night,Line B,Product Alpha,1214,62,11,28.4,Dimensional Error,Maintenance,1141,0.0511,0.0091
2392,2025-09-23,Morning,Line C,Product Alpha,1069,43,11,58.82,Coating Defect,Maintenance,1015,0.0402,0.0103
2393,2025-09-23,Afternoon,Line C,Product Gamma,1150,66,19,57.67,Dimensional Error,Mechanical Failure,1065,0.0574,0.0165
2394,2025-09-23,Night,Line C,Product Gamma,990,60,11,54.74,Assembly Error,Mechanical Failure,919,0.0606,0.0111
2395,2025-09-24,Morning,Line A,Product Beta,1449,89,10,74.21,Surface Defect,Maintenance,1350,0.0614,0.0069
2396,2025-09-24,Afternoon,Line A,Product Beta,1458,80,20,14.51,Coating Defect,,1358,0.0549,0.0137
2397,2025-09-24,Night,Line A,Product Delta,1356,82,20,11.19,Coating Defect,,1254,0.0605,0.0147
2398,2025-09-24,Morning,Line B,Product Alpha,1313,68,8,17.86,Dimensional Error,Maintenance,1237,0.0518,0.0061
2399,2025-09-24,Afternoon,Line B,Product Alpha,1295,71,8,18.5,Assembly Error,Changeover,1216,0.0548,0.0062
2400,2025-09-24,Night,Line B,Product Alpha,1123,37,5,82.87,Dimensional Error,Changeover,1081,0.0329,0.0045
2401,2025-09-24,Morning,Line C,Product Delta,1140,43,10,44.24,Surface Defect,Maintenance,1087,0.0377,0.0088
2402,2025-09-24,Afternoon,Line C,Product Beta,1044,64,9,9.94,Coating Defect,,971,0.0613,0.0086
2403,2025-09-24,Night,Line C,Product Alpha,1035,48,9,27.3,Dimensional Error,Mechanical Failure,978,0.0464,0.0087
2404,2025-09-25,Morning,Line A,Product Gamma,1580,44,4,53.0,Coating Defect,Quality Issue,1532,0.0278,0.0025
2405,2025-09-25,Afternoon,Line A,Product Gamma,1504,45,13,35.48,Assembly Error,Mechanical Failure,1446,0.0299,0.0086
2406,2025-09-25,Night,Line A,Product Delta,1274,45,7,43.14,Dimensional Error,Maintenance,1222,0.0353,0.0055
2407,2025-09-25,Morning,Line B,Product Gamma,1270,58,5,78.41,Coating Defect,Quality Issue,1207,0.0457,0.0039
2408,2025-09-25,Afternoon,Line B,Product Beta,1249,24,3,50.24,Surface Defect,Mechanical Failure,1222,0.0192,0.0024
2409,2025-09-25,Night,Line B,Product Beta,1230,11,1,42.42,Assembly Error,Quality Issue,1218,0.0089,0.0008
2410,2025-09-25,Morning,Line C,Product Beta,1154,25,3,15.52,Coating Defect,Quality Issue,1126,0.0217,0.0026
2411,2025-09-25,Afternoon,Line C,Product Beta,1038,13,4,82.16,Dimensional Error,Material Shortage,1021,0.0125,0.0039
2412,2025-09-25,Night,Line C,Product Alpha,1061,14,4,60.0,Dimensional Error,Mechanical Failure,1043,0.0132,0.0038
2413,2025-09-26,Morning,Line A,Product Beta,1425,89,10,82.83,Assembly Error,Maintenance,1326,0.0625,0.007
2414,2025-09-26,Afternoon,Line A,Product Beta,1439,47,5,73.26,Coating Defect,Maintenance,1387,0.0327,0.0035
2415,2025-09-26,Night,Line A,Product Beta,1425,16,2,81.63,Dimensional Error,Maintenance,1407,0.0112,0.0014
2416,2025-09-26,Morning,Line B,Product Alpha,1350,37,7,34.96,Surface Defect,Changeover,1306,0.0274,0.0052
2417,2025-09-26,Afternoon,Line B,Product Beta,1316,40,7,30.71,Dimensional Error,Maintenance,1269,0.0304,0.0053
2418,2025-09-26,Night,Line B,Product Gamma,1132,63,17,21.18,Assembly Error,Changeover,1052,0.0557,0.015
2419,2025-09-26,Morning,Line C,Product Delta,1123,70,17,20.14,Surface Defect,Mechanical Failure,1036,0.0623,0.0151
2420,2025-09-26,Afternoon,Line C,Product Gamma,1059,11,2,68.09,Dimensional Error,Maintenance,1046,0.0104,0.0019
2421,2025-09-26,Night,Line C,Product Gamma,1091,46,7,22.62,Assembly Error,Material Shortage,1038,0.0422,0.0064
2422,2025-09-27,Morning,Line A,Product Delta,1457,19,2,61.74,Surface Defect,Quality Issue,1436,0.013,0.0014
2423,2025-09-27,Afternoon,Line A,Product Gamma,1430,13,1,37.72,Assembly Error,Changeover,1416,0.0091,0.0007
2424,2025-09-27,Night,Line A,Product Alpha,1342,56,15,80.8,Assembly Error,Changeover,1271,0.0417,0.0112
2425,2025-09-27,Morning,Line B,Product Alpha,1334,78,16,8.52,Dimensional Error,,1240,0.0585,0.012
2426,2025-09-27,Afternoon,Line B,Product Gamma,1297,36,6,35.44,Dimensional Error,Material Shortage,1255,0.0278,0.0046
2427,2025-09-27,Night,Line B,Product Alpha,1225,15,3,37.91,Surface Defect,Material Shortage,1207,0.0122,0.0024
2428,2025-09-27,Morning,Line C,Product Gamma,1117,45,12,36.41,Coating Defect,Material Shortage,1060,0.0403,0.0107
2429,2025-09-27,Afternoon,Line C,Product Alpha,1164,28,5,80.09,Coating Defect,Changeover,1131,0.0241,0.0043
2430,2025-09-27,Night,Line C,Product Beta,1098,61,7,72.55,Dimensional Error,Mechanical Failure,1030,0.0556,0.0064
2431,2025-09-28,Morning,Line A,Product Alpha,1566,69,10,74.91,Surface Defect,Maintenance,1487,0.0441,0.0064
2432,2025-09-28,Afternoon,Line A,Product Beta,1366,23,2,21.2,Coating Defect,Changeover,1341,0.0168,0.0015
2433,2025-09-28,Night,Line A,Product Alpha,1371,49,7,22.06,Dimensional Error,Maintenance,1315,0.0357,0.0051
2434,2025-09-28,Morning,Line B,Product Alpha,1305,49,5,28.27,Surface Defect,Material Shortage,1251,0.0375,0.0038
2435,2025-09-28,Afternoon,Line B,Product Delta,1197,45,9,74.71,Coating Defect,Changeover,1143,0.0376,0.0075
2436,2025-09-28,Night,Line B,Product Alpha,1247,49,5,31.27,Coating Defect,Quality Issue,1193,0.0393,0.004
2437,2025-09-28,Morning,Line C,Product Delta,1061,19,5,74.19,Coating Defect,Mechanical Failure,1037,0.0179,0.0047
2438,2025-09-28,Afternoon,Line C,Product Beta,1122,27,8,51.24,Surface Defect,Material Shortage,1087,0.0241,0.0071
2439,2025-09-28,Night,Line C,Product Delta,1097,45,5,61.25,Coating Defect,Material Shortage,1047,0.041,0.0046
2440,2025-09-29,Morning,Line A,Product Gamma,1462,72,15,47.2,Assembly Error,Maintenance,1375,0.0492,0.0103
2441,2025-09-29,Afternoon,Line A,Product Gamma,1365,44,7,35.18,Coating Defect,Mechanical Failure,1314,0.0322,0.0051
2442,2025-09-29,Night,Line A,Product Gamma,1302,72,9,9.98,Surface Defect,,1221,0.0553,0.0069
2443,2025-09-29,Morning,Line B,Product Beta,1314,53,15,32.69,Coating Defect,Quality Issue,1246,0.0403,0.0114
2444,2025-09-29,Afternoon,Line B,Product Alpha,1225,10,1,42.14,Surface Defect,Changeover,1214,0.0082,0.0008
2445,2025-09-29,Night,Line B,Product Gamma,1086,33,3,67.66,Dimensional Error,Quality Issue,1050,0.0304,0.0028
2446,2025-09-29,Morning,Line C,Product Delta,1199,71,7,52.55,Dimensional Error,Mechanical Failure,1121,0.0592,0.0058
2447,2025-09-29,Afternoon,Line C,Product Beta,1038,29,5,61.97,Coating Defect,Mechanical Failure,1004,0.0279,0.0048
2448,2025-09-29,Night,Line C,Product Delta,975,9,2,61.62,Surface Defect,Mechanical Failure,964,0.0092,0.0021
2449,2025-09-30,Morning,Line A,Product Gamma,1547,75,19,28.87,Assembly Error,Maintenance,1453,0.0485,0.0123
2450,2025-09-30,Afternoon,Line A,Product Beta,1527,25,6,73.36,Surface Defect,Maintenance,1496,0.0164,0.0039
2451,2025-09-30,Night,Line A,Product Alpha,1365,63,11,34.34,Coating Defect,Mechanical Failure,1291,0.0462,0.0081
2452,2025-09-30,Morning,Line B,Product Beta,1345,50,6,16.77,Dimensional Error,Quality Issue,1289,0.0372,0.0045
2453,2025-09-30,Afternoon,Line B,Product Delta,1166,23,4,59.46,Assembly Error,Changeover,1139,0.0197,0.0034
2454,2025-09-30,Night,Line B,Product Delta,1159,71,8,56.26,Surface Defect,Material Shortage,1080,0.0613,0.0069
2455,2025-09-30,Morning,Line C,Product Beta,1205,70,15,32.15,Dimensional Error,Mechanical Failure,1120,0.0581,0.0124
2456,2025-09-30,Afternoon,Line C,Product Gamma,1125,26,5,70.9,Coating Defect,Mechanical Failure,1094,0.0231,0.0044
2457,2025-09-30,Night,Line C,Product Gamma,988,23,4,72.09,Surface Defect,Maintenance,961,0.0233,0.004
2458,2025-10-01,Morning,Line A,Product Gamma,1570,72,21,9.87,Coating Defect,,1477,0.0459,0.0134
2459,2025-10-01,Afternoon,Line A,Product Delta,1363,59,10,12.93,Surface Defect,,1294,0.0433,0.0073
2460,2025-10-01,Night,Line A,Product Beta,1320,57,8,73.36,Surface Defect,Quality Issue,1255,0.0432,0.0061
2461,2025-10-01,Morning,Line B,Product Delta,1299,21,3,17.18,Surface Defect,Quality Issue,1275,0.0162,0.0023
2462,2025-10-01,Afternoon,Line B,Product Gamma,1334,29,3,68.82,Surface Defect,Material Shortage,1302,0.0217,0.0022
2463,2025-10-01,Night,Line B,Product Delta,1091,50,12,62.16,Coating Defect,Quality Issue,1029,0.0458,0.011
2464,2025-10-01,Morning,Line C,Product Delta,1090,42,10,59.5,Coating Defect,Material Shortage,1038,0.0385,0.0092
2465,2025-10-01,Afternoon,Line C,Product Gamma,1046,49,13,35.55,Assembly Error,Quality Issue,984,0.0468,0.0124
2466,2025-10-01,Night,Line C,Product Beta,1040,17,4,70.04,Dimensional Error,Quality Issue,1019,0.0163,0.0038
2467,2025-10-02,Morning,Line A,Product Gamma,1505,46,5,26.33,Coating Defect,Mechanical Failure,1454,0.0306,0.0033
2468,2025-10-02,Afternoon,Line A,Product Beta,1363,42,8,37.03,Coating Defect,Quality Issue,1313,0.0308,0.0059
2469,2025-10-02,Night,Line A,Product Beta,1338,43,5,23.61,Coating Defect,Maintenance,1290,0.0321,0.0037
2470,2025-10-02,Morning,Line B,Product Gamma,1260,42,4,10.49,Surface Defect,,1214,0.0333,0.0032
2471,2025-10-02,Afternoon,Line B,Product Alpha,1317,77,10,35.47,Dimensional Error,Changeover,1230,0.0585,0.0076
2472,2025-10-02,Night,Line B,Product Gamma,1088,20,2,67.6,Assembly Error,Material Shortage,1066,0.0184,0.0018
2473,2025-10-02,Morning,Line C,Product Gamma,1147,35,10,76.07,Assembly Error,Maintenance,1102,0.0305,0.0087
2474,2025-10-02,Afternoon,Line C,Product Delta,1055,41,7,21.68,Coating Defect,Mechanical Failure,1007,0.0389,0.0066
2475,2025-10-02,Night,Line C,Product Beta,1083,66,14,12.32,Dimensional Error,,1003,0.0609,0.0129
2476,2025-10-03,Morning,Line A,Product Beta,1420,61,8,60.96,Surface Defect,Changeover,1351,0.043,0.0056
2477,2025-10-03,Afternoon,Line A,Product Beta,1475,27,8,20.03,Assembly Error,Mechanical Failure,1440,0.0183,0.0054
2478,2025-10-03,Night,Line A,Product Gamma,1342,11,3,68.25,Dimensional Error,Mechanical Failure,1328,0.0082,0.0022
2479,2025-10-03,Morning,Line B,Product Beta,1320,72,21,23.95,Surface Defect,Material Shortage,1227,0.0545,0.0159
2480,2025-10-03,Afternoon,Line B,Product Alpha,1294,29,7,45.3,Dimensional Error,Mechanical Failure,1258,0.0224,0.0054
2481,2025-10-03,Night,Line B,Product Gamma,1105,37,4,77.93,Surface Defect,Mechanical Failure,1064,0.0335,0.0036
2482,2025-10-03,Morning,Line C,Product Alpha,1174,24,3,69.39,Surface Defect,Quality Issue,1147,0.0204,0.0026
2483,2025-10-03,Afternoon,Line C,Product Beta,1093,46,9,18.24,Dimensional Error,Material Shortage,1038,0.0421,0.0082
2484,2025-10-03,Night,Line C,Product Delta,1031,61,7,70.54,Dimensional Error,Mechanical Failure,963,0.0592,0.0068
2485,2025-10-04,Morning,Line A,Product Alpha,1555,96,20,66.07,Surface Defect,Changeover,1439,0.0617,0.0129
2486,2025-10-04,Afternoon,Line A,Product Delta,1483,73,20,23.38,Coating Defect,Maintenance,1390,0.0492,0.0135
2487,2025-10-04,Night,Line A,Product Alpha,1442,14,4,68.04,Dimensional Error,Mechanical Failure,1424,0.0097,0.0028
2488,2025-10-04,Morning,Line B,Product Delta,1224,71,17,11.43,Surface Defect,,1136,0.058,0.0139
2489,2025-10-04,Afternoon,Line B,Product Alpha,1322,28,5,28.88,Assembly Error,Mechanical Failure,1289,0.0212,0.0038
2490,2025-10-04,Night,Line B,Product Delta,1111,29,7,78.35,Dimensional Error,Changeover,1075,0.0261,0.0063
2491,2025-10-04,Morning,Line C,Product Delta,1216,19,2,53.66,Surface Defect,Quality Issue,1195,0.0156,0.0016
2492,2025-10-04,Afternoon,Line C,Product Alpha,1040,30,6,74.45,Surface Defect,Maintenance,1004,0.0288,0.0058
2493,2025-10-04,Night,Line C,Product Alpha,1013,13,4,26.2,Dimensional Error,Quality Issue,996,0.0128,0.0039
2494,2025-10-05,Morning,Line A,Product Gamma,1418,61,5,35.88,Coating Defect,Maintenance,1352,0.043,0.0035
2495,2025-10-05,Afternoon,Line A,Product Delta,1490,23,4,63.91,Dimensional Error,Material Shortage,1463,0.0154,0.0027
2496,2025-10-05,Night,Line A,Product Alpha,1342,18,4,59.83,Assembly Error,Quality Issue,1320,0.0134,0.003
2497,2025-10-05,Morning,Line B,Product Beta,1218,41,8,31.82,Coating Defect,Changeover,1169,0.0337,0.0066
2498,2025-10-05,Afternoon,Line B,Product Alpha,1234,70,15,41.2,Dimensional Error,Quality Issue,1149,0.0567,0.0122
2499,2025-10-05,Night,Line B,Product Delta,1202,63,18,32.79,Assembly Error,Changeover,1121,0.0524,0.015
2500,2025-10-05,Morning,Line C,Product Delta,1177,42,11,29.63,Surface Defect,Maintenance,1124,0.0357,0.0093
2501,2025-10-05,Afternoon,Line C,Product Gamma,1021,47,5,60.67,Dimensional Error,Mechanical Failure,969,0.046,0.0049
2502,2025-10-05,Night,Line C,Product Gamma,1002,16,3,78.98,Coating Defect,Maintenance,983,0.016,0.003
2503,2025-10-06,Morning,Line A,Product Delta,1458,16,3,24.02,Assembly Error,Quality Issue,1439,0.011,0.0021
2504,2025-10-06,Afternoon,Line A,Product Delta,1476,91,10,18.06,Coating Defect,Changeover,1375,0.0617,0.0068
2505,2025-10-06,Night,Line A,Product Alpha,1380,38,6,26.42,Coating Defect,Quality Issue,1336,0.0275,0.0043
2506,2025-10-06,Morning,Line B,Product Beta,1280,21,6,67.3,Assembly Error,Mechanical Failure,1253,0.0164,0.0047
2507,2025-10-06,Afternoon,Line B,Product Gamma,1284,62,10,15.91,Coating Defect,Material Shortage,1212,0.0483,0.0078
2508,2025-10-06,Night,Line B,Product Delta,1125,47,12,30.74,Surface Defect,Quality Issue,1066,0.0418,0.0107
2509,2025-10-06,Morning,Line C,Product Gamma,1189,33,6,76.04,Coating Defect,Quality Issue,1150,0.0278,0.005
2510,2025-10-06,Afternoon,Line C,Product Gamma,1138,37,5,59.86,Coating Defect,Quality Issue,1096,0.0325,0.0044
2511,2025-10-06,Night,Line C,Product Gamma,1015,27,3,23.53,Surface Defect,Maintenance,985,0.0266,0.003
2512,2025-10-07,Morning,Line A,Product Delta,1474,18,5,32.26,Assembly Error,Maintenance,1451,0.0122,0.0034
2513,2025-10-07,Afternoon,Line A,Product Alpha,1398,40,4,12.99,Surface Defect,,1354,0.0286,0.0029
2514,2025-10-07,Night,Line A,Product Delta,1434,68,14,69.4,Coating Defect,Material Shortage,1352,0.0474,0.0098
2515,2025-10-07,Morning,Line B,Product Alpha,1343,82,7,14.88,Assembly Error,,1254,0.0611,0.0052
2516,2025-10-07,Afternoon,Line B,Product Beta,1331,74,8,82.55,Assembly Error,Quality Issue,1249,0.0556,0.006
2517,2025-10-07,Night,Line B,Product Alpha,1227,53,5,10.29,Coating Defect,,1169,0.0432,0.0041
2518,2025-10-07,Morning,Line C,Product Delta,1072,13,3,76.13,Dimensional Error,Changeover,1056,0.0121,0.0028
2519,2025-10-07,Afternoon,Line C,Product Alpha,1020,18,4,37.33,Surface Defect,Quality Issue,998,0.0176,0.0039
2520,2025-10-07,Night,Line C,Product Alpha,1053,64,10,60.13,Surface Defect,Quality Issue,979,0.0608,0.0095
2521,2025-10-08,Morning,Line A,Product Delta,1409,26,7,63.63,Dimensional Error,Quality Issue,1376,0.0185,0.005
2522,2025-10-08,Afternoon,Line A,Product Gamma,1479,87,8,78.18,Surface Defect,Maintenance,1384,0.0588,0.0054
2523,2025-10-08,Night,Line A,Product Beta,1379,28,7,61.17,Assembly Error,Material Shortage,1344,0.0203,0.0051
2524,2025-10-08,Morning,Line B,Product Gamma,1275,26,4,23.1,Surface Defect,Quality Issue,1245,0.0204,0.0031
2525,2025-10-08,Afternoon,Line B,Product Beta,1179,40,12,21.98,Assembly Error,Material Shortage,1127,0.0339,0.0102
2526,2025-10-08,Night,Line B,Product Delta,1211,75,15,54.89,Coating Defect,Changeover,1121,0.0619,0.0124
2527,2025-10-08,Morning,Line C,Product Beta,1085,35,6,28.73,Surface Defect,Quality Issue,1044,0.0323,0.0055
2528,2025-10-08,Afternoon,Line C,Product Delta,1031,27,5,21.28,Surface Defect,Changeover,999,0.0262,0.0048
2529,2025-10-08,Night,Line C,Product Alpha,1087,57,7,71.4,Coating Defect,Changeover,1023,0.0524,0.0064
2530,2025-10-09,Morning,Line A,Product Delta,1494,17,4,80.54,Dimensional Error,Maintenance,1473,0.0114,0.0027
2531,2025-10-09,Afternoon,Line A,Product Delta,1391,73,9,17.02,Assembly Error,Mechanical Failure,1309,0.0525,0.0065
2532,2025-10-09,Night,Line A,Product Beta,1336,60,9,32.95,Surface Defect,Quality Issue,1267,0.0449,0.0067
2533,2025-10-09,Morning,Line B,Product Gamma,1274,18,4,77.84,Coating Defect,Maintenance,1252,0.0141,0.0031
2534,2025-10-09,Afternoon,Line B,Product Delta,1241,59,7,63.98,Assembly Error,Material Shortage,1175,0.0475,0.0056
2535,2025-10-09,Night,Line B,Product Gamma,1139,48,6,33.99,Dimensional Error,Quality Issue,1085,0.0421,0.0053
2536,2025-10-09,Morning,Line C,Product Beta,1076,55,8,77.75,Assembly Error,Material Shortage,1013,0.0511,0.0074
2537,2025-10-09,Afternoon,Line C,Product Beta,1138,33,3,17.53,Surface Defect,Changeover,1102,0.029,0.0026
2538,2025-10-09,Night,Line C,Product Beta,986,24,4,64.87,Dimensional Error,Mechanical Failure,958,0.0243,0.0041
2539,2025-10-10,Morning,Line A,Product Alpha,1419,86,19,58.87,Dimensional Error,Quality Issue,1314,0.0606,0.0134
2540,2025-10-10,Afternoon,Line A,Product Delta,1491,36,6,77.96,Surface Defect,Material Shortage,1449,0.0241,0.004
2541,2025-10-10,Night,Line A,Product Alpha,1436,20,4,52.42,Surface Defect,Quality Issue,1412,0.0139,0.0028
2542,2025-10-10,Morning,Line B,Product Gamma,1325,31,3,66.51,Surface Defect,Maintenance,1291,0.0234,0.0023
2543,2025-10-10,Afternoon,Line B,Product Delta,1275,36,7,44.45,Assembly Error,Mechanical Failure,1232,0.0282,0.0055
2544,2025-10-10,Night,Line B,Product Alpha,1108,46,6,24.23,Coating Defect,Mechanical Failure,1056,0.0415,0.0054
2545,2025-10-10,Morning,Line C,Product Delta,1106,23,5,25.5,Assembly Error,Material Shortage,1078,0.0208,0.0045
2546,2025-10-10,Afternoon,Line C,Product Beta,1034,32,10,61.98,Surface Defect,Maintenance,992,0.0309,0.0097
2547,2025-10-10,Night,Line C,Product Beta,961,11,1,77.07,Coating Defect,Quality Issue,949,0.0114,0.001
2548,2025-10-11,Morning,Line A,Product Gamma,1432,29,7,36.89,Surface Defect,Quality Issue,1396,0.0203,0.0049
2549,2025-10-11,Afternoon,Line A,Product Gamma,1487,43,4,43.72,Assembly Error,Quality Issue,1440,0.0289,0.0027
2550,2025-10-11,Night,Line A,Product Gamma,1421,46,6,53.86,Dimensional Error,Quality Issue,1369,0.0324,0.0042
2551,2025-10-11,Morning,Line B,Product Gamma,1358,85,8,8.79,Coating Defect,,1265,0.0626,0.0059
2552,2025-10-11,Afternoon,Line B,Product Delta,1161,11,2,22.53,Surface Defect,Quality Issue,1148,0.0095,0.0017
2553,2025-10-11,Night,Line B,Product Alpha,1114,36,9,62.79,Surface Defect,Maintenance,1069,0.0323,0.0081
2554,2025-10-11,Morning,Line C,Product Beta,1064,31,5,55.44,Assembly Error,Changeover,1028,0.0291,0.0047
2555,2025-10-11,Afternoon,Line C,Product Delta,1034,35,7,16.12,Surface Defect,Quality Issue,992,0.0338,0.0068
2556,2025-10-11,Night,Line C,Product Alpha,972,22,4,20.49,Assembly Error,Maintenance,946,0.0226,0.0041
2557,2025-10-12,Morning,Line A,Product Beta,1414,34,9,26.83,Surface Defect,Quality Issue,1371,0.024,0.0064
2558,2025-10-12,Afternoon,Line A,Product Gamma,1414,20,5,72.36,Surface Defect,Material Shortage,1389,0.0141,0.0035
2559,2025-10-12,Night,Line A,Product Alpha,1440,41,12,62.88,Coating Defect,Quality Issue,1387,0.0285,0.0083
2560,2025-10-12,Morning,Line B,Product Alpha,1326,71,13,53.49,Dimensional Error,Quality Issue,1242,0.0535,0.0098
2561,2025-10-12,Afternoon,Line B,Product Delta,1336,73,15,43.85,Surface Defect,Mechanical Failure,1248,0.0546,0.0112
2562,2025-10-12,Night,Line B,Product Beta,1085,21,4,64.06,Surface Defect,Mechanical Failure,1060,0.0194,0.0037
2563,2025-10-12,Morning,Line C,Product Gamma,1155,66,12,19.51,Assembly Error,Material Shortage,1077,0.0571,0.0104
2564,2025-10-12,Afternoon,Line C,Product Alpha,1142,59,18,27.98,Assembly Error,Material Shortage,1065,0.0517,0.0158
2565,2025-10-12,Night,Line C,Product Delta,1094,38,9,62.62,Coating Defect,Material Shortage,1047,0.0347,0.0082
2566,2025-10-13,Morning,Line A,Product Delta,1429,78,7,31.82,Assembly Error,Quality Issue,1344,0.0546,0.0049
2567,2025-10-13,Afternoon,Line A,Product Gamma,1366,68,6,60.63,Surface Defect,Maintenance,1292,0.0498,0.0044
2568,2025-10-13,Night,Line A,Product Alpha,1366,17,2,64.85,Dimensional Error,Changeover,1347,0.0124,0.0015
2569,2025-10-13,Morning,Line B,Product Gamma,1289,29,8,35.54,Coating Defect,Maintenance,1252,0.0225,0.0062
2570,2025-10-13,Afternoon,Line B,Product Gamma,1294,26,5,27.18,Dimensional Error,Mechanical Failure,1263,0.0201,0.0039
2571,2025-10-13,Night,Line B,Product Delta,1248,42,4,72.76,Coating Defect,Changeover,1202,0.0337,0.0032
2572,2025-10-13,Morning,Line C,Product Beta,1209,36,9,66.93,Surface Defect,Changeover,1164,0.0298,0.0074
2573,2025-10-13,Afternoon,Line C,Product Beta,1079,34,8,35.01,Coating Defect,Quality Issue,1037,0.0315,0.0074
2574,2025-10-13,Night,Line C,Product Alpha,1054,26,5,10.79,Assembly Error,,1023,0.0247,0.0047
2575,2025-10-14,Morning,Line A,Product Delta,1435,20,2,23.15,Assembly Error,Quality Issue,1413,0.0139,0.0014
2576,2025-10-14,Afternoon,Line A,Product Delta,1398,19,2,21.04,Assembly Error,Material Shortage,1377,0.0136,0.0014
2577,2025-10-14,Night,Line A,Product Gamma,1306,11,3,20.73,Coating Defect,Mechanical Failure,1292,0.0084,0.0023
2578,2025-10-14,Morning,Line B,Product Gamma,1267,50,11,13.5,Dimensional Error,,1206,0.0395,0.0087
2579,2025-10-14,Afternoon,Line B,Product Alpha,1234,10,2,30.75,Assembly Error,Changeover,1222,0.0081,0.0016
2580,2025-10-14,Night,Line B,Product Delta,1122,18,3,72.25,Surface Defect,Changeover,1101,0.016,0.0027
2581,2025-10-14,Morning,Line C,Product Delta,1084,34,7,21.42,Surface Defect,Material Shortage,1043,0.0314,0.0065
2582,2025-10-14,Afternoon,Line C,Product Delta,1027,45,6,72.19,Assembly Error,Changeover,976,0.0438,0.0058
2583,2025-10-14,Night,Line C,Product Delta,984,9,1,44.35,Assembly Error,Maintenance,974,0.0091,0.001
2584,2025-10-15,Morning,Line A,Product Beta,1562,89,10,77.48,Coating Defect,Quality Issue,1463,0.057,0.0064
2585,2025-10-15,Afternoon,Line A,Product Beta,1436,43,13,32.3,Dimensional Error,Changeover,1380,0.0299,0.0091
2586,2025-10-15,Night,Line A,Product Gamma,1403,14,3,75.4,Surface Defect,Material Shortage,1386,0.01,0.0021
2587,2025-10-15,Morning,Line B,Product Delta,1221,56,5,19.32,Coating Defect,Mechanical Failure,1160,0.0459,0.0041
2588,2025-10-15,Afternoon,Line B,Product Gamma,1307,50,13,79.81,Coating Defect,Changeover,1244,0.0383,0.0099
2589,2025-10-15,Night,Line B,Product Delta,1184,24,7,35.3,Coating Defect,Maintenance,1153,0.0203,0.0059
2590,2025-10-15,Morning,Line C,Product Delta,1180,15,3,20.4,Surface Defect,Quality Issue,1162,0.0127,0.0025
2591,2025-10-15,Afternoon,Line C,Product Beta,1165,22,4,10.28,Dimensional Error,,1139,0.0189,0.0034
2592,2025-10-15,Night,Line C,Product Beta,1095,21,3,72.5,Assembly Error,Mechanical Failure,1071,0.0192,0.0027
2593,2025-10-16,Morning,Line A,Product Gamma,1494,50,4,18.84,Dimensional Error,Quality Issue,1440,0.0335,0.0027
2594,2025-10-16,Afternoon,Line A,Product Gamma,1518,21,5,79.33,Dimensional Error,Quality Issue,1492,0.0138,0.0033
2595,2025-10-16,Night,Line A,Product Gamma,1369,37,10,69.21,Coating Defect,Maintenance,1322,0.027,0.0073
2596,2025-10-16,Morning,Line B,Product Delta,1235,24,2,67.08,Surface Defect,Maintenance,1209,0.0194,0.0016
2597,2025-10-16,Afternoon,Line B,Product Beta,1221,64,19,74.06,Dimensional Error,Mechanical Failure,1138,0.0524,0.0156
2598,2025-10-16,Night,Line B,Product Beta,1256,55,10,34.99,Surface Defect,Quality Issue,1191,0.0438,0.008
2599,2025-10-16,Morning,Line C,Product Gamma,1099,60,17,9.01,Surface Defect,,1022,0.0546,0.0155
2600,2025-10-16,Afternoon,Line C,Product Alpha,1119,26,4,77.7,Coating Defect,Maintenance,1089,0.0232,0.0036
2601,2025-10-16,Night,Line C,Product Gamma,1069,41,4,14.77,Coating Defect,,1024,0.0384,0.0037
2602,2025-10-17,Morning,Line A,Product Alpha,1433,47,14,35.29,Dimensional Error,Quality Issue,1372,0.0328,0.0098
2603,2025-10-17,Afternoon,Line A,Product Beta,1512,29,6,79.01,Assembly Error,Mechanical Failure,1477,0.0192,0.004
2604,2025-10-17,Night,Line A,Product Gamma,1332,40,11,77.46,Surface Defect,Mechanical Failure,1281,0.03,0.0083
2605,2025-10-17,Morning,Line B,Product Delta,1225,38,10,70.39,Dimensional Error,Maintenance,1177,0.031,0.0082
2606,2025-10-17,Afternoon,Line B,Product Beta,1280,16,2,34.05,Coating Defect,Changeover,1262,0.0125,0.0016
2607,2025-10-17,Night,Line B,Product Beta,1194,19,3,55.86,Surface Defect,Changeover,1172,0.0159,0.0025
2608,2025-10-17,Morning,Line C,Product Beta,1192,53,7,68.17,Assembly Error,Quality Issue,1132,0.0445,0.0059
2609,2025-10-17,Afternoon,Line C,Product Alpha,1091,34,7,19.62,Assembly Error,Changeover,1050,0.0312,0.0064
2610,2025-10-17,Night,Line C,Product Beta,953,15,2,54.41,Coating Defect,Mechanical Failure,936,0.0157,0.0021
2611,2025-10-18,Morning,Line A,Product Delta,1524,58,16,73.41,Coating Defect,Changeover,1450,0.0381,0.0105
2612,2025-10-18,Afternoon,Line A,Product Alpha,1532,25,6,26.1,Surface Defect,Material Shortage,1501,0.0163,0.0039
2613,2025-10-18,Night,Line A,Product Alpha,1420,87,20,71.81,Dimensional Error,Maintenance,1313,0.0613,0.0141
2614,2025-10-18,Morning,Line B,Product Gamma,1338,14,2,54.47,Assembly Error,Maintenance,1322,0.0105,0.0015
2615,2025-10-18,Afternoon,Line B,Product Gamma,1200,34,7,42.79,Assembly Error,Changeover,1159,0.0283,0.0058
2616,2025-10-18,Night,Line B,Product Beta,1224,33,4,17.57,Coating Defect,Quality Issue,1187,0.027,0.0033
2617,2025-10-18,Morning,Line C,Product Gamma,1129,43,8,42.89,Dimensional Error,Changeover,1078,0.0381,0.0071
2618,2025-10-18,Afternoon,Line C,Product Beta,1109,39,9,68.39,Dimensional Error,Quality Issue,1061,0.0352,0.0081
2619,2025-10-18,Night,Line C,Product Gamma,993,31,3,25.51,Surface Defect,Maintenance,959,0.0312,0.003
2620,2025-10-19,Morning,Line A,Product Alpha,1428,85,11,46.6,Coating Defect,Changeover,1332,0.0595,0.0077
2621,2025-10-19,Afternoon,Line A,Product Beta,1428,88,12,28.27,Assembly Error,Changeover,1328,0.0616,0.0084
2622,2025-10-19,Night,Line A,Product Alpha,1406,24,2,70.68,Surface Defect,Changeover,1380,0.0171,0.0014
2623,2025-10-19,Morning,Line B,Product Beta,1244,51,4,56.99,Assembly Error,Changeover,1189,0.041,0.0032
2624,2025-10-19,Afternoon,Line B,Product Alpha,1196,72,9,82.79,Assembly Error,Maintenance,1115,0.0602,0.0075
2625,2025-10-19,Night,Line B,Product Gamma,1227,28,7,25.55,Surface Defect,Quality Issue,1192,0.0228,0.0057
2626,2025-10-19,Morning,Line C,Product Beta,1062,58,7,20.87,Assembly Error,Quality Issue,997,0.0546,0.0066
2627,2025-10-19,Afternoon,Line C,Product Alpha,1168,43,5,44.07,Dimensional Error,Changeover,1120,0.0368,0.0043
2628,2025-10-19,Night,Line C,Product Gamma,1045,35,9,72.0,Surface Defect,Material Shortage,1001,0.0335,0.0086
2629,2025-10-20,Morning,Line A,Product Alpha,1475,34,6,12.68,Coating Defect,,1435,0.0231,0.0041
2630,2025-10-20,Afternoon,Line A,Product Alpha,1453,58,6,19.54,Dimensional Error,Quality Issue,1389,0.0399,0.0041
2631,2025-10-20,Night,Line A,Product Alpha,1425,87,9,51.44,Coating Defect,Mechanical Failure,1329,0.0611,0.0063
2632,2025-10-20,Morning,Line B,Product Alpha,1356,49,6,70.58,Surface Defect,Quality Issue,1301,0.0361,0.0044
2633,2025-10-20,Afternoon,Line B,Product Gamma,1239,62,18,12.23,Surface Defect,,1159,0.05,0.0145
2634,2025-10-20,Night,Line B,Product Delta,1210,42,5,12.82,Coating Defect,,1163,0.0347,0.0041
2635,2025-10-20,Morning,Line C,Product Gamma,1209,30,5,41.11,Surface Defect,Maintenance,1174,0.0248,0.0041
2636,2025-10-20,Afternoon,Line C,Product Gamma,1123,11,1,18.33,Dimensional Error,Mechanical Failure,1111,0.0098,0.0009
2637,2025-10-20,Night,Line C,Product Beta,1076,16,1,38.14,Dimensional Error,Maintenance,1059,0.0149,0.0009
2638,2025-10-21,Morning,Line A,Product Delta,1499,92,21,54.31,Dimensional Error,Material Shortage,1386,0.0614,0.014
2639,2025-10-21,Afternoon,Line A,Product Beta,1394,86,8,53.55,Coating Defect,Quality Issue,1300,0.0617,0.0057
2640,2025-10-21,Night,Line A,Product Delta,1435,36,3,24.05,Coating Defect,Maintenance,1396,0.0251,0.0021
2641,2025-10-21,Morning,Line B,Product Gamma,1225,35,8,66.9,Dimensional Error,Quality Issue,1182,0.0286,0.0065
2642,2025-10-21,Afternoon,Line B,Product Beta,1280,80,7,77.0,Assembly Error,Quality Issue,1193,0.0625,0.0055
2643,2025-10-21,Night,Line B,Product Delta,1171,46,6,37.99,Assembly Error,Changeover,1119,0.0393,0.0051
2644,2025-10-21,Morning,Line C,Product Beta,1111,27,6,25.24,Assembly Error,Mechanical Failure,1078,0.0243,0.0054
2645,2025-10-21,Afternoon,Line C,Product Beta,1189,74,17,12.07,Coating Defect,,1098,0.0622,0.0143
2646,2025-10-21,Night,Line C,Product Alpha,1060,28,6,14.75,Assembly Error,,1026,0.0264,0.0057
2647,2025-10-22,Morning,Line A,Product Delta,1574,92,18,21.41,Dimensional Error,Mechanical Failure,1464,0.0584,0.0114
2648,2025-10-22,Afternoon,Line A,Product Alpha,1374,46,7,80.09,Assembly Error,Material Shortage,1321,0.0335,0.0051
2649,2025-10-22,Night,Line A,Product Delta,1344,85,19,10.85,Dimensional Error,,1240,0.0632,0.0141
2650,2025-10-22,Morning,Line B,Product Beta,1226,63,13,38.11,Surface Defect,Changeover,1150,0.0514,0.0106
2651,2025-10-22,Afternoon,Line B,Product Alpha,1239,68,10,48.64,Assembly Error,Material Shortage,1161,0.0549,0.0081
2652,2025-10-22,Night,Line B,Product Gamma,1089,63,11,75.46,Assembly Error,Mechanical Failure,1015,0.0579,0.0101
2653,2025-10-22,Morning,Line C,Product Alpha,1188,35,4,71.68,Coating Defect,Changeover,1149,0.0295,0.0034
2654,2025-10-22,Afternoon,Line C,Product Gamma,1125,33,6,65.67,Coating Defect,Quality Issue,1086,0.0293,0.0053
2655,2025-10-22,Night,Line C,Product Alpha,1109,69,12,57.43,Dimensional Error,Quality Issue,1028,0.0622,0.0108
2656,2025-10-23,Morning,Line A,Product Alpha,1503,87,26,60.23,Surface Defect,Changeover,1390,0.0579,0.0173
2657,2025-10-23,Afternoon,Line A,Product Alpha,1405,64,12,78.16,Surface Defect,Mechanical Failure,1329,0.0456,0.0085
2658,2025-10-23,Night,Line A,Product Beta,1364,20,5,76.13,Surface Defect,Changeover,1339,0.0147,0.0037
2659,2025-10-23,Morning,Line B,Product Delta,1253,22,7,58.81,Assembly Error,Maintenance,1224,0.0176,0.0056
2660,2025-10-23,Afternoon,Line B,Product Gamma,1292,60,18,16.68,Coating Defect,Quality Issue,1214,0.0464,0.0139
2661,2025-10-23,Night,Line B,Product Alpha,1241,58,11,15.01,Dimensional Error,Changeover,1172,0.0467,0.0089
2662,2025-10-23,Morning,Line C,Product Alpha,1106,15,2,17.98,Surface Defect,Changeover,1089,0.0136,0.0018
2663,2025-10-23,Afternoon,Line C,Product Gamma,1039,40,4,27.72,Surface Defect,Material Shortage,995,0.0385,0.0038
2664,2025-10-23,Night,Line C,Product Gamma,1016,39,6,53.39,Assembly Error,Mechanical Failure,971,0.0384,0.0059
2665,2025-10-24,Morning,Line A,Product Delta,1515,31,4,48.37,Coating Defect,Mechanical Failure,1480,0.0205,0.0026
2666,2025-10-24,Afternoon,Line A,Product Beta,1459,83,21,36.07,Coating Defect,Mechanical Failure,1355,0.0569,0.0144
2667,2025-10-24,Night,Line A,Product Alpha,1421,59,5,18.91,Dimensional Error,Material Shortage,1357,0.0415,0.0035
2668,2025-10-24,Morning,Line B,Product Delta,1371,14,1,58.45,Dimensional Error,Maintenance,1356,0.0102,0.0007
2669,2025-10-24,Afternoon,Line B,Product Gamma,1314,11,2,59.11,Dimensional Error,Maintenance,1301,0.0084,0.0015
2670,2025-10-24,Night,Line B,Product Gamma,1239,60,7,34.0,Dimensional Error,Mechanical Failure,1172,0.0484,0.0056
2671,2025-10-24,Morning,Line C,Product Alpha,1215,11,3,47.55,Coating Defect,Maintenance,1201,0.0091,0.0025
2672,2025-10-24,Afternoon,Line C,Product Alpha,1082,56,7,9.33,Surface Defect,,1019,0.0518,0.0065
2673,2025-10-24,Night,Line C,Product Alpha,1052,45,7,8.88,Dimensional Error,,1000,0.0428,0.0067
2674,2025-10-25,Morning,Line A,Product Gamma,1425,39,5,46.76,Dimensional Error,Quality Issue,1381,0.0274,0.0035
2675,2025-10-25,Afternoon,Line A,Product Delta,1530,51,4,15.64,Surface Defect,Quality Issue,1475,0.0333,0.0026
2676,2025-10-25,Night,Line A,Product Alpha,1363,23,5,26.0,Surface Defect,Changeover,1335,0.0169,0.0037
2677,2025-10-25,Morning,Line B,Product Gamma,1259,49,12,14.64,Coating Defect,,1198,0.0389,0.0095
2678,2025-10-25,Afternoon,Line B,Product Gamma,1219,30,8,33.9,Assembly Error,Maintenance,1181,0.0246,0.0066
2679,2025-10-25,Night,Line B,Product Beta,1090,42,7,79.25,Assembly Error,Quality Issue,1041,0.0385,0.0064
2680,2025-10-25,Morning,Line C,Product Beta,1218,26,3,43.98,Assembly Error,Material Shortage,1189,0.0213,0.0025
2681,2025-10-25,Afternoon,Line C,Product Gamma,1094,56,16,59.0,Surface Defect,Mechanical Failure,1022,0.0512,0.0146
2682,2025-10-25,Night,Line C,Product Delta,1104,58,17,75.28,Assembly Error,Changeover,1029,0.0525,0.0154
2683,2025-10-26,Morning,Line A,Product Alpha,1505,75,21,47.11,Surface Defect,Mechanical Failure,1409,0.0498,0.014
2684,2025-10-26,Afternoon,Line A,Product Delta,1387,65,11,13.32,Dimensional Error,,1311,0.0469,0.0079
2685,2025-10-26,Night,Line A,Product Beta,1341,29,8,46.16,Coating Defect,Maintenance,1304,0.0216,0.006
2686,2025-10-26,Morning,Line B,Product Delta,1280,50,14,15.27,Coating Defect,Mechanical Failure,1216,0.0391,0.0109
2687,2025-10-26,Afternoon,Line B,Product Delta,1274,43,10,37.48,Surface Defect,Changeover,1221,0.0338,0.0078
2688,2025-10-26,Night,Line B,Product Alpha,1154,28,4,27.62,Assembly Error,Material Shortage,1122,0.0243,0.0035
2689,2025-10-26,Morning,Line C,Product Alpha,1113,46,5,17.4,Coating Defect,Quality Issue,1062,0.0413,0.0045
2690,2025-10-26,Afternoon,Line C,Product Gamma,1075,16,3,14.29,Surface Defect,,1056,0.0149,0.0028
2691,2025-10-26,Night,Line C,Product Delta,1003,59,16,67.52,Dimensional Error,Changeover,928,0.0588,0.016
2692,2025-10-27,Morning,Line A,Product Beta,1524,66,15,66.46,Surface Defect,Maintenance,1443,0.0433,0.0098
2693,2025-10-27,Afternoon,Line A,Product Gamma,1372,34,7,79.28,Surface Defect,Material Shortage,1331,0.0248,0.0051
2694,2025-10-27,Night,Line A,Product Alpha,1285,46,8,46.55,Coating Defect,Mechanical Failure,1231,0.0358,0.0062
2695,2025-10-27,Morning,Line B,Product Delta,1375,58,16,22.66,Assembly Error,Material Shortage,1301,0.0422,0.0116
2696,2025-10-27,Afternoon,Line B,Product Delta,1314,27,6,68.82,Assembly Error,Maintenance,1281,0.0205,0.0046
2697,2025-10-27,Night,Line B,Product Delta,1203,64,14,40.1,Surface Defect,Maintenance,1125,0.0532,0.0116
2698,2025-10-27,Morning,Line C,Product Delta,1117,34,10,25.77,Assembly Error,Maintenance,1073,0.0304,0.009
2699,2025-10-27,Afternoon,Line C,Product Gamma,1163,64,15,8.58,Surface Defect,,1084,0.055,0.0129
2700,2025-10-27,Night,Line C,Product Gamma,1029,17,1,37.77,Surface Defect,Changeover,1011,0.0165,0.001
2701,2025-10-28,Morning,Line A,Product Alpha,1528,14,2,39.09,Dimensional Error,Maintenance,1512,0.0092,0.0013
2702,2025-10-28,Afternoon,Line A,Product Alpha,1537,18,5,9.65,Surface Defect,,1514,0.0117,0.0033
2703,2025-10-28,Night,Line A,Product Beta,1427,42,7,29.03,Dimensional Error,Mechanical Failure,1378,0.0294,0.0049
2704,2025-10-28,Morning,Line B,Product Delta,1278,54,5,37.74,Surface Defect,Maintenance,1219,0.0423,0.0039
2705,2025-10-28,Afternoon,Line B,Product Beta,1293,19,4,29.18,Coating Defect,Changeover,1270,0.0147,0.0031
2706,2025-10-28,Night,Line B,Product Gamma,1092,35,9,28.29,Surface Defect,Mechanical Failure,1048,0.0321,0.0082
2707,2025-10-28,Morning,Line C,Product Delta,1206,61,9,40.81,Surface Defect,Mechanical Failure,1136,0.0506,0.0075
2708,2025-10-28,Afternoon,Line C,Product Alpha,1059,27,5,42.26,Coating Defect,Changeover,1027,0.0255,0.0047
2709,2025-10-28,Night,Line C,Product Beta,1017,31,3,32.44,Assembly Error,Changeover,983,0.0305,0.0029
2710,2025-10-29,Morning,Line A,Product Delta,1439,82,14,33.82,Surface Defect,Mechanical Failure,1343,0.057,0.0097
2711,2025-10-29,Afternoon,Line A,Product Beta,1536,24,2,56.53,Coating Defect,Material Shortage,1510,0.0156,0.0013
2712,2025-10-29,Night,Line A,Product Beta,1331,52,9,45.23,Surface Defect,Mechanical Failure,1270,0.0391,0.0068
2713,2025-10-29,Morning,Line B,Product Alpha,1361,42,5,71.89,Coating Defect,Material Shortage,1314,0.0309,0.0037
2714,2025-10-29,Afternoon,Line B,Product Alpha,1242,56,6,24.09,Surface Defect,Quality Issue,1180,0.0451,0.0048
2715,2025-10-29,Night,Line B,Product Delta,1174,57,11,71.02,Surface Defect,Material Shortage,1106,0.0486,0.0094
2716,2025-10-29,Morning,Line C,Product Beta,1192,15,2,27.4,Assembly Error,Mechanical Failure,1175,0.0126,0.0017
2717,2025-10-29,Afternoon,Line C,Product Alpha,1077,10,2,44.83,Coating Defect,Material Shortage,1065,0.0093,0.0019
2718,2025-10-29,Night,Line C,Product Beta,1062,32,6,53.24,Coating Defect,Quality Issue,1024,0.0301,0.0056
2719,2025-10-30,Morning,Line A,Product Gamma,1440,17,4,36.66,Dimensional Error,Material Shortage,1419,0.0118,0.0028
2720,2025-10-30,Afternoon,Line A,Product Beta,1462,71,11,25.72,Assembly Error,Changeover,1380,0.0486,0.0075
2721,2025-10-30,Night,Line A,Product Beta,1328,47,7,69.16,Dimensional Error,Maintenance,1274,0.0354,0.0053
2722,2025-10-30,Morning,Line B,Product Delta,1299,45,9,30.29,Dimensional Error,Quality Issue,1245,0.0346,0.0069
2723,2025-10-30,Afternoon,Line B,Product Delta,1267,48,11,9.48,Assembly Error,,1208,0.0379,0.0087
2724,2025-10-30,Night,Line B,Product Beta,1242,50,5,62.51,Coating Defect,Quality Issue,1187,0.0403,0.004
2725,2025-10-30,Morning,Line C,Product Beta,1087,28,2,68.52,Dimensional Error,Changeover,1057,0.0258,0.0018
2726,2025-10-30,Afternoon,Line C,Product Gamma,1112,68,6,70.52,Dimensional Error,Mechanical Failure,1038,0.0612,0.0054
2727,2025-10-30,Night,Line C,Product Beta,1062,43,8,10.38,Dimensional Error,,1011,0.0405,0.0075
2728,2025-10-31,Morning,Line A,Product Gamma,1432,83,16,23.49,Coating Defect,Maintenance,1333,0.058,0.0112
2729,2025-10-31,Afternoon,Line A,Product Delta,1388,39,6,29.32,Surface Defect,Changeover,1343,0.0281,0.0043
2730,2025-10-31,Night,Line A,Product Delta,1323,47,12,19.66,Surface Defect,Changeover,1264,0.0355,0.0091
2731,2025-10-31,Morning,Line B,Product Alpha,1306,81,16,71.95,Coating Defect,Changeover,1209,0.062,0.0123
2732,2025-10-31,Afternoon,Line B,Product Gamma,1311,63,9,35.76,Dimensional Error,Material Shortage,1239,0.0481,0.0069
2733,2025-10-31,Night,Line B,Product Delta,1169,72,21,58.02,Surface Defect,Maintenance,1076,0.0616,0.018
2734,2025-10-31,Morning,Line C,Product Gamma,1081,31,9,33.44,Coating Defect,Mechanical Failure,1041,0.0287,0.0083
2735,2025-10-31,Afternoon,Line C,Product Alpha,1095,12,2,30.3,Coating Defect,Maintenance,1081,0.011,0.0018
2736,2025-10-31,Night,Line C,Product Beta,1112,36,7,22.98,Surface Defect,Mechanical Failure,1069,0.0324,0.0063
2737,2025-11-01,Morning,Line A,Product Gamma,1418,15,3,60.63,Dimensional Error,Maintenance,1400,0.0106,0.0021
2738,2025-11-01,Afternoon,Line A,Product Delta,1457,63,10,82.5,Assembly Error,Mechanical Failure,1384,0.0432,0.0069
2739,2025-11-01,Night,Line A,Product Delta,1297,12,1,25.23,Coating Defect,Changeover,1284,0.0093,0.0008
2740,2025-11-01,Morning,Line B,Product Beta,1320,48,9,35.53,Assembly Error,Quality Issue,1263,0.0364,0.0068
2741,2025-11-01,Afternoon,Line B,Product Beta,1192,67,9,65.42,Coating Defect,Quality Issue,1116,0.0562,0.0076
2742,2025-11-01,Night,Line B,Product Alpha,1211,76,16,9.17,Dimensional Error,,1119,0.0628,0.0132
2743,2025-11-01,Morning,Line C,Product Delta,1202,36,4,19.22,Assembly Error,Maintenance,1162,0.03,0.0033
2744,2025-11-01,Afternoon,Line C,Product Alpha,1055,47,13,66.48,Assembly Error,Changeover,995,0.0445,0.0123
2745,2025-11-01,Night,Line C,Product Delta,1097,64,9,51.16,Assembly Error,Mechanical Failure,1024,0.0583,0.0082
2746,2025-11-02,Morning,Line A,Product Gamma,1471,35,6,42.39,Assembly Error,Changeover,1430,0.0238,0.0041
2747,2025-11-02,Afternoon,Line A,Product Alpha,1502,83,18,78.06,Dimensional Error,Changeover,1401,0.0553,0.012
2748,2025-11-02,Night,Line A,Product Gamma,1389,49,12,28.98,Surface Defect,Quality Issue,1328,0.0353,0.0086
2749,2025-11-02,Morning,Line B,Product Delta,1350,38,8,35.45,Surface Defect,Mechanical Failure,1304,0.0281,0.0059
2750,2025-11-02,Afternoon,Line B,Product Delta,1297,52,8,24.49,Surface Defect,Maintenance,1237,0.0401,0.0062
2751,2025-11-02,Night,Line B,Product Delta,1209,49,6,71.82,Assembly Error,Maintenance,1154,0.0405,0.005
2752,2025-11-02,Morning,Line C,Product Alpha,1157,62,14,11.67,Dimensional Error,,1081,0.0536,0.0121
2753,2025-11-02,Afternoon,Line C,Product Delta,1058,45,11,19.81,Surface Defect,Changeover,1002,0.0425,0.0104
2754,2025-11-02,Night,Line C,Product Gamma,1046,58,15,62.54,Dimensional Error,Quality Issue,973,0.0554,0.0143
2755,2025-11-03,Morning,Line A,Product Gamma,1442,50,8,37.46,Surface Defect,Mechanical Failure,1384,0.0347,0.0055
2756,2025-11-03,Afternoon,Line A,Product Gamma,1457,68,15,27.68,Surface Defect,Mechanical Failure,1374,0.0467,0.0103
2757,2025-11-03,Night,Line A,Product Alpha,1394,46,4,8.05,Surface Defect,,1344,0.033,0.0029
2758,2025-11-03,Morning,Line B,Product Delta,1376,31,6,19.77,Assembly Error,Maintenance,1339,0.0225,0.0044
2759,2025-11-03,Afternoon,Line B,Product Alpha,1230,14,3,35.37,Assembly Error,Changeover,1213,0.0114,0.0024
2760,2025-11-03,Night,Line B,Product Beta,1138,69,11,11.44,Surface Defect,,1058,0.0606,0.0097
2761,2025-11-03,Morning,Line C,Product Alpha,1160,26,7,41.12,Coating Defect,Quality Issue,1127,0.0224,0.006
2762,2025-11-03,Afternoon,Line C,Product Delta,1151,25,4,66.53,Dimensional Error,Maintenance,1122,0.0217,0.0035
2763,2025-11-03,Night,Line C,Product Delta,1033,34,7,63.29,Dimensional Error,Material Shortage,992,0.0329,0.0068
2764,2025-11-04,Morning,Line A,Product Gamma,1543,60,14,66.36,Dimensional Error,Changeover,1469,0.0389,0.0091
2765,2025-11-04,Afternoon,Line A,Product Gamma,1362,17,5,59.41,Assembly Error,Mechanical Failure,1340,0.0125,0.0037
2766,2025-11-04,Night,Line A,Product Alpha,1429,66,13,47.59,Dimensional Error,Maintenance,1350,0.0462,0.0091
2767,2025-11-04,Morning,Line B,Product Delta,1256,41,11,22.94,Assembly Error,Mechanical Failure,1204,0.0326,0.0088
2768,2025-11-04,Afternoon,Line B,Product Beta,1264,43,6,48.72,Assembly Error,Maintenance,1215,0.034,0.0047
2769,2025-11-04,Night,Line B,Product Alpha,1138,23,6,48.05,Dimensional Error,Maintenance,1109,0.0202,0.0053
2770,2025-11-04,Morning,Line C,Product Gamma,1184,25,4,29.0,Surface Defect,Material Shortage,1155,0.0211,0.0034
2771,2025-11-04,Afternoon,Line C,Product Beta,1162,42,5,72.75,Coating Defect,Quality Issue,1115,0.0361,0.0043
2772,2025-11-04,Night,Line C,Product Delta,1086,30,7,26.16,Coating Defect,Changeover,1049,0.0276,0.0064
2773,2025-11-05,Morning,Line A,Product Delta,1468,41,9,60.65,Surface Defect,Material Shortage,1418,0.0279,0.0061
2774,2025-11-05,Afternoon,Line A,Product Beta,1447,20,4,74.51,Dimensional Error,Mechanical Failure,1423,0.0138,0.0028
2775,2025-11-05,Night,Line A,Product Gamma,1440,45,5,8.41,Dimensional Error,,1390,0.0312,0.0035
2776,2025-11-05,Morning,Line B,Product Gamma,1232,50,11,12.17,Surface Defect,,1171,0.0406,0.0089
2777,2025-11-05,Afternoon,Line B,Product Gamma,1303,29,7,53.97,Surface Defect,Material Shortage,1267,0.0223,0.0054
2778,2025-11-05,Night,Line B,Product Gamma,1245,50,6,14.11,Dimensional Error,,1189,0.0402,0.0048
2779,2025-11-05,Morning,Line C,Product Alpha,1173,28,5,27.09,Assembly Error,Mechanical Failure,1140,0.0239,0.0043
2780,2025-11-05,Afternoon,Line C,Product Beta,1141,37,7,8.93,Coating Defect,,1097,0.0324,0.0061
2781,2025-11-05,Night,Line C,Product Delta,1000,34,9,55.6,Surface Defect,Maintenance,957,0.034,0.009
2782,2025-11-06,Morning,Line A,Product Beta,1583,67,15,17.59,Coating Defect,Changeover,1501,0.0423,0.0095
2783,2025-11-06,Afternoon,Line A,Product Alpha,1527,64,9,40.66,Surface Defect,Quality Issue,1454,0.0419,0.0059
2784,2025-11-06,Night,Line A,Product Gamma,1428,63,5,27.91,Dimensional Error,Quality Issue,1360,0.0441,0.0035
2785,2025-11-06,Morning,Line B,Product Alpha,1275,41,5,81.12,Dimensional Error,Maintenance,1229,0.0322,0.0039
2786,2025-11-06,Afternoon,Line B,Product Alpha,1262,53,6,64.15,Dimensional Error,Changeover,1203,0.042,0.0048
2787,2025-11-06,Night,Line B,Product Alpha,1199,75,9,54.04,Assembly Error,Mechanical Failure,1115,0.0626,0.0075
2788,2025-11-06,Morning,Line C,Product Gamma,1057,11,2,20.69,Assembly Error,Quality Issue,1044,0.0104,0.0019
2789,2025-11-06,Afternoon,Line C,Product Alpha,1106,63,7,76.02,Dimensional Error,Changeover,1036,0.057,0.0063
2790,2025-11-06,Night,Line C,Product Beta,1081,51,8,42.5,Surface Defect,Material Shortage,1022,0.0472,0.0074
2791,2025-11-07,Morning,Line A,Product Delta,1432,52,6,17.46,Coating Defect,Mechanical Failure,1374,0.0363,0.0042
2792,2025-11-07,Afternoon,Line A,Product Gamma,1459,30,5,77.17,Assembly Error,Maintenance,1424,0.0206,0.0034
2793,2025-11-07,Night,Line A,Product Gamma,1305,77,11,19.63,Dimensional Error,Quality Issue,1217,0.059,0.0084
2794,2025-11-07,Morning,Line B,Product Gamma,1236,54,16,38.25,Coating Defect,Maintenance,1166,0.0437,0.0129
2795,2025-11-07,Afternoon,Line B,Product Beta,1188,71,15,79.41,Dimensional Error,Changeover,1102,0.0598,0.0126
2796,2025-11-07,Night,Line B,Product Gamma,1199,74,20,46.0,Dimensional Error,Material Shortage,1105,0.0617,0.0167
2797,2025-11-07,Morning,Line C,Product Delta,1109,65,10,32.78,Assembly Error,Changeover,1034,0.0586,0.009
2798,2025-11-07,Afternoon,Line C,Product Gamma,1116,21,6,59.89,Dimensional Error,Mechanical Failure,1089,0.0188,0.0054
2799,2025-11-07,Night,Line C,Product Beta,1085,58,10,66.82,Dimensional Error,Material Shortage,1017,0.0535,0.0092
2800,2025-11-08,Morning,Line A,Product Gamma,1559,33,9,45.3,Assembly Error,Quality Issue,1517,0.0212,0.0058
2801,2025-11-08,Afternoon,Line A,Product Delta,1364,15,3,31.92,Coating Defect,Mechanical Failure,1346,0.011,0.0022
2802,2025-11-08,Night,Line A,Product Gamma,1357,55,12,79.87,Dimensional Error,Material Shortage,1290,0.0405,0.0088
2803,2025-11-08,Morning,Line B,Product Delta,1228,33,4,8.9,Dimensional Error,,1191,0.0269,0.0033
2804,2025-11-08,Afternoon,Line B,Product Alpha,1218,38,5,39.76,Dimensional Error,Mechanical Failure,1175,0.0312,0.0041
2805,2025-11-08,Night,Line B,Product Alpha,1133,60,6,47.62,Coating Defect,Mechanical Failure,1067,0.053,0.0053
2806,2025-11-08,Morning,Line C,Product Gamma,1133,38,5,8.67,Coating Defect,,1090,0.0335,0.0044
2807,2025-11-08,Afternoon,Line C,Product Gamma,1170,14,4,49.22,Assembly Error,Maintenance,1152,0.012,0.0034
2808,2025-11-08,Night,Line C,Product Delta,1124,64,10,74.8,Assembly Error,Changeover,1050,0.0569,0.0089
2809,2025-11-09,Morning,Line A,Product Delta,1515,71,20,14.38,Assembly Error,,1424,0.0469,0.0132
2810,2025-11-09,Afternoon,Line A,Product Alpha,1467,42,9,40.66,Assembly Error,Quality Issue,1416,0.0286,0.0061
2811,2025-11-09,Night,Line A,Product Beta,1412,80,23,72.84,Coating Defect,Material Shortage,1309,0.0567,0.0163
2812,2025-11-09,Morning,Line B,Product Alpha,1242,62,8,69.93,Coating Defect,Maintenance,1172,0.0499,0.0064
2813,2025-11-09,Afternoon,Line B,Product Delta,1192,16,3,20.03,Surface Defect,Changeover,1173,0.0134,0.0025
2814,2025-11-09,Night,Line B,Product Beta,1242,31,6,14.44,Assembly Error,,1205,0.025,0.0048
2815,2025-11-09,Morning,Line C,Product Gamma,1111,43,6,44.36,Dimensional Error,Material Shortage,1062,0.0387,0.0054
2816,2025-11-09,Afternoon,Line C,Product Alpha,1074,19,2,76.46,Dimensional Error,Changeover,1053,0.0177,0.0019
2817,2025-11-09,Night,Line C,Product Alpha,1098,60,18,27.3,Surface Defect,Maintenance,1020,0.0546,0.0164
2818,2025-11-10,Morning,Line A,Product Alpha,1508,80,8,64.68,Coating Defect,Maintenance,1420,0.0531,0.0053
2819,2025-11-10,Afternoon,Line A,Product Gamma,1453,44,9,36.86,Surface Defect,Material Shortage,1400,0.0303,0.0062
2820,2025-11-10,Night,Line A,Product Beta,1278,16,3,37.47,Assembly Error,Quality Issue,1259,0.0125,0.0023
2821,2025-11-10,Morning,Line B,Product Gamma,1221,33,9,60.15,Dimensional Error,Material Shortage,1179,0.027,0.0074
2822,2025-11-10,Afternoon,Line B,Product Gamma,1279,73,12,41.79,Assembly Error,Changeover,1194,0.0571,0.0094
2823,2025-11-10,Night,Line B,Product Gamma,1155,61,14,21.15,Coating Defect,Maintenance,1080,0.0528,0.0121
2824,2025-11-10,Morning,Line C,Product Gamma,1158,64,17,34.05,Coating Defect,Material Shortage,1077,0.0553,0.0147
2825,2025-11-10,Afternoon,Line C,Product Delta,1105,24,6,74.02,Assembly Error,Quality Issue,1075,0.0217,0.0054
2826,2025-11-10,Night,Line C,Product Beta,1047,27,8,29.4,Surface Defect,Material Shortage,1012,0.0258,0.0076
2827,2025-11-11,Morning,Line A,Product Beta,1478,36,11,74.74,Dimensional Error,Material Shortage,1431,0.0244,0.0074
2828,2025-11-11,Afternoon,Line A,Product Gamma,1442,39,12,80.73,Surface Defect,Quality Issue,1391,0.027,0.0083
2829,2025-11-11,Night,Line A,Product Beta,1342,76,16,39.2,Coating Defect,Material Shortage,1250,0.0566,0.0119
2830,2025-11-11,Morning,Line B,Product Alpha,1348,26,5,76.2,Surface Defect,Mechanical Failure,1317,0.0193,0.0037
2831,2025-11-11,Afternoon,Line B,Product Alpha,1337,28,3,60.79,Surface Defect,Material Shortage,1306,0.0209,0.0022
2832,2025-11-11,Night,Line B,Product Beta,1096,63,11,65.04,Surface Defect,Maintenance,1022,0.0575,0.01
2833,2025-11-11,Morning,Line C,Product Alpha,1061,48,10,27.44,Surface Defect,Material Shortage,1003,0.0452,0.0094
2834,2025-11-11,Afternoon,Line C,Product Beta,1018,52,6,73.41,Surface Defect,Quality Issue,960,0.0511,0.0059
2835,2025-11-11,Night,Line C,Product Delta,1059,59,13,46.32,Surface Defect,Material Shortage,987,0.0557,0.0123
2836,2025-11-12,Morning,Line A,Product Alpha,1452,45,4,48.2,Coating Defect,Maintenance,1403,0.031,0.0028
2837,2025-11-12,Afternoon,Line A,Product Beta,1457,67,8,14.45,Surface Defect,,1382,0.046,0.0055
2838,2025-11-12,Night,Line A,Product Gamma,1303,16,4,9.51,Assembly Error,,1283,0.0123,0.0031
2839,2025-11-12,Morning,Line B,Product Alpha,1237,74,22,74.1,Coating Defect,Changeover,1141,0.0598,0.0178
2840,2025-11-12,Afternoon,Line B,Product Beta,1321,26,6,26.36,Coating Defect,Changeover,1289,0.0197,0.0045
2841,2025-11-12,Night,Line B,Product Gamma,1195,43,11,40.44,Coating Defect,Changeover,1141,0.036,0.0092
2842,2025-11-12,Morning,Line C,Product Delta,1044,49,9,40.93,Dimensional Error,Mechanical Failure,986,0.0469,0.0086
2843,2025-11-12,Afternoon,Line C,Product Beta,1163,40,8,23.77,Surface Defect,Mechanical Failure,1115,0.0344,0.0069
2844,2025-11-12,Night,Line C,Product Delta,1081,11,2,9.02,Coating Defect,,1068,0.0102,0.0019
2845,2025-11-13,Morning,Line A,Product Alpha,1467,88,25,21.3,Dimensional Error,Quality Issue,1354,0.06,0.017
2846,2025-11-13,Afternoon,Line A,Product Gamma,1524,49,7,22.87,Assembly Error,Quality Issue,1468,0.0322,0.0046
2847,2025-11-13,Night,Line A,Product Delta,1365,60,14,43.47,Surface Defect,Material Shortage,1291,0.044,0.0103
2848,2025-11-13,Morning,Line B,Product Beta,1198,11,1,62.77,Dimensional Error,Maintenance,1186,0.0092,0.0008
2849,2025-11-13,Afternoon,Line B,Product Beta,1219,31,3,12.01,Coating Defect,,1185,0.0254,0.0025
2850,2025-11-13,Night,Line B,Product Gamma,1179,17,4,64.31,Assembly Error,Quality Issue,1158,0.0144,0.0034
2851,2025-11-13,Morning,Line C,Product Gamma,1047,42,8,68.38,Dimensional Error,Maintenance,997,0.0401,0.0076
2852,2025-11-13,Afternoon,Line C,Product Alpha,1126,23,2,38.27,Assembly Error,Quality Issue,1101,0.0204,0.0018
2853,2025-11-13,Night,Line C,Product Beta,973,44,7,19.95,Surface Defect,Maintenance,922,0.0452,0.0072
2854,2025-11-14,Morning,Line A,Product Delta,1483,42,7,33.83,Dimensional Error,Material Shortage,1434,0.0283,0.0047
2855,2025-11-14,Afternoon,Line A,Product Alpha,1396,37,9,55.42,Assembly Error,Maintenance,1350,0.0265,0.0064
2856,2025-11-14,Night,Line A,Product Delta,1339,63,9,13.7,Dimensional Error,,1267,0.0471,0.0067
2857,2025-11-14,Morning,Line B,Product Delta,1311,22,5,51.89,Surface Defect,Maintenance,1284,0.0168,0.0038
2858,2025-11-14,Afternoon,Line B,Product Delta,1247,40,8,62.19,Surface Defect,Quality Issue,1199,0.0321,0.0064
2859,2025-11-14,Night,Line B,Product Delta,1118,11,1,37.83,Coating Defect,Changeover,1106,0.0098,0.0009
2860,2025-11-14,Morning,Line C,Product Delta,1115,60,11,33.36,Surface Defect,Mechanical Failure,1044,0.0538,0.0099
2861,2025-11-14,Afternoon,Line C,Product Delta,1081,32,3,53.55,Coating Defect,Changeover,1046,0.0296,0.0028
2862,2025-11-14,Night,Line C,Product Gamma,1104,47,11,47.01,Dimensional Error,Mechanical Failure,1046,0.0426,0.01
2863,2025-11-15,Morning,Line A,Product Gamma,1468,39,7,29.89,Assembly Error,Quality Issue,1422,0.0266,0.0048
2864,2025-11-15,Afternoon,Line A,Product Delta,1501,35,3,80.15,Assembly Error,Maintenance,1463,0.0233,0.002
2865,2025-11-15,Night,Line A,Product Delta,1443,36,6,15.99,Surface Defect,Maintenance,1401,0.0249,0.0042
2866,2025-11-15,Morning,Line B,Product Delta,1222,57,16,47.1,Surface Defect,Quality Issue,1149,0.0466,0.0131
2867,2025-11-15,Afternoon,Line B,Product Gamma,1256,55,5,68.9,Coating Defect,Maintenance,1196,0.0438,0.004
2868,2025-11-15,Night,Line B,Product Gamma,1095,43,7,12.21,Surface Defect,,1045,0.0393,0.0064
2869,2025-11-15,Morning,Line C,Product Delta,1106,33,5,12.01,Assembly Error,,1068,0.0298,0.0045
2870,2025-11-15,Afternoon,Line C,Product Delta,1098,48,10,14.29,Assembly Error,,1040,0.0437,0.0091
2871,2025-11-15,Night,Line C,Product Beta,955,52,13,81.76,Assembly Error,Mechanical Failure,890,0.0545,0.0136
2872,2025-11-16,Morning,Line A,Product Gamma,1411,55,5,26.88,Dimensional Error,Material Shortage,1351,0.039,0.0035
2873,2025-11-16,Afternoon,Line A,Product Delta,1537,89,23,56.03,Coating Defect,Changeover,1425,0.0579,0.015
2874,2025-11-16,Night,Line A,Product Alpha,1395,54,8,79.85,Surface Defect,Mechanical Failure,1333,0.0387,0.0057
2875,2025-11-16,Morning,Line B,Product Gamma,1335,46,6,41.38,Assembly Error,Maintenance,1283,0.0345,0.0045
2876,2025-11-16,Afternoon,Line B,Product Gamma,1246,20,3,53.53,Dimensional Error,Quality Issue,1223,0.0161,0.0024
2877,2025-11-16,Night,Line B,Product Beta,1245,19,3,51.34,Coating Defect,Quality Issue,1223,0.0153,0.0024
2878,2025-11-16,Morning,Line C,Product Delta,1109,20,2,55.62,Assembly Error,Changeover,1087,0.018,0.0018
2879,2025-11-16,Afternoon,Line C,Product Alpha,1066,12,3,10.09,Coating Defect,,1051,0.0113,0.0028
2880,2025-11-16,Night,Line C,Product Beta,1114,66,11,29.45,Dimensional Error,Changeover,1037,0.0592,0.0099
2881,2025-11-17,Morning,Line A,Product Beta,1456,84,7,46.14,Coating Defect,Quality Issue,1365,0.0577,0.0048
2882,2025-11-17,Afternoon,Line A,Product Beta,1524,26,4,48.27,Assembly Error,Mechanical Failure,1494,0.0171,0.0026
2883,2025-11-17,Night,Line A,Product Gamma,1376,75,16,14.08,Surface Defect,,1285,0.0545,0.0116
2884,2025-11-17,Morning,Line B,Product Alpha,1272,36,8,55.24,Dimensional Error,Changeover,1228,0.0283,0.0063
2885,2025-11-17,Afternoon,Line B,Product Beta,1317,28,4,32.38,Assembly Error,Quality Issue,1285,0.0213,0.003
2886,2025-11-17,Night,Line B,Product Beta,1130,26,4,34.31,Coating Defect,Quality Issue,1100,0.023,0.0035
2887,2025-11-17,Morning,Line C,Product Gamma,1216,65,8,35.92,Dimensional Error,Material Shortage,1143,0.0535,0.0066
2888,2025-11-17,Afternoon,Line C,Product Gamma,1081,38,6,8.43,Assembly Error,,1037,0.0352,0.0056
2889,2025-11-17,Night,Line C,Product Beta,1008,40,10,62.11,Assembly Error,Quality Issue,958,0.0397,0.0099
2890,2025-11-18,Morning,Line A,Product Beta,1538,50,11,23.25,Dimensional Error,Changeover,1477,0.0325,0.0072
2891,2025-11-18,Afternoon,Line A,Product Alpha,1408,61,12,66.19,Dimensional Error,Changeover,1335,0.0433,0.0085
2892,2025-11-18,Night,Line A,Product Beta,1340,33,3,26.52,Surface Defect,Mechanical Failure,1304,0.0246,0.0022
2893,2025-11-18,Morning,Line B,Product Delta,1356,47,11,13.35,Assembly Error,,1298,0.0347,0.0081
2894,2025-11-18,Afternoon,Line B,Product Delta,1165,14,4,79.38,Surface Defect,Mechanical Failure,1147,0.012,0.0034
2895,2025-11-18,Night,Line B,Product Beta,1088,12,2,16.84,Coating Defect,Mechanical Failure,1074,0.011,0.0018
2896,2025-11-18,Morning,Line C,Product Gamma,1188,40,11,73.56,Surface Defect,Maintenance,1137,0.0337,0.0093
2897,2025-11-18,Afternoon,Line C,Product Alpha,1189,46,5,32.71,Surface Defect,Changeover,1138,0.0387,0.0042
2898,2025-11-18,Night,Line C,Product Delta,1025,13,4,41.64,Dimensional Error,Changeover,1008,0.0127,0.0039
2899,2025-11-19,Morning,Line A,Product Beta,1483,39,5,58.39,Assembly Error,Maintenance,1439,0.0263,0.0034
2900,2025-11-19,Afternoon,Line A,Product Delta,1491,49,12,42.66,Assembly Error,Quality Issue,1430,0.0329,0.008
2901,2025-11-19,Night,Line A,Product Delta,1361,27,6,31.38,Surface Defect,Mechanical Failure,1328,0.0198,0.0044
2902,2025-11-19,Morning,Line B,Product Beta,1210,48,13,73.27,Surface Defect,Quality Issue,1149,0.0397,0.0107
2903,2025-11-19,Afternoon,Line B,Product Beta,1161,23,4,33.4,Coating Defect,Maintenance,1134,0.0198,0.0034
2904,2025-11-19,Night,Line B,Product Alpha,1131,66,9,17.15,Surface Defect,Maintenance,1056,0.0584,0.008
2905,2025-11-19,Morning,Line C,Product Gamma,1053,22,5,33.5,Coating Defect,Changeover,1026,0.0209,0.0047
2906,2025-11-19,Afternoon,Line C,Product Delta,1012,22,2,59.31,Coating Defect,Changeover,988,0.0217,0.002
2907,2025-11-19,Night,Line C,Product Alpha,1080,24,6,29.04,Surface Defect,Maintenance,1050,0.0222,0.0056
2908,2025-11-20,Morning,Line A,Product Alpha,1416,14,4,65.65,Dimensional Error,Quality Issue,1398,0.0099,0.0028
2909,2025-11-20,Afternoon,Line A,Product Beta,1477,33,9,12.28,Dimensional Error,,1435,0.0223,0.0061
2910,2025-11-20,Night,Line A,Product Alpha,1290,77,12,74.51,Dimensional Error,Quality Issue,1201,0.0597,0.0093
2911,2025-11-20,Morning,Line B,Product Alpha,1234,31,3,51.2,Surface Defect,Mechanical Failure,1200,0.0251,0.0024
2912,2025-11-20,Afternoon,Line B,Product Alpha,1332,59,13,34.33,Surface Defect,Quality Issue,1260,0.0443,0.0098
2913,2025-11-20,Night,Line B,Product Gamma,1228,11,1,8.05,Surface Defect,,1216,0.009,0.0008
2914,2025-11-20,Morning,Line C,Product Gamma,1112,59,5,63.61,Coating Defect,Mechanical Failure,1048,0.0531,0.0045
2915,2025-11-20,Afternoon,Line C,Product Delta,1018,26,6,47.18,Dimensional Error,Material Shortage,986,0.0255,0.0059
2916,2025-11-20,Night,Line C,Product Beta,1021,34,6,58.18,Coating Defect,Material Shortage,981,0.0333,0.0059
2917,2025-11-21,Morning,Line A,Product Beta,1538,47,8,70.98,Surface Defect,Quality Issue,1483,0.0306,0.0052
2918,2025-11-21,Afternoon,Line A,Product Delta,1512,18,1,58.96,Dimensional Error,Maintenance,1493,0.0119,0.0007
2919,2025-11-21,Night,Line A,Product Delta,1359,50,5,55.51,Dimensional Error,Maintenance,1304,0.0368,0.0037
2920,2025-11-21,Morning,Line B,Product Beta,1363,51,7,74.0,Coating Defect,Mechanical Failure,1305,0.0374,0.0051
2921,2025-11-21,Afternoon,Line B,Product Delta,1255,56,16,50.6,Surface Defect,Mechanical Failure,1183,0.0446,0.0127
2922,2025-11-21,Night,Line B,Product Delta,1249,33,8,61.81,Coating Defect,Material Shortage,1208,0.0264,0.0064
2923,2025-11-21,Morning,Line C,Product Gamma,1057,28,4,11.06,Surface Defect,,1025,0.0265,0.0038
2924,2025-11-21,Afternoon,Line C,Product Beta,1157,20,2,60.61,Coating Defect,Material Shortage,1135,0.0173,0.0017
2925,2025-11-21,Night,Line C,Product Alpha,1089,13,4,80.84,Coating Defect,Mechanical Failure,1072,0.0119,0.0037
2926,2025-11-22,Morning,Line A,Product Beta,1548,78,7,32.8,Assembly Error,Changeover,1463,0.0504,0.0045
2927,2025-11-22,Afternoon,Line A,Product Beta,1416,40,7,51.84,Dimensional Error,Changeover,1369,0.0282,0.0049
2928,2025-11-22,Night,Line A,Product Beta,1448,69,19,19.35,Coating Defect,Quality Issue,1360,0.0477,0.0131
2929,2025-11-22,Morning,Line B,Product Gamma,1250,53,6,44.61,Coating Defect,Changeover,1191,0.0424,0.0048
2930,2025-11-22,Afternoon,Line B,Product Delta,1168,51,9,22.38,Dimensional Error,Maintenance,1108,0.0437,0.0077
2931,2025-11-22,Night,Line B,Product Beta,1242,56,8,11.49,Coating Defect,,1178,0.0451,0.0064
2932,2025-11-22,Morning,Line C,Product Gamma,1108,65,11,45.98,Dimensional Error,Mechanical Failure,1032,0.0587,0.0099
2933,2025-11-22,Afternoon,Line C,Product Delta,1144,35,10,8.96,Dimensional Error,,1099,0.0306,0.0087
2934,2025-11-22,Night,Line C,Product Gamma,947,35,9,42.72,Surface Defect,Quality Issue,903,0.037,0.0095
2935,2025-11-23,Morning,Line A,Product Alpha,1418,20,4,48.93,Coating Defect,Changeover,1394,0.0141,0.0028
2936,2025-11-23,Afternoon,Line A,Product Alpha,1371,74,21,48.84,Coating Defect,Changeover,1276,0.054,0.0153
2937,2025-11-23,Night,Line A,Product Delta,1345,49,11,48.27,Dimensional Error,Changeover,1285,0.0364,0.0082
2938,2025-11-23,Morning,Line B,Product Delta,1339,28,8,19.49,Surface Defect,Maintenance,1303,0.0209,0.006
2939,2025-11-23,Afternoon,Line B,Product Delta,1316,67,19,11.36,Dimensional Error,,1230,0.0509,0.0144
2940,2025-11-23,Night,Line B,Product Gamma,1090,68,19,53.75,Surface Defect,Material Shortage,1003,0.0624,0.0174
2941,2025-11-23,Morning,Line C,Product Delta,1124,51,13,75.99,Coating Defect,Changeover,1060,0.0454,0.0116
2942,2025-11-23,Afternoon,Line C,Product Alpha,1038,33,9,8.35,Surface Defect,,996,0.0318,0.0087
2943,2025-11-23,Night,Line C,Product Beta,984,59,8,75.06,Surface Defect,Changeover,917,0.06,0.0081
2944,2025-11-24,Morning,Line A,Product Delta,1526,71,14,10.61,Surface Defect,,1441,0.0465,0.0092
2945,2025-11-24,Afternoon,Line A,Product Delta,1528,28,6,79.7,Surface Defect,Mechanical Failure,1494,0.0183,0.0039
2946,2025-11-24,Night,Line A,Product Gamma,1436,15,2,76.44,Surface Defect,Maintenance,1419,0.0104,0.0014
2947,2025-11-24,Morning,Line B,Product Gamma,1293,49,6,56.4,Dimensional Error,Maintenance,1238,0.0379,0.0046
2948,2025-11-24,Afternoon,Line B,Product Gamma,1210,56,10,61.18,Coating Defect,Maintenance,1144,0.0463,0.0083
2949,2025-11-24,Night,Line B,Product Beta,1204,30,7,65.53,Dimensional Error,Changeover,1167,0.0249,0.0058
2950,2025-11-24,Morning,Line C,Product Alpha,1223,20,2,26.87,Coating Defect,Mechanical Failure,1201,0.0164,0.0016
2951,2025-11-24,Afternoon,Line C,Product Delta,1121,33,3,13.57,Dimensional Error,,1085,0.0294,0.0027
2952,2025-11-24,Night,Line C,Product Alpha,1090,11,2,57.3,Dimensional Error,Material Shortage,1077,0.0101,0.0018
2953,2025-11-25,Morning,Line A,Product Delta,1439,67,7,42.35,Assembly Error,Quality Issue,1365,0.0466,0.0049
2954,2025-11-25,Afternoon,Line A,Product Beta,1416,63,10,36.42,Assembly Error,Quality Issue,1343,0.0445,0.0071
2955,2025-11-25,Night,Line A,Product Beta,1361,68,17,76.7,Coating Defect,Maintenance,1276,0.05,0.0125
2956,2025-11-25,Morning,Line B,Product Delta,1349,38,8,28.23,Dimensional Error,Mechanical Failure,1303,0.0282,0.0059
2957,2025-11-25,Afternoon,Line B,Product Gamma,1274,14,2,38.54,Coating Defect,Mechanical Failure,1258,0.011,0.0016
2958,2025-11-25,Night,Line B,Product Alpha,1091,50,7,29.88,Dimensional Error,Changeover,1034,0.0458,0.0064
2959,2025-11-25,Morning,Line C,Product Beta,1097,68,18,60.54,Dimensional Error,Changeover,1011,0.062,0.0164
2960,2025-11-25,Afternoon,Line C,Product Delta,1094,59,6,82.19,Assembly Error,Maintenance,1029,0.0539,0.0055
2961,2025-11-25,Night,Line C,Product Beta,1046,52,12,35.75,Dimensional Error,Quality Issue,982,0.0497,0.0115
2962,2025-11-26,Morning,Line A,Product Delta,1487,31,4,15.02,Dimensional Error,Changeover,1452,0.0208,0.0027
2963,2025-11-26,Afternoon,Line A,Product Delta,1536,44,6,45.73,Coating Defect,Material Shortage,1486,0.0286,0.0039
2964,2025-11-26,Night,Line A,Product Beta,1423,33,4,67.25,Assembly Error,Material Shortage,1386,0.0232,0.0028
2965,2025-11-26,Morning,Line B,Product Delta,1362,79,20,48.51,Surface Defect,Maintenance,1263,0.058,0.0147
2966,2025-11-26,Afternoon,Line B,Product Gamma,1313,65,19,31.95,Coating Defect,Maintenance,1229,0.0495,0.0145
2967,2025-11-26,Night,Line B,Product Delta,1157,56,11,50.04,Dimensional Error,Maintenance,1090,0.0484,0.0095
2968,2025-11-26,Morning,Line C,Product Delta,1102,22,4,19.42,Assembly Error,Mechanical Failure,1076,0.02,0.0036
2969,2025-11-26,Afternoon,Line C,Product Alpha,1108,29,3,74.59,Dimensional Error,Quality Issue,1076,0.0262,0.0027
2970,2025-11-26,Night,Line C,Product Delta,1068,66,15,34.11,Assembly Error,Maintenance,987,0.0618,0.014
2971,2025-11-27,Morning,Line A,Product Beta,1505,50,5,61.57,Assembly Error,Changeover,1450,0.0332,0.0033
2972,2025-11-27,Afternoon,Line A,Product Beta,1375,60,14,60.42,Assembly Error,Maintenance,1301,0.0436,0.0102
2973,2025-11-27,Night,Line A,Product Delta,1360,24,6,53.7,Surface Defect,Mechanical Failure,1330,0.0176,0.0044
2974,2025-11-27,Morning,Line B,Product Gamma,1233,47,7,21.27,Dimensional Error,Maintenance,1179,0.0381,0.0057
2975,2025-11-27,Afternoon,Line B,Product Beta,1259,71,17,71.21,Dimensional Error,Maintenance,1171,0.0564,0.0135
2976,2025-11-27,Night,Line B,Product Beta,1150,14,4,73.11,Assembly Error,Mechanical Failure,1132,0.0122,0.0035
2977,2025-11-27,Morning,Line C,Product Beta,1073,56,6,43.65,Dimensional Error,Material Shortage,1011,0.0522,0.0056
2978,2025-11-27,Afternoon,Line C,Product Gamma,1178,37,5,29.4,Assembly Error,Maintenance,1136,0.0314,0.0042
2979,2025-11-27,Night,Line C,Product Delta,1030,13,2,61.76,Assembly Error,Maintenance,1015,0.0126,0.0019
2980,2025-11-28,Morning,Line A,Product Alpha,1576,21,3,48.78,Assembly Error,Quality Issue,1552,0.0133,0.0019
2981,2025-11-28,Afternoon,Line A,Product Delta,1413,76,17,22.22,Assembly Error,Mechanical Failure,1320,0.0538,0.012
2982,2025-11-28,Night,Line A,Product Gamma,1356,11,2,55.8,Assembly Error,Maintenance,1343,0.0081,0.0015
2983,2025-11-28,Morning,Line B,Product Alpha,1217,36,4,8.91,Assembly Error,,1177,0.0296,0.0033
2984,2025-11-28,Afternoon,Line B,Product Delta,1313,25,4,28.54,Dimensional Error,Quality Issue,1284,0.019,0.003
2985,2025-11-28,Night,Line B,Product Alpha,1217,32,4,76.33,Coating Defect,Quality Issue,1181,0.0263,0.0033
2986,2025-11-28,Morning,Line C,Product Alpha,1180,18,3,24.72,Coating Defect,Maintenance,1159,0.0153,0.0025
2987,2025-11-28,Afternoon,Line C,Product Beta,1080,25,4,82.58,Assembly Error,Changeover,1051,0.0231,0.0037
2988,2025-11-28,Night,Line C,Product Beta,1015,18,3,38.36,Surface Defect,Mechanical Failure,994,0.0177,0.003
2989,2025-11-29,Morning,Line A,Product Delta,1545,70,16,50.11,Coating Defect,Quality Issue,1459,0.0453,0.0104
2990,2025-11-29,Afternoon,Line A,Product Delta,1401,41,6,77.7,Assembly Error,Material Shortage,1354,0.0293,0.0043
2991,2025-11-29,Night,Line A,Product Beta,1358,36,6,17.15,Coating Defect,Mechanical Failure,1316,0.0265,0.0044
2992,2025-11-29,Morning,Line B,Product Gamma,1324,31,3,78.58,Dimensional Error,Material Shortage,1290,0.0234,0.0023
2993,2025-11-29,Afternoon,Line B,Product Beta,1227,19,5,46.23,Dimensional Error,Material Shortage,1203,0.0155,0.0041
2994,2025-11-29,Night,Line B,Product Delta,1196,14,1,59.4,Assembly Error,Maintenance,1181,0.0117,0.0008
2995,2025-11-29,Morning,Line C,Product Alpha,1123,23,5,47.01,Coating Defect,Maintenance,1095,0.0205,0.0045
2996,2025-11-29,Afternoon,Line C,Product Alpha,1075,21,2,59.49,Coating Defect,Quality Issue,1052,0.0195,0.0019
2997,2025-11-29,Night,Line C,Product Beta,1061,14,1,40.58,Dimensional Error,Maintenance,1046,0.0132,0.0009
2998,2025-11-30,Morning,Line A,Product Beta,1503,85,25,70.18,Dimensional Error,Quality Issue,1393,0.0566,0.0166
2999,2025-11-30,Afternoon,Line A,Product Delta,1444,86,10,38.26,Assembly Error,Quality Issue,1348,0.0596,0.0069
3000,2025-11-30,Night,Line A,Product Beta,1323,11,2,66.25,Surface Defect,Mechanical Failure,1310,0.0083,0.0015
3001,2025-11-30,Morning,Line B,Product Alpha,1229,48,11,46.46,Surface Defect,Mechanical Failure,1170,0.0391,0.009
3002,2025-11-30,Afternoon,Line B,Product Alpha,1319,61,17,33.77,Assembly Error,Changeover,1241,0.0462,0.0129
3003,2025-11-30,Night,Line B,Product Gamma,1214,41,4,12.04,Dimensional Error,,1169,0.0338,0.0033
3004,2025-11-30,Morning,Line C,Product Alpha,1069,47,11,9.91,Dimensional Error,,1011,0.044,0.0103
3005,2025-11-30,Afternoon,Line C,Product Delta,1057,35,3,21.81,Dimensional Error,Quality Issue,1019,0.0331,0.0028
3006,2025-11-30,Night,Line C,Product Gamma,1024,34,4,42.25,Surface Defect,Quality Issue,986,0.0332,0.0039
3007,2025-12-01,Morning,Line A,Product Alpha,1417,57,17,40.15,Assembly Error,Maintenance,1343,0.0402,0.012
3008,2025-12-01,Afternoon,Line A,Product Delta,1506,91,20,80.58,Surface Defect,Changeover,1395,0.0604,0.0133
3009,2025-12-01,Night,Line A,Product Beta,1359,54,16,42.19,Assembly Error,Quality Issue,1289,0.0397,0.0118
3010,2025-12-01,Morning,Line B,Product Beta,1214,70,9,13.3,Coating Defect,,1135,0.0577,0.0074
3011,2025-12-01,Afternoon,Line B,Product Alpha,1170,57,12,8.8,Surface Defect,,1101,0.0487,0.0103
3012,2025-12-01,Night,Line B,Product Gamma,1119,55,7,56.73,Surface Defect,Maintenance,1057,0.0492,0.0063
3013,2025-12-01,Morning,Line C,Product Alpha,1156,29,7,57.7,Surface Defect,Maintenance,1120,0.0251,0.0061
3014,2025-12-01,Afternoon,Line C,Product Beta,1058,28,3,60.58,Surface Defect,Changeover,1027,0.0265,0.0028
3015,2025-12-01,Night,Line C,Product Alpha,1108,34,6,14.72,Surface Defect,,1068,0.0307,0.0054
3016,2025-12-02,Morning,Line A,Product Gamma,1532,30,4,74.92,Assembly Error,Material Shortage,1498,0.0196,0.0026
3017,2025-12-02,Afternoon,Line A,Product Delta,1459,25,3,66.83,Assembly Error,Maintenance,1431,0.0171,0.0021
3018,2025-12-02,Night,Line A,Product Gamma,1350,35,10,78.27,Surface Defect,Quality Issue,1305,0.0259,0.0074
3019,2025-12-02,Morning,Line B,Product Gamma,1355,44,4,18.32,Dimensional Error,Maintenance,1307,0.0325,0.003
3020,2025-12-02,Afternoon,Line B,Product Beta,1237,47,11,59.13,Surface Defect,Mechanical Failure,1179,0.038,0.0089
3021,2025-12-02,Night,Line B,Product Alpha,1147,55,8,28.08,Assembly Error,Changeover,1084,0.048,0.007
3022,2025-12-02,Morning,Line C,Product Gamma,1052,39,11,33.9,Coating Defect,Mechanical Failure,1002,0.0371,0.0105
3023,2025-12-02,Afternoon,Line C,Product Gamma,1034,24,3,11.27,Coating Defect,,1007,0.0232,0.0029
3024,2025-12-02,Night,Line C,Product Beta,1046,46,13,74.08,Surface Defect,Quality Issue,987,0.044,0.0124
3025,2025-12-03,Morning,Line A,Product Gamma,1549,54,9,68.41,Dimensional Error,Maintenance,1486,0.0349,0.0058
3026,2025-12-03,Afternoon,Line A,Product Beta,1387,76,21,55.59,Assembly Error,Maintenance,1290,0.0548,0.0151
3027,2025-12-03,Night,Line A,Product Gamma,1377,37,5,47.68,Surface Defect,Quality Issue,1335,0.0269,0.0036
3028,2025-12-03,Morning,Line B,Product Delta,1245,59,15,77.61,Coating Defect,Quality Issue,1171,0.0474,0.012
3029,2025-12-03,Afternoon,Line B,Product Alpha,1173,28,3,20.61,Coating Defect,Changeover,1142,0.0239,0.0026
3030,2025-12-03,Night,Line B,Product Gamma,1115,44,9,40.11,Dimensional Error,Changeover,1062,0.0395,0.0081
3031,2025-12-03,Morning,Line C,Product Beta,1170,39,6,72.98,Assembly Error,Changeover,1125,0.0333,0.0051
3032,2025-12-03,Afternoon,Line C,Product Gamma,1094,66,15,12.65,Coating Defect,,1013,0.0603,0.0137
3033,2025-12-03,Night,Line C,Product Alpha,1079,57,11,45.3,Coating Defect,Changeover,1011,0.0528,0.0102
3034,2025-12-04,Morning,Line A,Product Gamma,1530,95,11,73.37,Assembly Error,Quality Issue,1424,0.0621,0.0072
3035,2025-12-04,Afternoon,Line A,Product Gamma,1374,69,13,34.67,Assembly Error,Mechanical Failure,1292,0.0502,0.0095
3036,2025-12-04,Night,Line A,Product Delta,1400,58,9,62.42,Surface Defect,Changeover,1333,0.0414,0.0064
3037,2025-12-04,Morning,Line B,Product Gamma,1208,39,6,60.33,Dimensional Error,Material Shortage,1163,0.0323,0.005
3038,2025-12-04,Afternoon,Line B,Product Alpha,1180,28,4,26.44,Assembly Error,Changeover,1148,0.0237,0.0034
3039,2025-12-04,Night,Line B,Product Gamma,1124,70,6,24.64,Assembly Error,Material Shortage,1048,0.0623,0.0053
3040,2025-12-04,Morning,Line C,Product Alpha,1174,16,1,17.47,Coating Defect,Material Shortage,1157,0.0136,0.0009
3041,2025-12-04,Afternoon,Line C,Product Alpha,1143,25,3,40.99,Coating Defect,Material Shortage,1115,0.0219,0.0026
3042,2025-12-04,Night,Line C,Product Delta,973,33,9,70.12,Dimensional Error,Maintenance,931,0.0339,0.0092
3043,2025-12-05,Morning,Line A,Product Beta,1543,69,13,10.57,Surface Defect,,1461,0.0447,0.0084
3044,2025-12-05,Afternoon,Line A,Product Beta,1419,66,10,11.68,Coating Defect,,1343,0.0465,0.007
3045,2025-12-05,Night,Line A,Product Delta,1357,67,9,66.12,Surface Defect,Changeover,1281,0.0494,0.0066
3046,2025-12-05,Morning,Line B,Product Alpha,1299,19,3,49.25,Coating Defect,Changeover,1277,0.0146,0.0023
3047,2025-12-05,Afternoon,Line B,Product Gamma,1169,53,13,20.45,Dimensional Error,Quality Issue,1103,0.0453,0.0111
3048,2025-12-05,Night,Line B,Product Delta,1241,66,17,28.53,Assembly Error,Maintenance,1158,0.0532,0.0137
3049,2025-12-05,Morning,Line C,Product Alpha,1059,40,12,35.45,Coating Defect,Changeover,1007,0.0378,0.0113
3050,2025-12-05,Afternoon,Line C,Product Delta,1169,61,7,25.94,Dimensional Error,Maintenance,1101,0.0522,0.006
3051,2025-12-05,Night,Line C,Product Alpha,978,55,6,58.43,Coating Defect,Changeover,917,0.0562,0.0061
3052,2025-12-06,Morning,Line A,Product Beta,1448,62,6,22.09,Assembly Error,Changeover,1380,0.0428,0.0041
3053,2025-12-06,Afternoon,Line A,Product Alpha,1446,53,15,73.82,Coating Defect,Material Shortage,1378,0.0367,0.0104
3054,2025-12-06,Night,Line A,Product Beta,1396,80,9,61.11,Coating Defect,Maintenance,1307,0.0573,0.0064
3055,2025-12-06,Morning,Line B,Product Delta,1258,18,4,26.99,Surface Defect,Mechanical Failure,1236,0.0143,0.0032
3056,2025-12-06,Afternoon,Line B,Product Beta,1287,22,2,58.16,Assembly Error,Changeover,1263,0.0171,0.0016
3057,2025-12-06,Night,Line B,Product Gamma,1244,73,20,30.63,Coating Defect,Changeover,1151,0.0587,0.0161
3058,2025-12-06,Morning,Line C,Product Beta,1109,22,4,18.62,Assembly Error,Maintenance,1083,0.0198,0.0036
3059,2025-12-06,Afternoon,Line C,Product Delta,1188,12,1,64.71,Coating Defect,Quality Issue,1175,0.0101,0.0008
3060,2025-12-06,Night,Line C,Product Delta,1006,50,14,58.07,Coating Defect,Quality Issue,942,0.0497,0.0139
3061,2025-12-07,Morning,Line A,Product Delta,1508,37,9,59.6,Dimensional Error,Mechanical Failure,1462,0.0245,0.006
3062,2025-12-07,Afternoon,Line A,Product Gamma,1476,61,14,79.09,Assembly Error,Material Shortage,1401,0.0413,0.0095
3063,2025-12-07,Night,Line A,Product Beta,1314,79,23,39.45,Coating Defect,Quality Issue,1212,0.0601,0.0175
3064,2025-12-07,Morning,Line B,Product Alpha,1301,43,4,69.01,Coating Defect,Maintenance,1254,0.0331,0.0031
3065,2025-12-07,Afternoon,Line B,Product Delta,1280,51,6,67.44,Dimensional Error,Mechanical Failure,1223,0.0398,0.0047
3066,2025-12-07,Night,Line B,Product Beta,1255,13,1,43.98,Coating Defect,Maintenance,1241,0.0104,0.0008
3067,2025-12-07,Morning,Line C,Product Beta,1148,27,7,30.79,Coating Defect,Mechanical Failure,1114,0.0235,0.0061
3068,2025-12-07,Afternoon,Line C,Product Gamma,1104,65,13,76.37,Surface Defect,Mechanical Failure,1026,0.0589,0.0118
3069,2025-12-07,Night,Line C,Product Beta,1056,58,17,22.63,Dimensional Error,Material Shortage,981,0.0549,0.0161
3070,2025-12-08,Morning,Line A,Product Beta,1528,62,18,41.47,Coating Defect,Mechanical Failure,1448,0.0406,0.0118
3071,2025-12-08,Afternoon,Line A,Product Delta,1381,33,7,75.96,Coating Defect,Changeover,1341,0.0239,0.0051
3072,2025-12-08,Night,Line A,Product Alpha,1346,45,4,78.43,Surface Defect,Quality Issue,1297,0.0334,0.003
3073,2025-12-08,Morning,Line B,Product Gamma,1325,25,3,73.42,Dimensional Error,Maintenance,1297,0.0189,0.0023
3074,2025-12-08,Afternoon,Line B,Product Gamma,1189,36,6,41.07,Dimensional Error,Mechanical Failure,1147,0.0303,0.005
3075,2025-12-08,Night,Line B,Product Beta,1226,41,8,50.04,Assembly Error,Maintenance,1177,0.0334,0.0065
3076,2025-12-08,Morning,Line C,Product Alpha,1078,22,2,14.23,Surface Defect,,1054,0.0204,0.0019
3077,2025-12-08,Afternoon,Line C,Product Beta,1063,38,10,14.97,Dimensional Error,,1015,0.0357,0.0094
3078,2025-12-08,Night,Line C,Product Alpha,978,62,17,73.72,Dimensional Error,Material Shortage,899,0.0634,0.0174
3079,2025-12-09,Morning,Line A,Product Alpha,1449,87,17,12.15,Dimensional Error,,1345,0.06,0.0117
3080,2025-12-09,Afternoon,Line A,Product Alpha,1495,36,9,22.46,Surface Defect,Maintenance,1450,0.0241,0.006
3081,2025-12-09,Night,Line A,Product Alpha,1394,36,5,11.33,Dimensional Error,,1353,0.0258,0.0036
3082,2025-12-09,Morning,Line B,Product Alpha,1319,30,7,33.42,Assembly Error,Material Shortage,1282,0.0227,0.0053
3083,2025-12-09,Afternoon,Line B,Product Delta,1321,52,12,48.16,Dimensional Error,Quality Issue,1257,0.0394,0.0091
3084,2025-12-09,Night,Line B,Product Beta,1198,62,12,45.23,Coating Defect,Changeover,1124,0.0518,0.01
3085,2025-12-09,Morning,Line C,Product Gamma,1168,45,5,37.17,Assembly Error,Maintenance,1118,0.0385,0.0043
3086,2025-12-09,Afternoon,Line C,Product Gamma,1133,17,4,78.2,Surface Defect,Changeover,1112,0.015,0.0035
3087,2025-12-09,Night,Line C,Product Delta,1032,19,4,51.6,Surface Defect,Mechanical Failure,1009,0.0184,0.0039
3088,2025-12-10,Morning,Line A,Product Gamma,1497,29,3,26.35,Coating Defect,Quality Issue,1465,0.0194,0.002
3089,2025-12-10,Afternoon,Line A,Product Gamma,1404,33,10,75.93,Dimensional Error,Changeover,1361,0.0235,0.0071
3090,2025-12-10,Night,Line A,Product Delta,1326,77,18,34.53,Dimensional Error,Quality Issue,1231,0.0581,0.0136
3091,2025-12-10,Morning,Line B,Product Delta,1285,15,4,47.38,Surface Defect,Mechanical Failure,1266,0.0117,0.0031
3092,2025-12-10,Afternoon,Line B,Product Gamma,1164,48,6,34.07,Coating Defect,Changeover,1110,0.0412,0.0052
3093,2025-12-10,Night,Line B,Product Delta,1214,20,2,48.79,Dimensional Error,Material Shortage,1192,0.0165,0.0016
3094,2025-12-10,Morning,Line C,Product Beta,1107,19,4,28.33,Surface Defect,Changeover,1084,0.0172,0.0036
3095,2025-12-10,Afternoon,Line C,Product Delta,1161,14,3,56.19,Assembly Error,Maintenance,1144,0.0121,0.0026
3096,2025-12-10,Night,Line C,Product Delta,1033,28,4,20.66,Assembly Error,Quality Issue,1001,0.0271,0.0039
3097,2025-12-11,Morning,Line A,Product Gamma,1451,34,8,75.41,Coating Defect,Material Shortage,1409,0.0234,0.0055
3098,2025-12-11,Afternoon,Line A,Product Delta,1486,91,8,57.49,Surface Defect,Changeover,1387,0.0612,0.0054
3099,2025-12-11,Night,Line A,Product Alpha,1284,13,1,81.82,Surface Defect,Material Shortage,1270,0.0101,0.0008
3100,2025-12-11,Morning,Line B,Product Gamma,1341,73,14,24.4,Dimensional Error,Mechanical Failure,1254,0.0544,0.0104
3101,2025-12-11,Afternoon,Line B,Product Delta,1254,46,7,26.49,Assembly Error,Material Shortage,1201,0.0367,0.0056
3102,2025-12-11,Night,Line B,Product Alpha,1168,72,22,70.12,Surface Defect,Mechanical Failure,1074,0.0616,0.0188
3103,2025-12-11,Morning,Line C,Product Delta,1112,14,4,72.18,Dimensional Error,Material Shortage,1094,0.0126,0.0036
3104,2025-12-11,Afternoon,Line C,Product Gamma,1052,21,5,14.36,Surface Defect,,1026,0.02,0.0048
3105,2025-12-11,Night,Line C,Product Delta,1030,25,4,19.96,Coating Defect,Changeover,1001,0.0243,0.0039
3106,2025-12-12,Morning,Line A,Product Delta,1416,68,8,16.17,Assembly Error,Material Shortage,1340,0.048,0.0056
3107,2025-12-12,Afternoon,Line A,Product Gamma,1448,41,10,65.38,Coating Defect,Mechanical Failure,1397,0.0283,0.0069
3108,2025-12-12,Night,Line A,Product Delta,1294,27,8,79.75,Coating Defect,Mechanical Failure,1259,0.0209,0.0062
3109,2025-12-12,Morning,Line B,Product Gamma,1377,57,15,51.32,Surface Defect,Maintenance,1305,0.0414,0.0109
3110,2025-12-12,Afternoon,Line B,Product Beta,1190,57,10,36.35,Surface Defect,Quality Issue,1123,0.0479,0.0084
3111,2025-12-12,Night,Line B,Product Beta,1204,58,6,71.83,Surface Defect,Quality Issue,1140,0.0482,0.005
3112,2025-12-12,Morning,Line C,Product Delta,1098,43,4,56.09,Surface Defect,Quality Issue,1051,0.0392,0.0036
3113,2025-12-12,Afternoon,Line C,Product Delta,1134,10,2,82.16,Assembly Error,Material Shortage,1122,0.0088,0.0018
3114,2025-12-12,Night,Line C,Product Gamma,956,13,1,68.38,Coating Defect,Quality Issue,942,0.0136,0.001
3115,2025-12-13,Morning,Line A,Product Delta,1408,22,4,19.28,Dimensional Error,Quality Issue,1382,0.0156,0.0028
3116,2025-12-13,Afternoon,Line A,Product Beta,1512,21,5,10.82,Dimensional Error,,1486,0.0139,0.0033
3117,2025-12-13,Night,Line A,Product Beta,1436,76,9,81.78,Assembly Error,Changeover,1351,0.0529,0.0063
3118,2025-12-13,Morning,Line B,Product Alpha,1277,12,3,68.8,Surface Defect,Material Shortage,1262,0.0094,0.0023
3119,2025-12-13,Afternoon,Line B,Product Beta,1279,43,8,42.51,Dimensional Error,Material Shortage,1228,0.0336,0.0063
3120,2025-12-13,Night,Line B,Product Alpha,1093,38,9,80.22,Assembly Error,Mechanical Failure,1046,0.0348,0.0082
3121,2025-12-13,Morning,Line C,Product Alpha,1045,58,16,12.3,Dimensional Error,,971,0.0555,0.0153
3122,2025-12-13,Afternoon,Line C,Product Gamma,1079,51,14,51.15,Coating Defect,Changeover,1014,0.0473,0.013
3123,2025-12-13,Night,Line C,Product Gamma,1077,66,19,36.41,Surface Defect,Changeover,992,0.0613,0.0176
3124,2025-12-14,Morning,Line A,Product Beta,1557,22,2,39.79,Surface Defect,Maintenance,1533,0.0141,0.0013
3125,2025-12-14,Afternoon,Line A,Product Alpha,1527,57,12,37.34,Surface Defect,Changeover,1458,0.0373,0.0079
3126,2025-12-14,Night,Line A,Product Beta,1364,72,19,36.93,Surface Defect,Maintenance,1273,0.0528,0.0139
3127,2025-12-14,Morning,Line B,Product Delta,1338,35,9,68.36,Assembly Error,Changeover,1294,0.0262,0.0067
3128,2025-12-14,Afternoon,Line B,Product Delta,1165,39,10,68.49,Coating Defect,Mechanical Failure,1116,0.0335,0.0086
3129,2025-12-14,Night,Line B,Product Alpha,1168,66,17,49.7,Dimensional Error,Material Shortage,1085,0.0565,0.0146
3130,2025-12-14,Morning,Line C,Product Beta,1138,59,8,14.56,Surface Defect,,1071,0.0518,0.007
3131,2025-12-14,Afternoon,Line C,Product Alpha,1056,49,7,34.17,Surface Defect,Material Shortage,1000,0.0464,0.0066
3132,2025-12-14,Night,Line C,Product Delta,1060,29,4,16.31,Dimensional Error,Maintenance,1027,0.0274,0.0038
3133,2025-12-15,Morning,Line A,Product Delta,1567,82,24,8.89,Assembly Error,,1461,0.0523,0.0153
3134,2025-12-15,Afternoon,Line A,Product Beta,1385,82,18,45.24,Surface Defect,Material Shortage,1285,0.0592,0.013
3135,2025-12-15,Night,Line A,Product Beta,1306,52,8,48.65,Assembly Error,Changeover,1246,0.0398,0.0061
3136,2025-12-15,Morning,Line B,Product Gamma,1324,45,12,12.83,Assembly Error,,1267,0.034,0.0091
3137,2025-12-15,Afternoon,Line B,Product Beta,1280,26,7,71.33,Coating Defect,Changeover,1247,0.0203,0.0055
3138,2025-12-15,Night,Line B,Product Delta,1095,26,3,56.9,Dimensional Error,Quality Issue,1066,0.0237,0.0027
3139,2025-12-15,Morning,Line C,Product Alpha,1147,70,8,26.0,Coating Defect,Mechanical Failure,1069,0.061,0.007
3140,2025-12-15,Afternoon,Line C,Product Gamma,1190,28,7,75.7,Dimensional Error,Quality Issue,1155,0.0235,0.0059
3141,2025-12-15,Night,Line C,Product Beta,1106,57,8,61.01,Coating Defect,Mechanical Failure,1041,0.0515,0.0072
3142,2025-12-16,Morning,Line A,Product Delta,1542,76,9,69.4,Dimensional Error,Mechanical Failure,1457,0.0493,0.0058
3143,2025-12-16,Afternoon,Line A,Product Delta,1476,62,8,33.11,Dimensional Error,Quality Issue,1406,0.042,0.0054
3144,2025-12-16,Night,Line A,Product Alpha,1321,23,6,37.54,Assembly Error,Material Shortage,1292,0.0174,0.0045
3145,2025-12-16,Morning,Line B,Product Delta,1372,17,5,73.83,Dimensional Error,Maintenance,1350,0.0124,0.0036
3146,2025-12-16,Afternoon,Line B,Product Gamma,1302,16,2,17.0,Surface Defect,Material Shortage,1284,0.0123,0.0015
3147,2025-12-16,Night,Line B,Product Beta,1236,59,16,81.54,Dimensional Error,Maintenance,1161,0.0477,0.0129
3148,2025-12-16,Morning,Line C,Product Beta,1060,20,4,35.27,Dimensional Error,Changeover,1036,0.0189,0.0038
3149,2025-12-16,Afternoon,Line C,Product Beta,1037,23,7,68.88,Assembly Error,Maintenance,1007,0.0222,0.0068
3150,2025-12-16,Night,Line C,Product Alpha,984,60,8,63.19,Coating Defect,Maintenance,916,0.061,0.0081
3151,2025-12-17,Morning,Line A,Product Delta,1527,47,5,23.46,Coating Defect,Mechanical Failure,1475,0.0308,0.0033
3152,2025-12-17,Afternoon,Line A,Product Alpha,1463,59,11,43.99,Assembly Error,Material Shortage,1393,0.0403,0.0075
3153,2025-12-17,Night,Line A,Product Gamma,1420,32,8,22.38,Assembly Error,Mechanical Failure,1380,0.0225,0.0056
3154,2025-12-17,Morning,Line B,Product Gamma,1270,15,2,67.43,Coating Defect,Material Shortage,1253,0.0118,0.0016
3155,2025-12-17,Afternoon,Line B,Product Beta,1187,14,3,58.59,Surface Defect,Quality Issue,1170,0.0118,0.0025
3156,2025-12-17,Night,Line B,Product Alpha,1154,37,7,73.32,Surface Defect,Maintenance,1110,0.0321,0.0061
3157,2025-12-17,Morning,Line C,Product Delta,1199,13,2,21.36,Surface Defect,Material Shortage,1184,0.0108,0.0017
3158,2025-12-17,Afternoon,Line C,Product Gamma,1107,9,2,57.93,Dimensional Error,Mechanical Failure,1096,0.0081,0.0018
3159,2025-12-17,Night,Line C,Product Gamma,1087,62,7,39.73,Dimensional Error,Changeover,1018,0.057,0.0064
3160,2025-12-18,Morning,Line A,Product Gamma,1409,44,13,54.33,Assembly Error,Maintenance,1352,0.0312,0.0092
3161,2025-12-18,Afternoon,Line A,Product Alpha,1534,71,18,27.58,Dimensional Error,Quality Issue,1445,0.0463,0.0117
3162,2025-12-18,Night,Line A,Product Alpha,1372,49,5,37.4,Dimensional Error,Material Shortage,1318,0.0357,0.0036
3163,2025-12-18,Morning,Line B,Product Alpha,1210,39,7,53.3,Surface Defect,Mechanical Failure,1164,0.0322,0.0058
3164,2025-12-18,Afternoon,Line B,Product Beta,1328,50,9,52.55,Coating Defect,Changeover,1269,0.0377,0.0068
3165,2025-12-18,Night,Line B,Product Alpha,1112,66,5,51.05,Dimensional Error,Material Shortage,1041,0.0594,0.0045
3166,2025-12-18,Morning,Line C,Product Alpha,1151,39,12,81.58,Surface Defect,Mechanical Failure,1100,0.0339,0.0104
3167,2025-12-18,Afternoon,Line C,Product Delta,1085,22,5,61.4,Surface Defect,Quality Issue,1058,0.0203,0.0046
3168,2025-12-18,Night,Line C,Product Gamma,1063,15,3,51.33,Coating Defect,Maintenance,1045,0.0141,0.0028
3169,2025-12-19,Morning,Line A,Product Beta,1470,81,20,66.46,Coating Defect,Maintenance,1369,0.0551,0.0136
3170,2025-12-19,Afternoon,Line A,Product Alpha,1392,23,2,59.07,Coating Defect,Mechanical Failure,1367,0.0165,0.0014
3171,2025-12-19,Night,Line A,Product Alpha,1424,56,16,10.21,Coating Defect,,1352,0.0393,0.0112
3172,2025-12-19,Morning,Line B,Product Delta,1275,66,7,9.07,Coating Defect,,1202,0.0518,0.0055
3173,2025-12-19,Afternoon,Line B,Product Beta,1231,15,4,65.73,Assembly Error,Quality Issue,1212,0.0122,0.0032
3174,2025-12-19,Night,Line B,Product Beta,1249,15,4,79.47,Dimensional Error,Mechanical Failure,1230,0.012,0.0032
3175,2025-12-19,Morning,Line C,Product Gamma,1065,24,2,49.01,Dimensional Error,Maintenance,1039,0.0225,0.0019
3176,2025-12-19,Afternoon,Line C,Product Gamma,1124,47,5,51.95,Dimensional Error,Changeover,1072,0.0418,0.0044
3177,2025-12-19,Night,Line C,Product Gamma,1010,42,13,37.25,Coating Defect,Maintenance,955,0.0416,0.0129
3178,2025-12-20,Morning,Line A,Product Beta,1582,34,8,32.39,Dimensional Error,Changeover,1540,0.0215,0.0051
3179,2025-12-20,Afternoon,Line A,Product Alpha,1407,70,13,57.1,Coating Defect,Quality Issue,1324,0.0498,0.0092
3180,2025-12-20,Night,Line A,Product Delta,1370,69,6,60.8,Dimensional Error,Material Shortage,1295,0.0504,0.0044
3181,2025-12-20,Morning,Line B,Product Gamma,1338,58,13,78.57,Surface Defect,Quality Issue,1267,0.0433,0.0097
3182,2025-12-20,Afternoon,Line B,Product Beta,1218,71,14,79.25,Coating Defect,Maintenance,1133,0.0583,0.0115
3183,2025-12-20,Night,Line B,Product Beta,1090,31,8,48.18,Surface Defect,Mechanical Failure,1051,0.0284,0.0073
3184,2025-12-20,Morning,Line C,Product Alpha,1122,28,7,66.52,Coating Defect,Changeover,1087,0.025,0.0062
3185,2025-12-20,Afternoon,Line C,Product Alpha,1015,55,16,69.22,Surface Defect,Maintenance,944,0.0542,0.0158
3186,2025-12-20,Night,Line C,Product Beta,1070,22,4,19.2,Dimensional Error,Changeover,1044,0.0206,0.0037
3187,2025-12-21,Morning,Line A,Product Beta,1574,56,14,78.28,Dimensional Error,Changeover,1504,0.0356,0.0089
3188,2025-12-21,Afternoon,Line A,Product Gamma,1529,75,17,32.75,Assembly Error,Changeover,1437,0.0491,0.0111
3189,2025-12-21,Night,Line A,Product Gamma,1372,17,3,70.55,Coating Defect,Quality Issue,1352,0.0124,0.0022
3190,2025-12-21,Morning,Line B,Product Beta,1318,14,4,12.85,Surface Defect,,1300,0.0106,0.003
3191,2025-12-21,Afternoon,Line B,Product Gamma,1308,49,13,44.34,Coating Defect,Material Shortage,1246,0.0375,0.0099
3192,2025-12-21,Night,Line B,Product Delta,1105,16,4,50.92,Surface Defect,Quality Issue,1085,0.0145,0.0036
3193,2025-12-21,Morning,Line C,Product Beta,1069,34,7,79.1,Surface Defect,Quality Issue,1028,0.0318,0.0065
3194,2025-12-21,Afternoon,Line C,Product Alpha,1013,45,13,56.98,Surface Defect,Material Shortage,955,0.0444,0.0128
3195,2025-12-21,Night,Line C,Product Delta,1012,12,2,62.8,Surface Defect,Maintenance,998,0.0119,0.002
3196,2025-12-22,Morning,Line A,Product Delta,1534,67,11,82.57,Surface Defect,Maintenance,1456,0.0437,0.0072
3197,2025-12-22,Afternoon,Line A,Product Beta,1471,37,5,80.4,Dimensional Error,Mechanical Failure,1429,0.0252,0.0034
3198,2025-12-22,Night,Line A,Product Gamma,1298,12,3,57.15,Coating Defect,Changeover,1283,0.0092,0.0023
3199,2025-12-22,Morning,Line B,Product Gamma,1369,42,12,12.47,Surface Defect,,1315,0.0307,0.0088
3200,2025-12-22,Afternoon,Line B,Product Gamma,1244,60,14,31.2,Surface Defect,Quality Issue,1170,0.0482,0.0113
3201,2025-12-22,Night,Line B,Product Alpha,1108,59,9,17.48,Dimensional Error,Maintenance,1040,0.0532,0.0081
3202,2025-12-22,Morning,Line C,Product Beta,1049,19,4,15.96,Coating Defect,Mechanical Failure,1026,0.0181,0.0038
3203,2025-12-22,Afternoon,Line C,Product Beta,1114,69,16,64.36,Dimensional Error,Maintenance,1029,0.0619,0.0144
3204,2025-12-22,Night,Line C,Product Beta,1064,20,6,64.82,Dimensional Error,Maintenance,1038,0.0188,0.0056
3205,2025-12-23,Morning,Line A,Product Alpha,1509,38,6,39.69,Coating Defect,Maintenance,1465,0.0252,0.004
3206,2025-12-23,Afternoon,Line A,Product Delta,1529,29,3,29.04,Surface Defect,Mechanical Failure,1497,0.019,0.002
3207,2025-12-23,Night,Line A,Product Gamma,1393,24,3,63.15,Dimensional Error,Quality Issue,1366,0.0172,0.0022
3208,2025-12-23,Morning,Line B,Product Beta,1264,56,5,66.59,Surface Defect,Material Shortage,1203,0.0443,0.004
3209,2025-12-23,Afternoon,Line B,Product Gamma,1201,20,4,37.55,Dimensional Error,Mechanical Failure,1177,0.0167,0.0033
3210,2025-12-23,Night,Line B,Product Gamma,1242,47,6,73.3,Surface Defect,Material Shortage,1189,0.0378,0.0048
3211,2025-12-23,Morning,Line C,Product Alpha,1215,56,5,56.96,Surface Defect,Material Shortage,1154,0.0461,0.0041
3212,2025-12-23,Afternoon,Line C,Product Alpha,1044,37,9,56.58,Surface Defect,Changeover,998,0.0354,0.0086
3213,2025-12-23,Night,Line C,Product Delta,948,12,2,13.47,Coating Defect,,934,0.0127,0.0021
3214,2025-12-24,Morning,Line A,Product Alpha,1424,39,11,59.49,Coating Defect,Changeover,1374,0.0274,0.0077
3215,2025-12-24,Afternoon,Line A,Product Alpha,1530,24,5,41.09,Surface Defect,Material Shortage,1501,0.0157,0.0033
3216,2025-12-24,Night,Line A,Product Gamma,1278,27,3,18.02,Coating Defect,Material Shortage,1248,0.0211,0.0023
3217,2025-12-24,Morning,Line B,Product Gamma,1341,17,4,31.7,Surface Defect,Mechanical Failure,1320,0.0127,0.003
3218,2025-12-24,Afternoon,Line B,Product Delta,1333,61,10,16.04,Assembly Error,Changeover,1262,0.0458,0.0075
3219,2025-12-24,Night,Line B,Product Alpha,1245,63,15,64.57,Dimensional Error,Maintenance,1167,0.0506,0.012
3220,2025-12-24,Morning,Line C,Product Gamma,1094,36,8,72.55,Surface Defect,Maintenance,1050,0.0329,0.0073
3221,2025-12-24,Afternoon,Line C,Product Gamma,1099,64,10,15.7,Surface Defect,Maintenance,1025,0.0582,0.0091
3222,2025-12-24,Night,Line C,Product Beta,998,61,16,64.48,Assembly Error,Quality Issue,921,0.0611,0.016
3223,2025-12-25,Morning,Line A,Product Delta,1460,78,9,53.84,Dimensional Error,Maintenance,1373,0.0534,0.0062
3224,2025-12-25,Afternoon,Line A,Product Gamma,1378,51,14,40.08,Dimensional Error,Mechanical Failure,1313,0.037,0.0102
3225,2025-12-25,Night,Line A,Product Gamma,1349,25,5,47.5,Surface Defect,Changeover,1319,0.0185,0.0037
3226,2025-12-25,Morning,Line B,Product Gamma,1291,40,12,60.17,Assembly Error,Quality Issue,1239,0.031,0.0093
3227,2025-12-25,Afternoon,Line B,Product Alpha,1179,27,5,61.34,Coating Defect,Material Shortage,1147,0.0229,0.0042
3228,2025-12-25,Night,Line B,Product Alpha,1199,41,4,50.5,Surface Defect,Material Shortage,1154,0.0342,0.0033
3229,2025-12-25,Morning,Line C,Product Gamma,1071,34,8,60.21,Coating Defect,Changeover,1029,0.0317,0.0075
3230,2025-12-25,Afternoon,Line C,Product Delta,1090,10,3,68.94,Dimensional Error,Mechanical Failure,1077,0.0092,0.0028
3231,2025-12-25,Night,Line C,Product Beta,1109,19,4,16.76,Coating Defect,Material Shortage,1086,0.0171,0.0036
3232,2025-12-26,Morning,Line A,Product Alpha,1504,57,15,33.6,Dimensional Error,Mechanical Failure,1432,0.0379,0.01
3233,2025-12-26,Afternoon,Line A,Product Alpha,1459,83,13,50.46,Assembly Error,Changeover,1363,0.0569,0.0089
3234,2025-12-26,Night,Line A,Product Delta,1352,42,10,14.63,Coating Defect,,1300,0.0311,0.0074
3235,2025-12-26,Morning,Line B,Product Delta,1320,21,4,20.71,Assembly Error,Material Shortage,1295,0.0159,0.003
3236,2025-12-26,Afternoon,Line B,Product Alpha,1284,51,5,23.49,Dimensional Error,Mechanical Failure,1228,0.0397,0.0039
3237,2025-12-26,Night,Line B,Product Delta,1144,19,4,45.92,Assembly Error,Quality Issue,1121,0.0166,0.0035
3238,2025-12-26,Morning,Line C,Product Delta,1132,45,8,40.78,Assembly Error,Quality Issue,1079,0.0398,0.0071
3239,2025-12-26,Afternoon,Line C,Product Alpha,1084,30,9,69.25,Surface Defect,Quality Issue,1045,0.0277,0.0083
3240,2025-12-26,Night,Line C,Product Delta,977,52,6,62.82,Surface Defect,Material Shortage,919,0.0532,0.0061
3241,2025-12-27,Morning,Line A,Product Delta,1529,65,17,42.1,Coating Defect,Maintenance,1447,0.0425,0.0111
3242,2025-12-27,Afternoon,Line A,Product Gamma,1486,92,27,80.58,Surface Defect,Material Shortage,1367,0.0619,0.0182
3243,2025-12-27,Night,Line A,Product Delta,1302,74,14,55.79,Assembly Error,Maintenance,1214,0.0568,0.0108
3244,2025-12-27,Morning,Line B,Product Alpha,1257,46,13,50.83,Surface Defect,Quality Issue,1198,0.0366,0.0103
3245,2025-12-27,Afternoon,Line B,Product Alpha,1328,50,6,20.62,Assembly Error,Material Shortage,1272,0.0377,0.0045
3246,2025-12-27,Night,Line B,Product Gamma,1174,43,5,69.86,Dimensional Error,Material Shortage,1126,0.0366,0.0043
3247,2025-12-27,Morning,Line C,Product Gamma,1048,36,10,52.6,Dimensional Error,Material Shortage,1002,0.0344,0.0095
3248,2025-12-27,Afternoon,Line C,Product Alpha,1121,68,16,23.69,Surface Defect,Mechanical Failure,1037,0.0607,0.0143
3249,2025-12-27,Night,Line C,Product Beta,1095,17,4,68.93,Dimensional Error,Maintenance,1074,0.0155,0.0037
3250,2025-12-28,Morning,Line A,Product Beta,1451,58,8,77.06,Dimensional Error,Changeover,1385,0.04,0.0055
3251,2025-12-28,Afternoon,Line A,Product Gamma,1384,49,5,67.88,Coating Defect,Maintenance,1330,0.0354,0.0036
3252,2025-12-28,Night,Line A,Product Gamma,1300,11,2,19.81,Dimensional Error,Maintenance,1287,0.0085,0.0015
3253,2025-12-28,Morning,Line B,Product Gamma,1297,77,8,61.45,Assembly Error,Changeover,1212,0.0594,0.0062
3254,2025-12-28,Afternoon,Line B,Product Delta,1313,52,5,76.34,Coating Defect,Changeover,1256,0.0396,0.0038
3255,2025-12-28,Night,Line B,Product Alpha,1092,54,10,18.01,Assembly Error,Material Shortage,1028,0.0495,0.0092
3256,2025-12-28,Morning,Line C,Product Delta,1050,38,8,25.17,Surface Defect,Changeover,1004,0.0362,0.0076
3257,2025-12-28,Afternoon,Line C,Product Beta,1083,24,4,26.12,Dimensional Error,Quality Issue,1055,0.0222,0.0037
3258,2025-12-28,Night,Line C,Product Beta,1039,23,6,81.61,Assembly Error,Changeover,1010,0.0221,0.0058
3259,2025-12-29,Morning,Line A,Product Beta,1445,24,5,38.04,Surface Defect,Maintenance,1416,0.0166,0.0035
3260,2025-12-29,Afternoon,Line A,Product Alpha,1424,19,5,41.46,Coating Defect,Material Shortage,1400,0.0133,0.0035
3261,2025-12-29,Night,Line A,Product Beta,1443,23,5,35.17,Dimensional Error,Maintenance,1415,0.0159,0.0035
3262,2025-12-29,Morning,Line B,Product Gamma,1374,26,3,27.74,Dimensional Error,Mechanical Failure,1345,0.0189,0.0022
3263,2025-12-29,Afternoon,Line B,Product Alpha,1304,66,12,32.19,Coating Defect,Material Shortage,1226,0.0506,0.0092
3264,2025-12-29,Night,Line B,Product Beta,1210,62,14,74.24,Coating Defect,Material Shortage,1134,0.0512,0.0116
3265,2025-12-29,Morning,Line C,Product Beta,1092,11,2,69.04,Coating Defect,Mechanical Failure,1079,0.0101,0.0018
3266,2025-12-29,Afternoon,Line C,Product Delta,1029,59,16,30.72,Dimensional Error,Changeover,954,0.0573,0.0155
3267,2025-12-29,Night,Line C,Product Alpha,996,52,12,10.23,Assembly Error,,932,0.0522,0.012
3268,2025-12-30,Morning,Line A,Product Delta,1560,75,21,55.78,Coating Defect,Maintenance,1464,0.0481,0.0135
3269,2025-12-30,Afternoon,Line A,Product Alpha,1455,82,14,23.3,Dimensional Error,Mechanical Failure,1359,0.0564,0.0096
3270,2025-12-30,Night,Line A,Product Beta,1445,56,9,69.16,Assembly Error,Maintenance,1380,0.0388,0.0062
3271,2025-12-30,Morning,Line B,Product Delta,1376,29,7,68.66,Assembly Error,Mechanical Failure,1340,0.0211,0.0051
3272,2025-12-30,Afternoon,Line B,Product Alpha,1167,33,5,51.35,Dimensional Error,Material Shortage,1129,0.0283,0.0043
3273,2025-12-30,Night,Line B,Product Beta,1181,51,5,74.62,Coating Defect,Material Shortage,1125,0.0432,0.0042
3274,2025-12-30,Morning,Line C,Product Gamma,1154,29,4,72.39,Surface Defect,Mechanical Failure,1121,0.0251,0.0035
3275,2025-12-30,Afternoon,Line C,Product Gamma,1177,17,5,56.45,Surface Defect,Changeover,1155,0.0144,0.0042
3276,2025-12-30,Night,Line C,Product Delta,998,31,6,34.64,Assembly Error,Material Shortage,961,0.0311,0.006
3277,2025-12-31,Morning,Line A,Product Gamma,1467,67,8,78.94,Coating Defect,Maintenance,1392,0.0457,0.0055
3278,2025-12-31,Afternoon,Line A,Product Beta,1393,65,15,24.52,Assembly Error,Maintenance,1313,0.0467,0.0108
3279,2025-12-31,Night,Line A,Product Alpha,1389,47,8,79.13,Coating Defect,Material Shortage,1334,0.0338,0.0058
3280,2025-12-31,Morning,Line B,Product Gamma,1238,60,18,36.61,Surface Defect,Material Shortage,1160,0.0485,0.0145
3281,2025-12-31,Afternoon,Line B,Product Gamma,1288,24,2,53.06,Dimensional Error,Changeover,1262,0.0186,0.0016
3282,2025-12-31,Night,Line B,Product Delta,1183,52,13,58.53,Assembly Error,Quality Issue,1118,0.044,0.011
3283,2025-12-31,Morning,Line C,Product Alpha,1176,46,11,42.49,Coating Defect,Maintenance,1119,0.0391,0.0094
3284,2025-12-31,Afternoon,Line C,Product Delta,1094,33,7,36.02,Dimensional Error,Quality Issue,1054,0.0302,0.0064
3285,2025-12-31,Night,Line C,Product Delta,1045,38,6,60.5,Assembly Error,Material Shortage,1001,0.0364,0.0057
